state,Date,C_policy_mean,E_policy_mean,H_policy_mean,overall_policy_intensity,policy_intensity_level
Australian Capital Territory,2020-01-01,0.0,0.0,0.0,0.0,low
Australian Capital Territory,2020-01-02,0.0,0.0,0.0,0.0,low
Australian Capital Territory,2020-01-03,0.0,0.0,0.0,0.0,low
Australian Capital Territory,2020-01-04,0.0,0.0,0.0,0.0,low
Australian Capital Territory,2020-01-05,0.0,0.0,0.0,0.0,low
Australian Capital Territory,2020-01-06,0.0,0.0,0.0,0.0,low
Australian Capital Territory,2020-01-07,0.0,0.0,0.0,0.0,low
Australian Capital Territory,2020-01-08,0.0,0.0,0.0,0.0,low
Australian Capital Territory,2020-01-09,0.0,0.0,0.0,0.0,low
Australian Capital Territory,2020-01-10,0.0,0.0,0.0,0.0,low
Australian Capital Territory,2020-01-11,0.0,0.0,0.0,0.0,low
Australian Capital Territory,2020-01-12,0.0,0.0,0.0,0.0,low
Australian Capital Territory,2020-01-13,0.0,0.0,0.0,0.0,low
Australian Capital Territory,2020-01-14,0.0,0.0,0.0,0.0,low
Australian Capital Territory,2020-01-15,0.0,0.0,0.0,0.0,low
Australian Capital Territory,2020-01-16,0.0,0.0,0.0,0.0,low
Australian Capital Territory,2020-01-17,0.0,0.0,0.0,0.0,low
Australian Capital Territory,2020-01-18,0.0,0.0,0.0,0.0,low
Australian Capital Territory,2020-01-19,0.0,0.0,0.0,0.0,low
Australian Capital Territory,2020-01-20,0.0,0.0,0.0,0.0,low
Australian Capital Territory,2020-01-21,0.0,0.0,0.0,0.0,low
Australian Capital Territory,2020-01-22,0.0,0.0,0.0,0.0,low
Australian Capital Territory,2020-01-23,0.0,0.0,0.0,0.0,low
Australian Capital Territory,2020-01-24,0.0,0.0,0.0,0.0,low
Australian Capital Territory,2020-01-25,0.0,0.0,0.0,0.0,low
Australian Capital Territory,2020-01-26,0.0,0.0,0.0,0.0,low
Australian Capital Territory,2020-01-27,0.0,0.0,0.0,0.0,low
Australian Capital Territory,2020-01-28,0.0,0.0,0.0,0.0,low
Australian Capital Territory,2020-01-29,0.0,0.0,0.0,0.0,low
Australian Capital Territory,2020-01-30,0.0,0.0,0.0,0.0,low
Australian Capital Territory,2020-01-31,0.0,0.0,0.0,0.0,low
Australian Capital Territory,2020-02-01,0.5357,0.0,0.0,0.1786,low
Australian Capital Territory,2020-02-02,0.5357,0.0,0.0,0.1786,low
Australian Capital Territory,2020-02-03,0.5357,0.0,0.0,0.1786,low
Australian Capital Territory,2020-02-04,0.5357,0.0,0.0,0.1786,low
Australian Capital Territory,2020-02-05,0.5357,0.0,0.0,0.1786,low
Australian Capital Territory,2020-02-06,0.5357,0.0,0.0,0.1786,low
Australian Capital Territory,2020-02-07,0.5357,0.0,0.0,0.1786,low
Australian Capital Territory,2020-02-08,0.5357,0.0,0.0,0.1786,low
Australian Capital Territory,2020-02-09,0.5357,0.0,0.0,0.1786,low
Australian Capital Territory,2020-02-10,0.5357,0.0,0.0,0.1786,low
Australian Capital Territory,2020-02-11,0.5357,0.0,0.0,0.1786,low
Australian Capital Territory,2020-02-12,0.5357,0.0,0.0,0.1786,low
Australian Capital Territory,2020-02-13,0.5357,0.0,0.0,0.1786,low
Australian Capital Territory,2020-02-14,0.5357,0.0,0.0,0.1786,low
Australian Capital Territory,2020-02-15,0.5357,0.0,0.0,0.1786,low
Australian Capital Territory,2020-02-16,0.5357,0.0,0.0,0.1786,low
Australian Capital Territory,2020-02-17,0.5357,0.0,0.0,0.1786,low
Australian Capital Territory,2020-02-18,0.5357,0.0,0.0,0.1786,low
Australian Capital Territory,2020-02-19,0.5357,0.0,0.0,0.1786,low
Australian Capital Territory,2020-02-20,0.5357,0.0,0.0,0.1786,low
Australian Capital Territory,2020-02-21,0.5357,0.0,0.0,0.1786,low
Australian Capital Territory,2020-02-22,0.5357,0.0,0.0,0.1786,low
Australian Capital Territory,2020-02-23,0.5357,0.0,0.0,0.1786,low
Australian Capital Territory,2020-02-24,0.5357,0.0,0.0,0.1786,low
Australian Capital Territory,2020-02-25,0.5357,0.0,0.0,0.1786,low
Australian Capital Territory,2020-02-26,0.5357,0.0,0.0,0.1786,low
Australian Capital Territory,2020-02-27,0.5357,0.0,0.0,0.1786,low
Australian Capital Territory,2020-02-28,0.5357,0.0,0.0,0.1786,low
Australian Capital Territory,2020-02-29,0.5357,0.0,0.0,0.1786,low
Australian Capital Territory,2020-03-01,0.5357,0.0,1.9444,0.8267,low
Australian Capital Territory,2020-03-02,0.5357,0.0,1.9444,0.8267,low
Australian Capital Territory,2020-03-03,0.5357,0.0,1.9444,0.8267,low
Australian Capital Territory,2020-03-04,0.5357,0.0,1.9444,0.8267,low
Australian Capital Territory,2020-03-05,0.5357,0.0,1.9444,0.8267,low
Australian Capital Territory,2020-03-06,0.5357,0.0,1.9444,0.8267,low
Australian Capital Territory,2020-03-07,0.5357,0.0,1.9444,0.8267,low
Australian Capital Territory,2020-03-08,0.5357,0.0,1.9444,0.8267,low
Australian Capital Territory,2020-03-09,0.5357,0.0,1.9444,0.8267,low
Australian Capital Territory,2020-03-10,0.5357,0.0,1.9444,0.8267,low
Australian Capital Territory,2020-03-11,0.5357,0.0,1.9444,0.8267,low
Australian Capital Territory,2020-03-12,0.5357,0.0,1.9444,0.8267,low
Australian Capital Territory,2020-03-13,0.5357,0.0,1.9444,0.8267,low
Australian Capital Territory,2020-03-14,0.5357,0.0,1.9444,0.8267,low
Australian Capital Territory,2020-03-15,1.0714,0.0,1.9444,1.0053,low
Australian Capital Territory,2020-03-16,1.3095,0.0,1.9444,1.0846,low
Australian Capital Territory,2020-03-17,1.6667,0.0,2.5,1.3889,low
Australian Capital Territory,2020-03-18,1.6667,0.0,2.5,1.3889,low
Australian Capital Territory,2020-03-19,1.6667,0.0,2.5,1.3889,low
Australian Capital Territory,2020-03-20,1.8452,1.25,2.5,1.8651,low
Australian Capital Territory,2020-03-21,1.8452,1.25,2.5,1.8651,low
Australian Capital Territory,2020-03-22,2.2024,1.25,2.5,1.9841,low
Australian Capital Territory,2020-03-23,3.1548,1.25,2.7778,2.3942,medium
Australian Capital Territory,2020-03-24,3.631,1.25,2.7778,2.5529,medium
Australian Capital Territory,2020-03-25,3.631,1.25,2.7778,2.5529,medium
Australian Capital Territory,2020-03-26,4.0476,1.25,2.7778,2.6918,medium
Australian Capital Territory,2020-03-27,4.0476,1.25,2.7778,2.6918,medium
Australian Capital Territory,2020-03-28,4.0476,1.25,2.7778,2.6918,medium
Australian Capital Territory,2020-03-29,4.4048,1.25,2.7778,2.8109,medium
Australian Capital Territory,2020-03-30,4.4048,3.75,2.7778,3.6442,high
Australian Capital Territory,2020-03-31,4.4048,3.75,2.7778,3.6442,high
Australian Capital Territory,2020-04-01,4.4048,3.75,2.7778,3.6442,high
Australian Capital Territory,2020-04-02,4.4048,3.75,2.7778,3.6442,high
Australian Capital Territory,2020-04-03,4.4048,3.75,2.7778,3.6442,high
Australian Capital Territory,2020-04-04,4.4048,3.75,2.7778,3.6442,high
Australian Capital Territory,2020-04-05,4.4048,3.75,2.7778,3.6442,high
Australian Capital Territory,2020-04-06,4.4048,3.75,2.7778,3.6442,high
Australian Capital Territory,2020-04-07,4.4048,3.75,2.7778,3.6442,high
Australian Capital Territory,2020-04-08,4.4048,3.75,2.7778,3.6442,high
Australian Capital Territory,2020-04-09,4.4048,3.75,2.7778,3.6442,high
Australian Capital Territory,2020-04-10,4.4048,3.75,2.7778,3.6442,high
Australian Capital Territory,2020-04-11,4.4048,3.75,2.7778,3.6442,high
Australian Capital Territory,2020-04-12,4.4048,3.75,2.7778,3.6442,high
Australian Capital Territory,2020-04-13,4.4048,3.75,2.7778,3.6442,high
Australian Capital Territory,2020-04-14,4.4048,3.75,2.7778,3.6442,high
Australian Capital Territory,2020-04-15,4.4048,3.75,2.7778,3.6442,high
Australian Capital Territory,2020-04-16,4.4048,3.75,2.7778,3.6442,high
Australian Capital Territory,2020-04-17,4.4048,3.75,2.7778,3.6442,high
Australian Capital Territory,2020-04-18,4.4048,3.75,2.7778,3.6442,high
Australian Capital Territory,2020-04-19,4.4048,3.75,2.7778,3.6442,high
Australian Capital Territory,2020-04-20,4.4048,3.75,2.7778,3.6442,high
Australian Capital Territory,2020-04-21,4.4048,3.75,2.7778,3.6442,high
Australian Capital Territory,2020-04-22,4.4048,3.75,2.7778,3.6442,high
Australian Capital Territory,2020-04-23,4.4048,3.75,2.7778,3.6442,high
Australian Capital Territory,2020-04-24,4.4048,3.75,3.0556,3.7368,high
Australian Capital Territory,2020-04-25,4.4048,3.75,3.0556,3.7368,high
Australian Capital Territory,2020-04-26,4.4048,3.75,3.0556,3.7368,high
Australian Capital Territory,2020-04-27,4.4048,3.75,3.0556,3.7368,high
Australian Capital Territory,2020-04-28,4.4048,3.75,3.0556,3.7368,high
Australian Capital Territory,2020-04-29,4.4048,3.75,3.0556,3.7368,high
Australian Capital Territory,2020-04-30,4.4048,3.75,3.0556,3.7368,high
Australian Capital Territory,2020-05-01,4.4048,3.75,3.0556,3.7368,high
Australian Capital Territory,2020-05-02,4.4048,3.75,3.0556,3.7368,high
Australian Capital Territory,2020-05-03,4.4048,3.75,3.0556,3.7368,high
Australian Capital Territory,2020-05-04,4.4048,3.75,3.0556,3.7368,high
Australian Capital Territory,2020-05-05,4.4048,3.75,3.0556,3.7368,high
Australian Capital Territory,2020-05-06,4.4048,3.75,3.0556,3.7368,high
Australian Capital Territory,2020-05-07,4.4048,3.75,3.0556,3.7368,high
Australian Capital Territory,2020-05-08,3.8095,3.75,3.0556,3.5384,high
Australian Capital Territory,2020-05-09,3.8095,3.75,3.0556,3.5384,high
Australian Capital Territory,2020-05-10,3.8095,3.75,3.0556,3.5384,high
Australian Capital Territory,2020-05-11,3.8095,3.75,3.0556,3.5384,high
Australian Capital Territory,2020-05-12,3.8095,3.75,3.0556,3.5384,high
Australian Capital Territory,2020-05-13,3.8095,3.75,3.0556,3.5384,high
Australian Capital Territory,2020-05-14,3.8095,3.75,3.0556,3.5384,high
Australian Capital Territory,2020-05-15,3.8095,3.75,3.0556,3.5384,high
Australian Capital Territory,2020-05-16,3.8095,3.75,3.0556,3.5384,high
Australian Capital Territory,2020-05-17,3.8095,3.75,3.0556,3.5384,high
Australian Capital Territory,2020-05-18,3.5714,3.75,3.0556,3.459,high
Australian Capital Territory,2020-05-19,3.5714,3.75,3.0556,3.459,high
Australian Capital Territory,2020-05-20,3.5714,3.75,3.0556,3.459,high
Australian Capital Territory,2020-05-21,3.3333,3.75,3.0556,3.3796,high
Australian Capital Territory,2020-05-22,3.3333,3.75,3.0556,3.3796,high
Australian Capital Territory,2020-05-23,3.3333,3.75,3.0556,3.3796,high
Australian Capital Territory,2020-05-24,3.3333,3.75,3.0556,3.3796,high
Australian Capital Territory,2020-05-25,3.3333,3.75,3.0556,3.3796,high
Australian Capital Territory,2020-05-26,3.3333,3.75,3.0556,3.3796,high
Australian Capital Territory,2020-05-27,3.3333,3.75,3.0556,3.3796,high
Australian Capital Territory,2020-05-28,3.3333,3.75,3.0556,3.3796,high
Australian Capital Territory,2020-05-29,3.0952,5.0,3.0556,3.7169,high
Australian Capital Territory,2020-05-30,3.0952,5.0,3.0556,3.7169,high
Australian Capital Territory,2020-05-31,3.0952,5.0,3.0556,3.7169,high
Australian Capital Territory,2020-06-01,3.0952,5.0,3.0556,3.7169,high
Australian Capital Territory,2020-06-02,2.8571,5.0,3.0556,3.6376,high
Australian Capital Territory,2020-06-03,2.8571,5.0,3.0556,3.6376,high
Australian Capital Territory,2020-06-04,2.8571,5.0,3.0556,3.6376,high
Australian Capital Territory,2020-06-05,2.6786,5.0,2.7778,3.4855,high
Australian Capital Territory,2020-06-06,2.6786,5.0,2.7778,3.4855,high
Australian Capital Territory,2020-06-07,2.6786,5.0,2.7778,3.4855,high
Australian Capital Territory,2020-06-08,2.6786,5.0,2.7778,3.4855,high
Australian Capital Territory,2020-06-09,2.6786,5.0,2.7778,3.4855,high
Australian Capital Territory,2020-06-10,2.6786,5.0,2.7778,3.4855,high
Australian Capital Territory,2020-06-11,2.6786,5.0,2.7778,3.4855,high
Australian Capital Territory,2020-06-12,2.4405,3.75,2.7778,2.9894,medium
Australian Capital Territory,2020-06-13,2.4405,3.75,2.7778,2.9894,medium
Australian Capital Territory,2020-06-14,2.4405,3.75,2.7778,2.9894,medium
Australian Capital Territory,2020-06-15,2.4405,3.75,2.7778,2.9894,medium
Australian Capital Territory,2020-06-16,2.7976,3.75,2.7778,3.1085,high
Australian Capital Territory,2020-06-17,2.7976,3.75,2.7778,3.1085,high
Australian Capital Territory,2020-06-18,2.7976,3.75,2.7778,3.1085,high
Australian Capital Territory,2020-06-19,2.7976,3.75,2.7778,3.1085,high
Australian Capital Territory,2020-06-20,2.7976,3.75,2.7778,3.1085,high
Australian Capital Territory,2020-06-21,2.7976,3.75,2.7778,3.1085,high
Australian Capital Territory,2020-06-22,2.7976,3.75,2.7778,3.1085,high
Australian Capital Territory,2020-06-23,3.0357,3.75,2.7778,3.1878,high
Australian Capital Territory,2020-06-24,3.0357,3.75,2.7778,3.1878,high
Australian Capital Territory,2020-06-25,3.0357,3.75,2.7778,3.1878,high
Australian Capital Territory,2020-06-26,3.0357,3.75,2.7778,3.1878,high
Australian Capital Territory,2020-06-27,3.0357,3.75,2.7778,3.1878,high
Australian Capital Territory,2020-06-28,3.0357,3.75,2.7778,3.1878,high
Australian Capital Territory,2020-06-29,3.0357,3.75,2.7778,3.1878,high
Australian Capital Territory,2020-06-30,3.0357,3.75,2.7778,3.1878,high
Australian Capital Territory,2020-07-01,2.6786,3.75,2.7778,3.0688,high
Australian Capital Territory,2020-07-02,2.6786,3.75,2.7778,3.0688,high
Australian Capital Territory,2020-07-03,2.6786,3.75,2.7778,3.0688,high
Australian Capital Territory,2020-07-04,2.6786,3.75,2.7778,3.0688,high
Australian Capital Territory,2020-07-05,2.6786,3.75,2.7778,3.0688,high
Australian Capital Territory,2020-07-06,2.6786,3.75,2.7778,3.0688,high
Australian Capital Territory,2020-07-07,2.6786,3.75,2.7778,3.0688,high
Australian Capital Territory,2020-07-08,3.0357,3.75,2.7778,3.1878,high
Australian Capital Territory,2020-07-09,3.0357,3.75,2.7778,3.1878,high
Australian Capital Territory,2020-07-10,3.0357,3.75,2.7778,3.1878,high
Australian Capital Territory,2020-07-11,3.0357,3.75,2.7778,3.1878,high
Australian Capital Territory,2020-07-12,3.0357,5.0,2.7778,3.6045,high
Australian Capital Territory,2020-07-13,3.0357,5.0,2.7778,3.6045,high
Australian Capital Territory,2020-07-14,3.0357,5.0,2.7778,3.6045,high
Australian Capital Territory,2020-07-15,2.7976,5.0,2.7778,3.5251,high
Australian Capital Territory,2020-07-16,2.7976,5.0,2.7778,3.5251,high
Australian Capital Territory,2020-07-17,2.7976,5.0,2.7778,3.5251,high
Australian Capital Territory,2020-07-18,2.7976,5.0,2.7778,3.5251,high
Australian Capital Territory,2020-07-19,2.7976,5.0,2.7778,3.5251,high
Australian Capital Territory,2020-07-20,2.7976,5.0,2.7778,3.5251,high
Australian Capital Territory,2020-07-21,2.7976,5.0,2.7778,3.5251,high
Australian Capital Territory,2020-07-22,2.7976,5.0,2.7778,3.5251,high
Australian Capital Territory,2020-07-23,3.0357,5.0,2.7778,3.6045,high
Australian Capital Territory,2020-07-24,3.0357,5.0,2.7778,3.6045,high
Australian Capital Territory,2020-07-25,3.0357,5.0,2.7778,3.6045,high
Australian Capital Territory,2020-07-26,3.0357,5.0,2.7778,3.6045,high
Australian Capital Territory,2020-07-27,3.0357,5.0,2.7778,3.6045,high
Australian Capital Territory,2020-07-28,3.0357,5.0,2.7778,3.6045,high
Australian Capital Territory,2020-07-29,3.0357,5.0,2.7778,3.6045,high
Australian Capital Territory,2020-07-30,3.0357,5.0,3.2639,3.7665,high
Australian Capital Territory,2020-07-31,3.0357,5.0,3.2639,3.7665,high
Australian Capital Territory,2020-08-01,3.0357,5.0,3.2639,3.7665,high
Australian Capital Territory,2020-08-02,3.0357,5.0,3.2639,3.7665,high
Australian Capital Territory,2020-08-03,3.0357,5.0,3.2639,3.7665,high
Australian Capital Territory,2020-08-04,3.0357,5.0,3.2639,3.7665,high
Australian Capital Territory,2020-08-05,3.0357,5.0,3.2639,3.7665,high
Australian Capital Territory,2020-08-06,3.0357,3.75,3.2639,3.3499,high
Australian Capital Territory,2020-08-07,3.0357,3.75,3.2639,3.3499,high
Australian Capital Territory,2020-08-08,3.0357,3.75,3.2639,3.3499,high
Australian Capital Territory,2020-08-09,3.0357,3.75,3.2639,3.3499,high
Australian Capital Territory,2020-08-10,3.0357,3.75,3.2639,3.3499,high
Australian Capital Territory,2020-08-11,3.0357,3.75,3.2639,3.3499,high
Australian Capital Territory,2020-08-12,3.0357,3.75,3.2639,3.3499,high
Australian Capital Territory,2020-08-13,3.0357,3.75,3.2639,3.3499,high
Australian Capital Territory,2020-08-14,3.0357,3.75,3.2639,3.3499,high
Australian Capital Territory,2020-08-15,3.0357,3.75,3.2639,3.3499,high
Australian Capital Territory,2020-08-16,3.0357,3.75,3.2639,3.3499,high
Australian Capital Territory,2020-08-17,3.0357,3.75,3.2639,3.3499,high
Australian Capital Territory,2020-08-18,3.0357,3.75,3.2639,3.3499,high
Australian Capital Territory,2020-08-19,3.0357,3.75,3.2639,3.3499,high
Australian Capital Territory,2020-08-20,3.0357,3.75,3.2639,3.3499,high
Australian Capital Territory,2020-08-21,3.0357,3.75,3.2639,3.3499,high
Australian Capital Territory,2020-08-22,3.0357,3.75,3.2639,3.3499,high
Australian Capital Territory,2020-08-23,3.0357,3.75,3.2639,3.3499,high
Australian Capital Territory,2020-08-24,3.0357,3.75,3.2639,3.3499,high
Australian Capital Territory,2020-08-25,3.0357,3.75,3.2639,3.3499,high
Australian Capital Territory,2020-08-26,3.0357,3.75,3.2639,3.3499,high
Australian Capital Territory,2020-08-27,3.0357,3.75,3.2639,3.3499,high
Australian Capital Territory,2020-08-28,3.0357,3.75,3.2639,3.3499,high
Australian Capital Territory,2020-08-29,3.0357,3.75,3.2639,3.3499,high
Australian Capital Territory,2020-08-30,3.0357,3.75,3.2639,3.3499,high
Australian Capital Territory,2020-08-31,3.0357,3.75,3.2639,3.3499,high
Australian Capital Territory,2020-09-01,3.0357,5.0,2.9861,3.6739,high
Australian Capital Territory,2020-09-02,3.0357,5.0,2.9861,3.6739,high
Australian Capital Territory,2020-09-03,3.0357,5.0,2.9861,3.6739,high
Australian Capital Territory,2020-09-04,3.0357,5.0,2.9861,3.6739,high
Australian Capital Territory,2020-09-05,3.0357,5.0,2.9861,3.6739,high
Australian Capital Territory,2020-09-06,3.0357,5.0,2.9861,3.6739,high
Australian Capital Territory,2020-09-07,3.0357,5.0,2.9861,3.6739,high
Australian Capital Territory,2020-09-08,3.0357,5.0,2.9861,3.6739,high
Australian Capital Territory,2020-09-09,3.0357,5.0,2.9861,3.6739,high
Australian Capital Territory,2020-09-10,3.0357,5.0,2.9861,3.6739,high
Australian Capital Territory,2020-09-11,3.0357,5.0,2.9861,3.6739,high
Australian Capital Territory,2020-09-12,3.0357,5.0,2.9861,3.6739,high
Australian Capital Territory,2020-09-13,3.0357,5.0,2.9861,3.6739,high
Australian Capital Territory,2020-09-14,3.0357,5.0,2.9861,3.6739,high
Australian Capital Territory,2020-09-15,3.0357,5.0,2.9861,3.6739,high
Australian Capital Territory,2020-09-16,3.0357,5.0,2.9861,3.6739,high
Australian Capital Territory,2020-09-17,3.0357,5.0,2.9861,3.6739,high
Australian Capital Territory,2020-09-18,3.0357,5.0,2.9861,3.6739,high
Australian Capital Territory,2020-09-19,3.0357,5.0,2.9861,3.6739,high
Australian Capital Territory,2020-09-20,3.0357,5.0,2.9861,3.6739,high
Australian Capital Territory,2020-09-21,3.0357,5.0,2.9861,3.6739,high
Australian Capital Territory,2020-09-22,3.0357,5.0,2.9861,3.6739,high
Australian Capital Territory,2020-09-23,3.0357,5.0,2.9861,3.6739,high
Australian Capital Territory,2020-09-24,3.0357,5.0,2.9861,3.6739,high
Australian Capital Territory,2020-09-25,3.0357,3.75,2.9861,3.2573,high
Australian Capital Territory,2020-09-26,3.0357,3.75,2.9861,3.2573,high
Australian Capital Territory,2020-09-27,3.0357,3.75,2.9861,3.2573,high
Australian Capital Territory,2020-09-28,3.0357,3.75,2.9861,3.2573,high
Australian Capital Territory,2020-09-29,3.0357,3.75,2.9861,3.2573,high
Australian Capital Territory,2020-09-30,3.0357,3.75,2.9861,3.2573,high
Australian Capital Territory,2020-10-01,3.0357,3.75,2.9861,3.2573,high
Australian Capital Territory,2020-10-02,3.0357,3.75,2.9861,3.2573,high
Australian Capital Territory,2020-10-03,3.0357,3.75,2.9861,3.2573,high
Australian Capital Territory,2020-10-04,3.0357,3.75,2.9861,3.2573,high
Australian Capital Territory,2020-10-05,3.0357,3.75,2.9861,3.2573,high
Australian Capital Territory,2020-10-06,3.0357,3.75,2.9861,3.2573,high
Australian Capital Territory,2020-10-07,3.0357,3.75,2.9861,3.2573,high
Australian Capital Territory,2020-10-08,3.0357,3.75,2.9861,3.2573,high
Australian Capital Territory,2020-10-09,2.619,3.75,2.9861,3.1184,high
Australian Capital Territory,2020-10-10,2.619,3.75,2.9861,3.1184,high
Australian Capital Territory,2020-10-11,2.619,3.75,2.9861,3.1184,high
Australian Capital Territory,2020-10-12,2.619,3.75,2.9861,3.1184,high
Australian Capital Territory,2020-10-13,2.619,3.75,2.9861,3.1184,high
Australian Capital Territory,2020-10-14,2.619,3.75,2.9861,3.1184,high
Australian Capital Territory,2020-10-15,2.619,3.75,2.9861,3.1184,high
Australian Capital Territory,2020-10-16,2.619,3.75,2.9861,3.1184,high
Australian Capital Territory,2020-10-17,2.619,2.5,2.9861,2.7017,medium
Australian Capital Territory,2020-10-18,2.619,2.5,2.9861,2.7017,medium
Australian Capital Territory,2020-10-19,2.619,2.5,2.9861,2.7017,medium
Australian Capital Territory,2020-10-20,2.619,2.5,2.9861,2.7017,medium
Australian Capital Territory,2020-10-21,2.619,2.5,2.9861,2.7017,medium
Australian Capital Territory,2020-10-22,2.619,2.5,2.9861,2.7017,medium
Australian Capital Territory,2020-10-23,2.619,2.5,2.9861,2.7017,medium
Australian Capital Territory,2020-10-24,2.619,2.5,2.9861,2.7017,medium
Australian Capital Territory,2020-10-25,2.619,2.5,2.9861,2.7017,medium
Australian Capital Territory,2020-10-26,2.619,2.5,2.9861,2.7017,medium
Australian Capital Territory,2020-10-27,2.619,2.5,2.9861,2.7017,medium
Australian Capital Territory,2020-10-28,2.619,2.5,2.9861,2.7017,medium
Australian Capital Territory,2020-10-29,2.619,2.5,2.9861,2.7017,medium
Australian Capital Territory,2020-10-30,2.619,2.5,2.9861,2.7017,medium
Australian Capital Territory,2020-10-31,2.619,2.5,2.9861,2.7017,medium
Australian Capital Territory,2020-11-01,2.619,2.5,2.9861,2.7017,medium
Australian Capital Territory,2020-11-02,2.619,2.5,2.9861,2.7017,medium
Australian Capital Territory,2020-11-03,2.619,2.5,2.9861,2.7017,medium
Australian Capital Territory,2020-11-04,2.619,2.5,2.9861,2.7017,medium
Australian Capital Territory,2020-11-05,2.619,2.5,2.9861,2.7017,medium
Australian Capital Territory,2020-11-06,2.619,2.5,2.9861,2.7017,medium
Australian Capital Territory,2020-11-07,2.619,2.5,2.9861,2.7017,medium
Australian Capital Territory,2020-11-08,2.619,2.5,2.9861,2.7017,medium
Australian Capital Territory,2020-11-09,2.619,2.5,2.9861,2.7017,medium
Australian Capital Territory,2020-11-10,2.619,2.5,2.9861,2.7017,medium
Australian Capital Territory,2020-11-11,2.619,2.5,2.9861,2.7017,medium
Australian Capital Territory,2020-11-12,2.619,2.5,2.9861,2.7017,medium
Australian Capital Territory,2020-11-13,2.619,2.5,2.9861,2.7017,medium
Australian Capital Territory,2020-11-14,2.619,2.5,2.9861,2.7017,medium
Australian Capital Territory,2020-11-15,2.619,2.5,2.9861,2.7017,medium
Australian Capital Territory,2020-11-16,2.619,2.5,2.9861,2.7017,medium
Australian Capital Territory,2020-11-17,2.619,2.5,2.9861,2.7017,medium
Australian Capital Territory,2020-11-18,2.619,2.5,2.9861,2.7017,medium
Australian Capital Territory,2020-11-19,2.619,2.5,2.9861,2.7017,medium
Australian Capital Territory,2020-11-20,2.619,2.5,2.9861,2.7017,medium
Australian Capital Territory,2020-11-21,2.619,2.5,2.9861,2.7017,medium
Australian Capital Territory,2020-11-22,2.619,2.5,2.9861,2.7017,medium
Australian Capital Territory,2020-11-23,2.619,2.5,2.9861,2.7017,medium
Australian Capital Territory,2020-11-24,2.619,2.5,2.9861,2.7017,medium
Australian Capital Territory,2020-11-25,2.619,2.5,2.9861,2.7017,medium
Australian Capital Territory,2020-11-26,2.619,2.5,2.9861,2.7017,medium
Australian Capital Territory,2020-11-27,2.619,2.5,2.9861,2.7017,medium
Australian Capital Territory,2020-11-28,2.619,2.5,2.9861,2.7017,medium
Australian Capital Territory,2020-11-29,2.619,2.5,2.9861,2.7017,medium
Australian Capital Territory,2020-11-30,2.619,2.5,2.9861,2.7017,medium
Australian Capital Territory,2020-12-01,2.619,2.5,2.9861,2.7017,medium
Australian Capital Territory,2020-12-02,2.619,2.5,2.9861,2.7017,medium
Australian Capital Territory,2020-12-03,2.619,2.5,2.9861,2.7017,medium
Australian Capital Territory,2020-12-04,2.619,2.5,2.9861,2.7017,medium
Australian Capital Territory,2020-12-05,2.619,2.5,2.9861,2.7017,medium
Australian Capital Territory,2020-12-06,2.619,2.5,2.9861,2.7017,medium
Australian Capital Territory,2020-12-07,2.619,2.5,2.9861,2.7017,medium
Australian Capital Territory,2020-12-08,2.619,2.5,2.9861,2.7017,medium
Australian Capital Territory,2020-12-09,2.619,2.5,2.9861,2.7017,medium
Australian Capital Territory,2020-12-10,1.9048,2.5,2.9861,2.4636,medium
Australian Capital Territory,2020-12-11,1.9048,2.5,2.9861,2.4636,medium
Australian Capital Territory,2020-12-12,1.9048,2.5,2.9861,2.4636,medium
Australian Capital Territory,2020-12-13,1.9048,2.5,2.9861,2.4636,medium
Australian Capital Territory,2020-12-14,1.9048,2.5,2.9861,2.4636,medium
Australian Capital Territory,2020-12-15,1.9048,2.5,2.9861,2.4636,medium
Australian Capital Territory,2020-12-16,1.9048,2.5,2.9861,2.4636,medium
Australian Capital Territory,2020-12-17,1.9048,2.5,2.9861,2.4636,medium
Australian Capital Territory,2020-12-18,2.619,2.5,2.9861,2.7017,medium
Australian Capital Territory,2020-12-19,2.619,2.5,2.9861,2.7017,medium
Australian Capital Territory,2020-12-20,2.619,2.5,2.9861,2.7017,medium
Australian Capital Territory,2020-12-21,2.619,2.5,2.9861,2.7017,medium
Australian Capital Territory,2020-12-22,2.619,2.5,2.9861,2.7017,medium
Australian Capital Territory,2020-12-23,2.619,2.5,2.9861,2.7017,medium
Australian Capital Territory,2020-12-24,2.619,2.5,2.9861,2.7017,medium
Australian Capital Territory,2020-12-25,2.619,2.5,2.9861,2.7017,medium
Australian Capital Territory,2020-12-26,2.619,2.5,2.9861,2.7017,medium
Australian Capital Territory,2020-12-27,2.619,2.5,2.9861,2.7017,medium
Australian Capital Territory,2020-12-28,2.619,2.5,2.9861,2.7017,medium
Australian Capital Territory,2020-12-29,2.619,2.5,2.9861,2.7017,medium
Australian Capital Territory,2020-12-30,2.619,2.5,2.9861,2.7017,medium
Australian Capital Territory,2020-12-31,2.619,2.5,2.9861,2.7017,medium
Australian Capital Territory,2021-01-01,2.619,2.5,2.9861,2.7017,medium
Australian Capital Territory,2021-01-02,2.2619,2.5,2.9861,2.5827,medium
Australian Capital Territory,2021-01-03,2.2619,2.5,2.9861,2.5827,medium
Australian Capital Territory,2021-01-04,2.2619,2.5,2.9861,2.5827,medium
Australian Capital Territory,2021-01-05,2.2619,2.5,2.9861,2.5827,medium
Australian Capital Territory,2021-01-06,2.2619,2.5,2.9861,2.5827,medium
Australian Capital Territory,2021-01-07,2.2619,2.5,2.9861,2.5827,medium
Australian Capital Territory,2021-01-08,2.2619,2.5,2.9861,2.5827,medium
Australian Capital Territory,2021-01-09,2.2619,2.5,2.9861,2.5827,medium
Australian Capital Territory,2021-01-10,2.2619,2.5,2.9861,2.5827,medium
Australian Capital Territory,2021-01-11,2.2619,2.5,2.9861,2.5827,medium
Australian Capital Territory,2021-01-12,2.2619,2.5,2.9861,2.5827,medium
Australian Capital Territory,2021-01-13,2.2619,2.5,2.9861,2.5827,medium
Australian Capital Territory,2021-01-14,2.2619,2.5,2.9861,2.5827,medium
Australian Capital Territory,2021-01-15,2.2619,2.5,2.9861,2.5827,medium
Australian Capital Territory,2021-01-16,2.2619,2.5,2.9861,2.5827,medium
Australian Capital Territory,2021-01-17,2.2619,2.5,2.9861,2.5827,medium
Australian Capital Territory,2021-01-18,2.2619,2.5,2.9861,2.5827,medium
Australian Capital Territory,2021-01-19,2.2619,2.5,2.9861,2.5827,medium
Australian Capital Territory,2021-01-20,2.2619,2.5,2.9861,2.5827,medium
Australian Capital Territory,2021-01-21,2.2619,2.5,2.9861,2.5827,medium
Australian Capital Territory,2021-01-22,2.2619,2.5,2.9861,2.5827,medium
Australian Capital Territory,2021-01-23,2.2619,2.5,3.1944,2.6521,medium
Australian Capital Territory,2021-01-24,2.2619,2.5,3.1944,2.6521,medium
Australian Capital Territory,2021-01-25,2.2619,2.5,3.1944,2.6521,medium
Australian Capital Territory,2021-01-26,2.2619,2.5,3.1944,2.6521,medium
Australian Capital Territory,2021-01-27,2.2619,2.5,3.1944,2.6521,medium
Australian Capital Territory,2021-01-28,2.2619,2.5,3.1944,2.6521,medium
Australian Capital Territory,2021-01-29,2.2619,2.5,3.1944,2.6521,medium
Australian Capital Territory,2021-01-30,2.2619,2.5,3.1944,2.6521,medium
Australian Capital Territory,2021-01-31,2.2619,2.5,3.1944,2.6521,medium
Australian Capital Territory,2021-02-01,2.2619,2.5,3.3611,2.7077,medium
Australian Capital Territory,2021-02-02,2.2619,2.5,3.3611,2.7077,medium
Australian Capital Territory,2021-02-03,2.2619,2.5,3.3611,2.7077,medium
Australian Capital Territory,2021-02-04,2.2619,2.5,3.3611,2.7077,medium
Australian Capital Territory,2021-02-05,2.2619,2.5,3.3611,2.7077,medium
Australian Capital Territory,2021-02-06,2.2619,2.5,3.3611,2.7077,medium
Australian Capital Territory,2021-02-07,2.2619,2.5,3.3611,2.7077,medium
Australian Capital Territory,2021-02-08,2.2619,2.5,3.3611,2.7077,medium
Australian Capital Territory,2021-02-09,2.2619,2.5,3.3611,2.7077,medium
Australian Capital Territory,2021-02-10,2.2619,2.5,3.3611,2.7077,medium
Australian Capital Territory,2021-02-11,2.2619,2.5,3.3611,2.7077,medium
Australian Capital Territory,2021-02-12,2.619,2.5,3.3611,2.8267,medium
Australian Capital Territory,2021-02-13,2.619,2.5,3.3611,2.8267,medium
Australian Capital Territory,2021-02-14,2.619,2.5,3.1944,2.7711,medium
Australian Capital Territory,2021-02-15,2.619,2.5,3.1944,2.7711,medium
Australian Capital Territory,2021-02-16,2.619,2.5,3.1944,2.7711,medium
Australian Capital Territory,2021-02-17,1.9048,2.5,3.1944,2.5331,medium
Australian Capital Territory,2021-02-18,1.9048,2.5,3.1944,2.5331,medium
Australian Capital Territory,2021-02-19,1.9048,2.5,3.1944,2.5331,medium
Australian Capital Territory,2021-02-20,1.7262,2.5,3.1944,2.4735,medium
Australian Capital Territory,2021-02-21,1.7262,2.5,3.1944,2.4735,medium
Australian Capital Territory,2021-02-22,1.7262,2.5,3.5278,2.5847,medium
Australian Capital Territory,2021-02-23,1.7262,2.5,3.5278,2.5847,medium
Australian Capital Territory,2021-02-24,1.7262,2.5,3.5278,2.5847,medium
Australian Capital Territory,2021-02-25,1.7262,2.5,3.5278,2.5847,medium
Australian Capital Territory,2021-02-26,1.7262,2.5,3.5278,2.5847,medium
Australian Capital Territory,2021-02-27,1.7262,2.5,3.5278,2.5847,medium
Australian Capital Territory,2021-02-28,1.7262,2.5,3.5278,2.5847,medium
Australian Capital Territory,2021-03-01,1.5476,2.5,3.5278,2.5251,medium
Australian Capital Territory,2021-03-02,1.5476,2.5,3.5278,2.5251,medium
Australian Capital Territory,2021-03-03,1.5476,2.5,3.5278,2.5251,medium
Australian Capital Territory,2021-03-04,1.5476,2.5,3.5278,2.5251,medium
Australian Capital Territory,2021-03-05,1.5476,2.5,3.5278,2.5251,medium
Australian Capital Territory,2021-03-06,1.5476,2.5,3.5278,2.5251,medium
Australian Capital Territory,2021-03-07,1.5476,2.5,3.5278,2.5251,medium
Australian Capital Territory,2021-03-08,1.5476,2.5,3.5278,2.5251,medium
Australian Capital Territory,2021-03-09,1.5476,2.5,3.5278,2.5251,medium
Australian Capital Territory,2021-03-10,1.5476,2.5,3.5278,2.5251,medium
Australian Capital Territory,2021-03-11,1.5476,2.5,3.5278,2.5251,medium
Australian Capital Territory,2021-03-12,1.5476,2.5,3.5278,2.5251,medium
Australian Capital Territory,2021-03-13,1.5476,2.5,3.5278,2.5251,medium
Australian Capital Territory,2021-03-14,1.5476,2.5,3.5278,2.5251,medium
Australian Capital Territory,2021-03-15,1.5476,2.5,3.6944,2.5807,medium
Australian Capital Territory,2021-03-16,2.2619,2.5,3.6944,2.8188,medium
Australian Capital Territory,2021-03-17,2.2619,2.5,3.6944,2.8188,medium
Australian Capital Territory,2021-03-18,2.2619,2.5,3.6944,2.8188,medium
Australian Capital Territory,2021-03-19,2.2619,2.5,3.6944,2.8188,medium
Australian Capital Territory,2021-03-20,2.2619,2.5,3.6944,2.8188,medium
Australian Capital Territory,2021-03-21,2.2619,2.5,3.6944,2.8188,medium
Australian Capital Territory,2021-03-22,2.2619,2.5,3.8611,2.8743,medium
Australian Capital Territory,2021-03-23,2.2619,2.5,3.8611,2.8743,medium
Australian Capital Territory,2021-03-24,2.2619,2.5,3.8611,2.8743,medium
Australian Capital Territory,2021-03-25,2.2619,2.5,3.8611,2.8743,medium
Australian Capital Territory,2021-03-26,2.2619,2.5,3.8611,2.8743,medium
Australian Capital Territory,2021-03-27,2.2619,2.5,3.8611,2.8743,medium
Australian Capital Territory,2021-03-28,2.2619,2.5,3.8611,2.8743,medium
Australian Capital Territory,2021-03-29,2.2619,2.5,3.8611,2.8743,medium
Australian Capital Territory,2021-03-30,2.2619,2.5,3.8611,2.8743,medium
Australian Capital Territory,2021-03-31,2.2619,2.5,3.8611,2.8743,medium
Australian Capital Territory,2021-04-01,2.0833,2.5,3.4444,2.6759,medium
Australian Capital Territory,2021-04-02,2.0833,2.5,3.4444,2.6759,medium
Australian Capital Territory,2021-04-03,2.0833,2.5,3.4444,2.6759,medium
Australian Capital Territory,2021-04-04,2.0833,2.5,3.4444,2.6759,medium
Australian Capital Territory,2021-04-05,2.0833,2.5,3.4444,2.6759,medium
Australian Capital Territory,2021-04-06,2.0833,2.5,3.4444,2.6759,medium
Australian Capital Territory,2021-04-07,2.0833,2.5,3.4444,2.6759,medium
Australian Capital Territory,2021-04-08,2.0833,2.5,3.4444,2.6759,medium
Australian Capital Territory,2021-04-09,2.0833,2.5,3.4444,2.6759,medium
Australian Capital Territory,2021-04-10,2.0833,2.5,3.4444,2.6759,medium
Australian Capital Territory,2021-04-11,2.0833,2.5,3.4444,2.6759,medium
Australian Capital Territory,2021-04-12,2.0833,2.5,3.4444,2.6759,medium
Australian Capital Territory,2021-04-13,2.0833,2.5,3.4444,2.6759,medium
Australian Capital Territory,2021-04-14,2.0833,2.5,3.4444,2.6759,medium
Australian Capital Territory,2021-04-15,2.0833,2.5,3.4444,2.6759,medium
Australian Capital Territory,2021-04-16,2.0833,2.5,3.4444,2.6759,medium
Australian Capital Territory,2021-04-17,2.0833,2.5,3.4444,2.6759,medium
Australian Capital Territory,2021-04-18,2.0833,2.5,3.4444,2.6759,medium
Australian Capital Territory,2021-04-19,2.0833,2.5,3.4444,2.6759,medium
Australian Capital Territory,2021-04-20,2.0833,2.5,3.4444,2.6759,medium
Australian Capital Territory,2021-04-21,2.0833,2.5,3.4444,2.6759,medium
Australian Capital Territory,2021-04-22,2.0833,2.5,3.4444,2.6759,medium
Australian Capital Territory,2021-04-23,2.0833,2.5,3.4444,2.6759,medium
Australian Capital Territory,2021-04-24,2.0833,2.5,3.4444,2.6759,medium
Australian Capital Territory,2021-04-25,2.0833,2.5,3.4444,2.6759,medium
Australian Capital Territory,2021-04-26,2.0833,2.5,3.4444,2.6759,medium
Australian Capital Territory,2021-04-27,2.0833,2.5,3.4444,2.6759,medium
Australian Capital Territory,2021-04-28,2.0833,2.5,3.4444,2.6759,medium
Australian Capital Territory,2021-04-29,2.0833,2.5,3.4444,2.6759,medium
Australian Capital Territory,2021-04-30,2.0833,2.5,3.4444,2.6759,medium
Australian Capital Territory,2021-05-01,2.0833,2.5,3.4444,2.6759,medium
Australian Capital Territory,2021-05-02,2.0833,2.5,3.4444,2.6759,medium
Australian Capital Territory,2021-05-03,2.0833,2.5,3.4444,2.6759,medium
Australian Capital Territory,2021-05-04,2.0833,2.5,3.4444,2.6759,medium
Australian Capital Territory,2021-05-05,2.0833,2.5,3.4444,2.6759,medium
Australian Capital Territory,2021-05-06,2.0833,2.5,3.4444,2.6759,medium
Australian Capital Territory,2021-05-07,2.0833,2.5,3.4444,2.6759,medium
Australian Capital Territory,2021-05-08,2.0833,2.5,3.4444,2.6759,medium
Australian Capital Territory,2021-05-09,2.0833,2.5,3.4444,2.6759,medium
Australian Capital Territory,2021-05-10,2.0833,2.5,3.4444,2.6759,medium
Australian Capital Territory,2021-05-11,2.0833,2.5,3.4444,2.6759,medium
Australian Capital Territory,2021-05-12,2.0833,2.5,3.4444,2.6759,medium
Australian Capital Territory,2021-05-13,2.0833,2.5,3.4444,2.6759,medium
Australian Capital Territory,2021-05-14,2.0833,2.5,3.4444,2.6759,medium
Australian Capital Territory,2021-05-15,2.0833,2.5,3.4444,2.6759,medium
Australian Capital Territory,2021-05-16,2.0833,2.5,3.4444,2.6759,medium
Australian Capital Territory,2021-05-17,2.0833,2.5,3.4444,2.6759,medium
Australian Capital Territory,2021-05-18,2.0833,2.5,3.4444,2.6759,medium
Australian Capital Territory,2021-05-19,2.0833,2.5,3.4444,2.6759,medium
Australian Capital Territory,2021-05-20,2.0833,2.5,3.4444,2.6759,medium
Australian Capital Territory,2021-05-21,2.0833,2.5,3.4444,2.6759,medium
Australian Capital Territory,2021-05-22,2.0833,2.5,3.4444,2.6759,medium
Australian Capital Territory,2021-05-23,2.0833,2.5,3.4444,2.6759,medium
Australian Capital Territory,2021-05-24,2.0833,2.5,3.4444,2.6759,medium
Australian Capital Territory,2021-05-25,2.0833,2.5,3.4444,2.6759,medium
Australian Capital Territory,2021-05-26,2.0833,2.5,3.4444,2.6759,medium
Australian Capital Territory,2021-05-27,2.0833,2.5,3.4444,2.6759,medium
Australian Capital Territory,2021-05-28,2.0833,2.5,3.4444,2.6759,medium
Australian Capital Territory,2021-05-29,2.0833,2.5,3.4444,2.6759,medium
Australian Capital Territory,2021-05-30,2.0833,2.5,3.4444,2.6759,medium
Australian Capital Territory,2021-05-31,2.0833,2.5,3.4444,2.6759,medium
Australian Capital Territory,2021-06-01,2.4405,2.5,3.4444,2.795,medium
Australian Capital Territory,2021-06-02,2.4405,2.5,3.4444,2.795,medium
Australian Capital Territory,2021-06-03,2.4405,2.5,3.4444,2.795,medium
Australian Capital Territory,2021-06-04,2.4405,2.5,3.4444,2.795,medium
Australian Capital Territory,2021-06-05,2.4405,2.5,3.4444,2.795,medium
Australian Capital Territory,2021-06-06,2.4405,2.5,3.4444,2.795,medium
Australian Capital Territory,2021-06-07,2.4405,2.5,3.4444,2.795,medium
Australian Capital Territory,2021-06-08,2.4405,2.5,3.4444,2.795,medium
Australian Capital Territory,2021-06-09,2.4405,3.75,3.8611,3.3505,high
Australian Capital Territory,2021-06-10,2.4405,3.75,3.8611,3.3505,high
Australian Capital Territory,2021-06-11,2.4405,3.75,3.8611,3.3505,high
Australian Capital Territory,2021-06-12,2.4405,3.75,3.8611,3.3505,high
Australian Capital Territory,2021-06-13,2.4405,3.75,3.8611,3.3505,high
Australian Capital Territory,2021-06-14,2.4405,3.75,3.8611,3.3505,high
Australian Capital Territory,2021-06-15,2.4405,3.75,3.8611,3.3505,high
Australian Capital Territory,2021-06-16,2.4405,3.75,3.8611,3.3505,high
Australian Capital Territory,2021-06-17,2.4405,3.75,3.8611,3.3505,high
Australian Capital Territory,2021-06-18,2.4405,3.75,3.8611,3.3505,high
Australian Capital Territory,2021-06-19,2.4405,3.75,3.8611,3.3505,high
Australian Capital Territory,2021-06-20,2.4405,3.75,3.8611,3.3505,high
Australian Capital Territory,2021-06-21,2.4405,3.75,3.8611,3.3505,high
Australian Capital Territory,2021-06-22,2.4405,3.75,3.8611,3.3505,high
Australian Capital Territory,2021-06-23,2.4405,3.75,3.8611,3.3505,high
Australian Capital Territory,2021-06-24,2.4405,3.75,3.8611,3.3505,high
Australian Capital Territory,2021-06-25,2.4405,3.75,3.8611,3.3505,high
Australian Capital Territory,2021-06-26,2.4405,3.75,3.8611,3.3505,high
Australian Capital Territory,2021-06-27,2.4405,3.75,3.8611,3.3505,high
Australian Capital Territory,2021-06-28,2.4405,3.75,4.0694,3.42,high
Australian Capital Territory,2021-06-29,2.4405,3.75,4.0694,3.42,high
Australian Capital Territory,2021-06-30,2.4405,3.75,4.0694,3.42,high
Australian Capital Territory,2021-07-01,2.0833,2.5,4.3472,2.9768,medium
Australian Capital Territory,2021-07-02,2.0833,2.5,4.3472,2.9768,medium
Australian Capital Territory,2021-07-03,2.0833,2.5,4.3472,2.9768,medium
Australian Capital Territory,2021-07-04,2.0833,2.5,4.3472,2.9768,medium
Australian Capital Territory,2021-07-05,2.0833,2.5,4.3472,2.9768,medium
Australian Capital Territory,2021-07-06,2.0833,2.5,4.3472,2.9768,medium
Australian Capital Territory,2021-07-07,2.0833,2.5,4.3472,2.9768,medium
Australian Capital Territory,2021-07-08,2.0833,2.5,4.3472,2.9768,medium
Australian Capital Territory,2021-07-09,2.0833,2.5,4.3472,2.9768,medium
Australian Capital Territory,2021-07-10,2.0833,2.5,3.9306,2.838,medium
Australian Capital Territory,2021-07-11,2.0833,2.5,3.9306,2.838,medium
Australian Capital Territory,2021-07-12,2.0833,2.5,3.9306,2.838,medium
Australian Capital Territory,2021-07-13,2.0833,2.5,3.9306,2.838,medium
Australian Capital Territory,2021-07-14,2.0833,2.5,3.9306,2.838,medium
Australian Capital Territory,2021-07-15,2.0833,2.5,3.9306,2.838,medium
Australian Capital Territory,2021-07-16,2.0833,2.5,3.9306,2.838,medium
Australian Capital Territory,2021-07-17,2.0833,2.5,3.9306,2.838,medium
Australian Capital Territory,2021-07-18,2.0833,2.5,3.9306,2.838,medium
Australian Capital Territory,2021-07-19,2.0833,2.5,3.9306,2.838,medium
Australian Capital Territory,2021-07-20,2.0833,2.5,3.9306,2.838,medium
Australian Capital Territory,2021-07-21,2.0833,2.5,3.9306,2.838,medium
Australian Capital Territory,2021-07-22,2.0833,2.5,3.9306,2.838,medium
Australian Capital Territory,2021-07-23,2.0833,2.5,3.9306,2.838,medium
Australian Capital Territory,2021-07-24,2.0833,2.5,3.9306,2.838,medium
Australian Capital Territory,2021-07-25,2.0833,2.5,3.9306,2.838,medium
Australian Capital Territory,2021-07-26,2.0833,2.5,3.9306,2.838,medium
Australian Capital Territory,2021-07-27,2.0833,2.5,3.9306,2.838,medium
Australian Capital Territory,2021-07-28,2.0833,2.5,3.9306,2.838,medium
Australian Capital Territory,2021-07-29,2.0833,2.5,3.9306,2.838,medium
Australian Capital Territory,2021-07-30,2.0833,2.5,3.9306,2.838,medium
Australian Capital Territory,2021-07-31,2.0833,2.5,3.9306,2.838,medium
Australian Capital Territory,2021-08-01,2.7976,3.75,3.8611,3.4696,high
Australian Capital Territory,2021-08-02,2.7976,3.75,3.8611,3.4696,high
Australian Capital Territory,2021-08-03,2.7976,3.75,3.8611,3.4696,high
Australian Capital Territory,2021-08-04,2.7976,3.75,3.8611,3.4696,high
Australian Capital Territory,2021-08-05,2.7976,3.75,3.8611,3.4696,high
Australian Capital Territory,2021-08-06,2.7976,3.75,3.8611,3.4696,high
Australian Capital Territory,2021-08-07,2.7976,3.75,3.8611,3.4696,high
Australian Capital Territory,2021-08-08,2.7976,3.75,3.8611,3.4696,high
Australian Capital Territory,2021-08-09,2.7976,3.75,3.8611,3.4696,high
Australian Capital Territory,2021-08-10,2.7976,3.75,3.8611,3.4696,high
Australian Capital Territory,2021-08-11,2.7976,3.75,3.8611,3.4696,high
Australian Capital Territory,2021-08-12,4.4048,3.75,4.5556,4.2368,high
Australian Capital Territory,2021-08-13,4.4048,3.75,4.5556,4.2368,high
Australian Capital Territory,2021-08-14,4.4048,3.75,4.5556,4.2368,high
Australian Capital Territory,2021-08-15,4.4048,3.75,4.5556,4.2368,high
Australian Capital Territory,2021-08-16,4.4048,3.75,4.5556,4.2368,high
Australian Capital Territory,2021-08-17,4.4048,3.75,4.5556,4.2368,high
Australian Capital Territory,2021-08-18,4.4048,3.75,4.5556,4.2368,high
Australian Capital Territory,2021-08-19,4.4048,3.75,4.5556,4.2368,high
Australian Capital Territory,2021-08-20,4.4048,3.75,4.5556,4.2368,high
Australian Capital Territory,2021-08-21,4.4048,3.75,4.5556,4.2368,high
Australian Capital Territory,2021-08-22,4.4048,3.75,4.5556,4.2368,high
Australian Capital Territory,2021-08-23,4.4048,3.75,4.5556,4.2368,high
Australian Capital Territory,2021-08-24,4.4048,3.75,4.5556,4.2368,high
Australian Capital Territory,2021-08-25,4.4048,3.75,4.5556,4.2368,high
Australian Capital Territory,2021-08-26,4.4048,3.75,4.5556,4.2368,high
Australian Capital Territory,2021-08-27,4.4048,3.75,4.5556,4.2368,high
Australian Capital Territory,2021-08-28,4.4048,3.75,4.5556,4.2368,high
Australian Capital Territory,2021-08-29,4.4048,3.75,4.5556,4.2368,high
Australian Capital Territory,2021-08-30,4.4048,3.75,4.7222,4.2923,high
Australian Capital Territory,2021-08-31,4.4048,3.75,4.7222,4.2923,high
Australian Capital Territory,2021-09-01,4.4048,3.75,4.7222,4.2923,high
Australian Capital Territory,2021-09-02,4.1667,3.75,4.7222,4.213,high
Australian Capital Territory,2021-09-03,4.1667,3.75,4.7222,4.213,high
Australian Capital Territory,2021-09-04,4.1667,3.75,4.7222,4.213,high
Australian Capital Territory,2021-09-05,4.1667,3.75,4.7222,4.213,high
Australian Capital Territory,2021-09-06,4.1667,3.75,4.7222,4.213,high
Australian Capital Territory,2021-09-07,4.1667,3.75,4.7222,4.213,high
Australian Capital Territory,2021-09-08,4.1667,3.75,4.7222,4.213,high
Australian Capital Territory,2021-09-09,4.1667,3.75,4.7222,4.213,high
Australian Capital Territory,2021-09-10,4.1667,3.75,4.7222,4.213,high
Australian Capital Territory,2021-09-11,4.1667,3.75,4.7222,4.213,high
Australian Capital Territory,2021-09-12,4.1667,3.75,4.7222,4.213,high
Australian Capital Territory,2021-09-13,4.1667,3.75,4.7222,4.213,high
Australian Capital Territory,2021-09-14,4.1667,3.75,4.7222,4.213,high
Australian Capital Territory,2021-09-15,4.1667,3.75,4.7222,4.213,high
Australian Capital Territory,2021-09-16,4.1667,3.75,4.7222,4.213,high
Australian Capital Territory,2021-09-17,4.1667,3.75,4.7222,4.213,high
Australian Capital Territory,2021-09-18,4.1667,3.75,4.7222,4.213,high
Australian Capital Territory,2021-09-19,4.1667,3.75,4.7222,4.213,high
Australian Capital Territory,2021-09-20,4.1667,3.75,4.7222,4.213,high
Australian Capital Territory,2021-09-21,4.1667,3.75,4.7222,4.213,high
Australian Capital Territory,2021-09-22,4.1667,3.75,4.7222,4.213,high
Australian Capital Territory,2021-09-23,4.1667,3.75,4.7222,4.213,high
Australian Capital Territory,2021-09-24,4.1667,3.75,4.7222,4.213,high
Australian Capital Territory,2021-09-25,4.1667,3.75,4.7222,4.213,high
Australian Capital Territory,2021-09-26,4.1667,3.75,4.7222,4.213,high
Australian Capital Territory,2021-09-27,4.1667,3.75,4.7222,4.213,high
Australian Capital Territory,2021-09-28,4.1667,3.75,4.7222,4.213,high
Australian Capital Territory,2021-09-29,4.1667,3.75,4.7222,4.213,high
Australian Capital Territory,2021-09-30,4.1667,3.75,4.7222,4.213,high
Australian Capital Territory,2021-10-01,4.4048,2.5,4.7222,3.8757,high
Australian Capital Territory,2021-10-02,4.4048,2.5,4.7222,3.8757,high
Australian Capital Territory,2021-10-03,4.4048,2.5,4.7222,3.8757,high
Australian Capital Territory,2021-10-04,4.4048,2.5,4.7222,3.8757,high
Australian Capital Territory,2021-10-05,4.1667,2.5,4.7222,3.7963,high
Australian Capital Territory,2021-10-06,4.1667,2.5,4.7222,3.7963,high
Australian Capital Territory,2021-10-07,4.1667,2.5,4.7222,3.7963,high
Australian Capital Territory,2021-10-08,4.1667,3.75,4.7222,4.213,high
Australian Capital Territory,2021-10-09,4.1667,3.75,4.7222,4.213,high
Australian Capital Territory,2021-10-10,4.1667,3.75,4.7222,4.213,high
Australian Capital Territory,2021-10-11,4.1667,3.75,4.7222,4.213,high
Australian Capital Territory,2021-10-12,4.1667,3.75,4.7222,4.213,high
Australian Capital Territory,2021-10-13,4.1667,3.75,4.7222,4.213,high
Australian Capital Territory,2021-10-14,4.1667,3.75,4.7222,4.213,high
Australian Capital Territory,2021-10-15,3.2738,3.75,4.4444,3.8227,high
Australian Capital Territory,2021-10-16,3.2738,3.75,4.4444,3.8227,high
Australian Capital Territory,2021-10-17,3.2738,3.75,4.4444,3.8227,high
Australian Capital Territory,2021-10-18,3.2738,3.75,4.4444,3.8227,high
Australian Capital Territory,2021-10-19,3.2738,3.75,4.4444,3.8227,high
Australian Capital Territory,2021-10-20,3.0952,3.75,4.4444,3.7632,high
Australian Capital Territory,2021-10-21,3.0952,3.75,4.4444,3.7632,high
Australian Capital Territory,2021-10-22,2.8571,3.75,4.4444,3.6838,high
Australian Capital Territory,2021-10-23,2.8571,3.75,4.4444,3.6838,high
Australian Capital Territory,2021-10-24,2.8571,3.75,4.4444,3.6838,high
Australian Capital Territory,2021-10-25,2.8571,3.75,4.4444,3.6838,high
Australian Capital Territory,2021-10-26,2.8571,3.75,4.4444,3.6838,high
Australian Capital Territory,2021-10-27,2.8571,3.75,4.4444,3.6838,high
Australian Capital Territory,2021-10-28,2.8571,3.75,4.4444,3.6838,high
Australian Capital Territory,2021-10-29,2.8571,3.75,4.0278,3.545,high
Australian Capital Territory,2021-10-30,2.8571,3.75,4.0278,3.545,high
Australian Capital Territory,2021-10-31,2.8571,3.75,4.0278,3.545,high
Australian Capital Territory,2021-11-01,1.9048,2.5,4.0278,2.8109,medium
Australian Capital Territory,2021-11-02,1.9048,2.5,4.0278,2.8109,medium
Australian Capital Territory,2021-11-03,1.9048,2.5,4.0278,2.8109,medium
Australian Capital Territory,2021-11-04,1.9048,2.5,4.0278,2.8109,medium
Australian Capital Territory,2021-11-05,1.9048,2.5,4.0278,2.8109,medium
Australian Capital Territory,2021-11-06,1.9048,2.5,4.0278,2.8109,medium
Australian Capital Territory,2021-11-07,1.9048,2.5,4.0278,2.8109,medium
Australian Capital Territory,2021-11-08,1.9048,2.5,4.0278,2.8109,medium
Australian Capital Territory,2021-11-09,1.9048,2.5,4.0278,2.8109,medium
Australian Capital Territory,2021-11-10,1.9048,2.5,4.0278,2.8109,medium
Australian Capital Territory,2021-11-11,1.9048,2.5,4.0278,2.8109,medium
Australian Capital Territory,2021-11-12,1.369,2.5,3.75,2.5397,medium
Australian Capital Territory,2021-11-13,1.369,2.5,3.75,2.5397,medium
Australian Capital Territory,2021-11-14,1.369,2.5,3.75,2.5397,medium
Australian Capital Territory,2021-11-15,1.369,2.5,3.75,2.5397,medium
Australian Capital Territory,2021-11-16,1.369,2.5,3.75,2.5397,medium
Australian Capital Territory,2021-11-17,1.369,2.5,3.75,2.5397,medium
Australian Capital Territory,2021-11-18,1.369,2.5,3.75,2.5397,medium
Australian Capital Territory,2021-11-19,1.369,2.5,3.75,2.5397,medium
Australian Capital Territory,2021-11-20,1.369,2.5,3.75,2.5397,medium
Australian Capital Territory,2021-11-21,1.369,2.5,3.75,2.5397,medium
Australian Capital Territory,2021-11-22,1.369,2.5,3.75,2.5397,medium
Australian Capital Territory,2021-11-23,1.369,2.5,3.75,2.5397,medium
Australian Capital Territory,2021-11-24,1.369,2.5,3.75,2.5397,medium
Australian Capital Territory,2021-11-25,1.369,2.5,3.75,2.5397,medium
Australian Capital Territory,2021-11-26,1.369,2.5,3.75,2.5397,medium
Australian Capital Territory,2021-11-27,1.7262,2.5,3.75,2.6587,medium
Australian Capital Territory,2021-11-28,1.7262,2.5,3.75,2.6587,medium
Australian Capital Territory,2021-11-29,1.7262,2.5,3.75,2.6587,medium
Australian Capital Territory,2021-11-30,1.7262,2.5,3.75,2.6587,medium
Australian Capital Territory,2021-12-01,1.7262,2.5,3.75,2.6587,medium
Australian Capital Territory,2021-12-02,1.7262,2.5,3.75,2.6587,medium
Australian Capital Territory,2021-12-03,1.7262,2.5,3.3333,2.5198,medium
Australian Capital Territory,2021-12-04,1.7262,2.5,3.3333,2.5198,medium
Australian Capital Territory,2021-12-05,1.7262,2.5,3.3333,2.5198,medium
Australian Capital Territory,2021-12-06,1.7262,2.5,3.3333,2.5198,medium
Australian Capital Territory,2021-12-07,1.7262,2.5,3.3333,2.5198,medium
Australian Capital Territory,2021-12-08,1.7262,2.5,3.3333,2.5198,medium
Australian Capital Territory,2021-12-09,1.7262,2.5,3.3333,2.5198,medium
Australian Capital Territory,2021-12-10,1.7262,2.5,3.3333,2.5198,medium
Australian Capital Territory,2021-12-11,1.7262,2.5,3.3333,2.5198,medium
Australian Capital Territory,2021-12-12,1.7262,2.5,3.3333,2.5198,medium
Australian Capital Territory,2021-12-13,1.7262,2.5,3.3333,2.5198,medium
Australian Capital Territory,2021-12-14,1.7262,2.5,3.3333,2.5198,medium
Australian Capital Territory,2021-12-15,1.7262,2.5,3.3333,2.5198,medium
Australian Capital Territory,2021-12-16,1.369,2.5,3.3333,2.4008,medium
Australian Capital Territory,2021-12-17,1.369,2.5,3.3333,2.4008,medium
Australian Capital Territory,2021-12-18,1.369,2.5,3.3333,2.4008,medium
Australian Capital Territory,2021-12-19,1.369,2.5,3.3333,2.4008,medium
Australian Capital Territory,2021-12-20,1.369,2.5,3.3333,2.4008,medium
Australian Capital Territory,2021-12-21,1.369,2.5,3.5417,2.4702,medium
Australian Capital Territory,2021-12-22,1.369,2.5,3.5417,2.4702,medium
Australian Capital Territory,2021-12-23,1.369,2.5,3.5417,2.4702,medium
Australian Capital Territory,2021-12-24,1.369,2.5,3.5417,2.4702,medium
Australian Capital Territory,2021-12-25,1.369,2.5,3.5417,2.4702,medium
Australian Capital Territory,2021-12-26,1.369,2.5,3.5417,2.4702,medium
Australian Capital Territory,2021-12-27,1.369,2.5,3.5417,2.4702,medium
Australian Capital Territory,2021-12-28,1.369,2.5,3.8194,2.5628,medium
Australian Capital Territory,2021-12-29,1.369,2.5,3.8194,2.5628,medium
Australian Capital Territory,2021-12-30,1.369,2.5,3.8194,2.5628,medium
Australian Capital Territory,2021-12-31,1.369,2.5,3.8194,2.5628,medium
Australian Capital Territory,2022-01-01,1.369,2.5,4.2361,2.7017,medium
Australian Capital Territory,2022-01-02,1.369,2.5,4.2361,2.7017,medium
Australian Capital Territory,2022-01-03,1.369,2.5,4.2361,2.7017,medium
Australian Capital Territory,2022-01-04,1.369,2.5,4.2361,2.7017,medium
Australian Capital Territory,2022-01-05,1.369,2.5,4.2361,2.7017,medium
Australian Capital Territory,2022-01-06,1.369,2.5,4.2361,2.7017,medium
Australian Capital Territory,2022-01-07,1.369,2.5,4.2361,2.7017,medium
Australian Capital Territory,2022-01-08,1.369,2.5,4.2361,2.7017,medium
Australian Capital Territory,2022-01-09,1.369,2.5,4.2361,2.7017,medium
Australian Capital Territory,2022-01-10,1.369,2.5,4.2361,2.7017,medium
Australian Capital Territory,2022-01-11,1.369,2.5,4.2361,2.7017,medium
Australian Capital Territory,2022-01-12,1.369,2.5,4.2361,2.7017,medium
Australian Capital Territory,2022-01-13,1.369,2.5,4.2361,2.7017,medium
Australian Capital Territory,2022-01-14,1.5476,2.5,3.8194,2.6223,medium
Australian Capital Territory,2022-01-15,1.5476,2.5,3.8194,2.6223,medium
Australian Capital Territory,2022-01-16,1.5476,2.5,3.8194,2.6223,medium
Australian Capital Territory,2022-01-17,1.5476,2.5,3.8194,2.6223,medium
Australian Capital Territory,2022-01-18,1.5476,2.5,3.8194,2.6223,medium
Australian Capital Territory,2022-01-19,1.5476,2.5,3.8194,2.6223,medium
Australian Capital Territory,2022-01-20,1.5476,2.5,3.8194,2.6223,medium
Australian Capital Territory,2022-01-21,1.5476,2.5,3.8194,2.6223,medium
Australian Capital Territory,2022-01-22,1.5476,2.5,3.8194,2.6223,medium
Australian Capital Territory,2022-01-23,1.5476,2.5,3.8194,2.6223,medium
Australian Capital Territory,2022-01-24,1.5476,2.5,3.8194,2.6223,medium
Australian Capital Territory,2022-01-25,1.5476,2.5,3.8194,2.6223,medium
Australian Capital Territory,2022-01-26,1.5476,2.5,3.8194,2.6223,medium
Australian Capital Territory,2022-01-27,1.5476,2.5,3.8194,2.6223,medium
Australian Capital Territory,2022-01-28,1.5476,2.5,3.8194,2.6223,medium
Australian Capital Territory,2022-01-29,1.5476,2.5,3.8194,2.6223,medium
Australian Capital Territory,2022-01-30,1.5476,2.5,3.8194,2.6223,medium
Australian Capital Territory,2022-01-31,1.5476,2.5,3.8194,2.6223,medium
Australian Capital Territory,2022-02-01,1.5476,2.5,3.8194,2.6223,medium
Australian Capital Territory,2022-02-02,1.5476,2.5,3.8194,2.6223,medium
Australian Capital Territory,2022-02-03,1.5476,2.5,3.8194,2.6223,medium
Australian Capital Territory,2022-02-04,1.5476,2.5,3.8194,2.6223,medium
Australian Capital Territory,2022-02-05,1.5476,2.5,3.8194,2.6223,medium
Australian Capital Territory,2022-02-06,1.5476,2.5,3.8194,2.6223,medium
Australian Capital Territory,2022-02-07,1.5476,2.5,3.8194,2.6223,medium
Australian Capital Territory,2022-02-08,1.5476,2.5,3.8194,2.6223,medium
Australian Capital Territory,2022-02-09,1.5476,2.5,3.8194,2.6223,medium
Australian Capital Territory,2022-02-10,1.5476,2.5,3.8194,2.6223,medium
Australian Capital Territory,2022-02-11,1.5476,2.5,3.8194,2.6223,medium
Australian Capital Territory,2022-02-12,1.5476,2.5,3.8194,2.6223,medium
Australian Capital Territory,2022-02-13,1.1905,2.5,3.8194,2.5033,medium
Australian Capital Territory,2022-02-14,1.1905,2.5,3.8194,2.5033,medium
Australian Capital Territory,2022-02-15,1.1905,2.5,3.8194,2.5033,medium
Australian Capital Territory,2022-02-16,1.1905,2.5,3.8194,2.5033,medium
Australian Capital Territory,2022-02-17,1.1905,2.5,3.8194,2.5033,medium
Australian Capital Territory,2022-02-18,1.1905,2.5,3.8194,2.5033,medium
Australian Capital Territory,2022-02-19,1.1905,2.5,3.8194,2.5033,medium
Australian Capital Territory,2022-02-20,1.1905,2.5,3.8194,2.5033,medium
Australian Capital Territory,2022-02-21,1.0119,2.5,3.3333,2.2817,low
Australian Capital Territory,2022-02-22,1.0119,2.5,3.3333,2.2817,low
Australian Capital Territory,2022-02-23,1.0119,2.5,3.3333,2.2817,low
Australian Capital Territory,2022-02-24,1.0119,2.5,3.3333,2.2817,low
Australian Capital Territory,2022-02-25,1.0119,2.5,3.3333,2.2817,low
Australian Capital Territory,2022-02-26,1.0119,2.5,3.3333,2.2817,low
Australian Capital Territory,2022-02-27,1.0119,2.5,3.3333,2.2817,low
Australian Capital Territory,2022-02-28,1.0119,2.5,3.3333,2.2817,low
Australian Capital Territory,2022-03-01,1.0119,2.5,3.3333,2.2817,low
Australian Capital Territory,2022-03-02,1.0119,2.5,3.3333,2.2817,low
Australian Capital Territory,2022-03-03,1.0119,2.5,3.3333,2.2817,low
Australian Capital Territory,2022-03-04,1.0119,2.5,3.3333,2.2817,low
Australian Capital Territory,2022-03-05,1.0119,2.5,3.3333,2.2817,low
Australian Capital Territory,2022-03-06,1.0119,2.5,3.3333,2.2817,low
Australian Capital Territory,2022-03-07,1.0119,2.5,3.3333,2.2817,low
Australian Capital Territory,2022-03-08,1.0119,2.5,3.3333,2.2817,low
Australian Capital Territory,2022-03-09,1.0119,2.5,3.3333,2.2817,low
Australian Capital Territory,2022-03-10,1.0119,2.5,3.3333,2.2817,low
Australian Capital Territory,2022-03-11,1.0119,2.5,3.3333,2.2817,low
Australian Capital Territory,2022-03-12,1.0119,2.5,3.3333,2.2817,low
Australian Capital Territory,2022-03-13,1.0119,2.5,3.3333,2.2817,low
Australian Capital Territory,2022-03-14,1.0119,2.5,3.3333,2.2817,low
Australian Capital Territory,2022-03-15,1.7857,2.5,3.3333,2.5397,medium
Australian Capital Territory,2022-03-16,1.7857,2.5,3.3333,2.5397,medium
Australian Capital Territory,2022-03-17,1.7857,2.5,3.3333,2.5397,medium
Australian Capital Territory,2022-03-18,1.7857,2.5,3.3333,2.5397,medium
Australian Capital Territory,2022-03-19,1.7857,2.5,3.3333,2.5397,medium
Australian Capital Territory,2022-03-20,1.7857,2.5,3.3333,2.5397,medium
Australian Capital Territory,2022-03-21,1.7857,2.5,3.3333,2.5397,medium
Australian Capital Territory,2022-03-22,1.0119,2.5,3.3333,2.2817,low
Australian Capital Territory,2022-03-23,1.0119,2.5,3.3333,2.2817,low
Australian Capital Territory,2022-03-24,1.0119,2.5,3.3333,2.2817,low
Australian Capital Territory,2022-03-25,1.0119,2.5,3.3333,2.2817,low
Australian Capital Territory,2022-03-26,1.0119,2.5,3.3333,2.2817,low
Australian Capital Territory,2022-03-27,1.0119,2.5,3.3333,2.2817,low
Australian Capital Territory,2022-03-28,1.0119,2.5,3.3333,2.2817,low
Australian Capital Territory,2022-03-29,1.0119,2.5,3.3333,2.2817,low
Australian Capital Territory,2022-03-30,1.0119,2.5,3.3333,2.2817,low
Australian Capital Territory,2022-03-31,1.0119,2.5,3.3333,2.2817,low
Australian Capital Territory,2022-04-01,1.0119,2.5,3.3333,2.2817,low
Australian Capital Territory,2022-04-02,1.0119,2.5,3.3333,2.2817,low
Australian Capital Territory,2022-04-03,1.0119,2.5,3.3333,2.2817,low
Australian Capital Territory,2022-04-04,1.0119,2.5,3.3333,2.2817,low
Australian Capital Territory,2022-04-05,1.0119,2.5,3.3333,2.2817,low
Australian Capital Territory,2022-04-06,1.0119,2.5,3.3333,2.2817,low
Australian Capital Territory,2022-04-07,1.0119,2.5,3.3333,2.2817,low
Australian Capital Territory,2022-04-08,1.0119,2.5,3.3333,2.2817,low
Australian Capital Territory,2022-04-09,1.0119,2.5,3.3333,2.2817,low
Australian Capital Territory,2022-04-10,1.0119,2.5,3.3333,2.2817,low
Australian Capital Territory,2022-04-11,1.0119,2.5,3.3333,2.2817,low
Australian Capital Territory,2022-04-12,1.0119,2.5,3.3333,2.2817,low
Australian Capital Territory,2022-04-13,1.0119,2.5,3.3333,2.2817,low
Australian Capital Territory,2022-04-14,1.0119,2.5,3.3333,2.2817,low
Australian Capital Territory,2022-04-15,1.0119,2.5,3.3333,2.2817,low
Australian Capital Territory,2022-04-16,1.0119,2.5,3.3333,2.2817,low
Australian Capital Territory,2022-04-17,1.0119,2.5,3.3333,2.2817,low
Australian Capital Territory,2022-04-18,1.0119,2.5,3.3333,2.2817,low
Australian Capital Territory,2022-04-19,1.0119,2.5,3.3333,2.2817,low
Australian Capital Territory,2022-04-20,0.6548,2.5,3.3333,2.1627,low
Australian Capital Territory,2022-04-21,0.6548,2.5,3.3333,2.1627,low
Australian Capital Territory,2022-04-22,0.6548,2.5,3.3333,2.1627,low
Australian Capital Territory,2022-04-23,0.6548,2.5,3.3333,2.1627,low
Australian Capital Territory,2022-04-24,0.6548,2.5,3.3333,2.1627,low
Australian Capital Territory,2022-04-25,0.6548,2.5,3.3333,2.1627,low
Australian Capital Territory,2022-04-26,0.6548,2.5,3.3333,2.1627,low
Australian Capital Territory,2022-04-27,0.6548,2.5,3.3333,2.1627,low
Australian Capital Territory,2022-04-28,0.6548,2.5,3.3333,2.1627,low
Australian Capital Territory,2022-04-29,0.6548,2.5,3.3333,2.1627,low
Australian Capital Territory,2022-04-30,0.6548,2.5,3.3333,2.1627,low
Australian Capital Territory,2022-05-01,0.6548,2.5,3.3333,2.1627,low
Australian Capital Territory,2022-05-02,0.6548,2.5,3.3333,2.1627,low
Australian Capital Territory,2022-05-03,0.6548,2.5,3.3333,2.1627,low
Australian Capital Territory,2022-05-04,0.6548,2.5,3.3333,2.1627,low
Australian Capital Territory,2022-05-05,0.6548,2.5,3.3333,2.1627,low
Australian Capital Territory,2022-05-06,0.6548,2.5,3.3333,2.1627,low
Australian Capital Territory,2022-05-07,0.6548,2.5,3.3333,2.1627,low
Australian Capital Territory,2022-05-08,0.6548,2.5,3.3333,2.1627,low
Australian Capital Territory,2022-05-09,0.6548,2.5,3.3333,2.1627,low
Australian Capital Territory,2022-05-10,0.6548,2.5,3.3333,2.1627,low
Australian Capital Territory,2022-05-11,0.6548,2.5,3.3333,2.1627,low
Australian Capital Territory,2022-05-12,0.6548,1.25,3.3333,1.746,low
Australian Capital Territory,2022-05-13,0.6548,1.25,3.3333,1.746,low
Australian Capital Territory,2022-05-14,0.6548,1.25,3.3333,1.746,low
Australian Capital Territory,2022-05-15,0.6548,1.25,3.3333,1.746,low
Australian Capital Territory,2022-05-16,0.6548,1.25,3.3333,1.746,low
Australian Capital Territory,2022-05-17,0.6548,1.25,3.3333,1.746,low
Australian Capital Territory,2022-05-18,0.6548,1.25,3.3333,1.746,low
Australian Capital Territory,2022-05-19,0.6548,1.25,3.3333,1.746,low
Australian Capital Territory,2022-05-20,0.6548,1.25,3.3333,1.746,low
Australian Capital Territory,2022-05-21,0.6548,1.25,3.3333,1.746,low
Australian Capital Territory,2022-05-22,0.6548,1.25,3.3333,1.746,low
Australian Capital Territory,2022-05-23,0.6548,1.25,3.3333,1.746,low
Australian Capital Territory,2022-05-24,0.6548,1.25,3.3333,1.746,low
Australian Capital Territory,2022-05-25,0.6548,1.25,3.3333,1.746,low
Australian Capital Territory,2022-05-26,0.6548,1.25,3.3333,1.746,low
Australian Capital Territory,2022-05-27,0.6548,1.25,3.3333,1.746,low
Australian Capital Territory,2022-05-28,0.6548,1.25,3.3333,1.746,low
Australian Capital Territory,2022-05-29,0.6548,1.25,3.3333,1.746,low
Australian Capital Territory,2022-05-30,0.6548,1.25,3.3333,1.746,low
Australian Capital Territory,2022-05-31,0.6548,1.25,3.3333,1.746,low
Australian Capital Territory,2022-06-01,0.6548,1.25,3.3333,1.746,low
Australian Capital Territory,2022-06-02,0.6548,1.25,3.3333,1.746,low
Australian Capital Territory,2022-06-03,1.0119,1.25,3.3333,1.8651,low
Australian Capital Territory,2022-06-04,1.0119,1.25,3.3333,1.8651,low
Australian Capital Territory,2022-06-05,1.0119,1.25,3.3333,1.8651,low
Australian Capital Territory,2022-06-06,1.0119,1.25,3.3333,1.8651,low
Australian Capital Territory,2022-06-07,1.0119,1.25,3.3333,1.8651,low
Australian Capital Territory,2022-06-08,1.0119,1.25,3.3333,1.8651,low
Australian Capital Territory,2022-06-09,1.0119,1.25,3.3333,1.8651,low
Australian Capital Territory,2022-06-10,0.6548,1.25,3.3333,1.746,low
Australian Capital Territory,2022-06-11,0.6548,1.25,3.3333,1.746,low
Australian Capital Territory,2022-06-12,0.6548,1.25,3.3333,1.746,low
Australian Capital Territory,2022-06-13,0.6548,1.25,3.3333,1.746,low
Australian Capital Territory,2022-06-14,0.6548,1.25,3.3333,1.746,low
Australian Capital Territory,2022-06-15,0.6548,1.25,3.3333,1.746,low
Australian Capital Territory,2022-06-16,0.6548,1.25,3.3333,1.746,low
Australian Capital Territory,2022-06-17,0.6548,1.25,3.3333,1.746,low
Australian Capital Territory,2022-06-18,0.6548,1.25,3.3333,1.746,low
Australian Capital Territory,2022-06-19,0.6548,1.25,3.3333,1.746,low
Australian Capital Territory,2022-06-20,0.6548,1.25,3.3333,1.746,low
Australian Capital Territory,2022-06-21,0.6548,1.25,3.3333,1.746,low
Australian Capital Territory,2022-06-22,0.6548,1.25,3.3333,1.746,low
Australian Capital Territory,2022-06-23,0.6548,1.25,3.3333,1.746,low
Australian Capital Territory,2022-06-24,0.6548,1.25,2.9167,1.6072,low
Australian Capital Territory,2022-06-25,0.6548,1.25,2.9167,1.6072,low
Australian Capital Territory,2022-06-26,0.6548,1.25,2.9167,1.6072,low
Australian Capital Territory,2022-06-27,0.6548,1.25,2.9167,1.6072,low
Australian Capital Territory,2022-06-28,0.6548,1.25,2.9167,1.6072,low
Australian Capital Territory,2022-06-29,0.6548,1.25,2.9167,1.6072,low
Australian Capital Territory,2022-06-30,0.6548,1.25,2.9167,1.6072,low
Australian Capital Territory,2022-07-01,0.6548,1.25,3.1944,1.6997,low
Australian Capital Territory,2022-07-02,0.6548,1.25,3.1944,1.6997,low
Australian Capital Territory,2022-07-03,0.6548,1.25,3.1944,1.6997,low
Australian Capital Territory,2022-07-04,0.6548,1.25,3.1944,1.6997,low
Australian Capital Territory,2022-07-05,0.6548,1.25,3.1944,1.6997,low
Australian Capital Territory,2022-07-06,0.6548,1.25,3.1944,1.6997,low
Australian Capital Territory,2022-07-07,0.6548,1.25,3.1944,1.6997,low
Australian Capital Territory,2022-07-08,0.6548,1.25,3.1944,1.6997,low
Australian Capital Territory,2022-07-09,0.6548,1.25,3.1944,1.6997,low
Australian Capital Territory,2022-07-10,0.6548,1.25,3.1944,1.6997,low
Australian Capital Territory,2022-07-11,0.6548,1.25,3.1944,1.6997,low
Australian Capital Territory,2022-07-12,0.6548,1.25,3.1944,1.6997,low
Australian Capital Territory,2022-07-13,0.6548,1.25,3.1944,1.6997,low
Australian Capital Territory,2022-07-14,0.6548,1.25,3.1944,1.6997,low
Australian Capital Territory,2022-07-15,0.6548,1.25,3.1944,1.6997,low
Australian Capital Territory,2022-07-16,0.6548,1.25,3.1944,1.6997,low
Australian Capital Territory,2022-07-17,0.6548,1.25,3.1944,1.6997,low
Australian Capital Territory,2022-07-18,0.6548,1.25,3.1944,1.6997,low
Australian Capital Territory,2022-07-19,0.6548,1.25,3.1944,1.6997,low
Australian Capital Territory,2022-07-20,0.6548,1.25,3.1944,1.6997,low
Australian Capital Territory,2022-07-21,0.6548,1.25,3.1944,1.6997,low
Australian Capital Territory,2022-07-22,0.6548,1.25,3.1944,1.6997,low
Australian Capital Territory,2022-07-23,0.6548,1.25,3.1944,1.6997,low
Australian Capital Territory,2022-07-24,0.6548,1.25,3.1944,1.6997,low
Australian Capital Territory,2022-07-25,0.6548,1.25,3.1944,1.6997,low
Australian Capital Territory,2022-07-26,0.6548,1.25,3.1944,1.6997,low
Australian Capital Territory,2022-07-27,0.6548,1.25,3.1944,1.6997,low
Australian Capital Territory,2022-07-28,0.6548,1.25,3.1944,1.6997,low
Australian Capital Territory,2022-07-29,0.6548,1.25,3.1944,1.6997,low
Australian Capital Territory,2022-07-30,0.6548,1.25,3.1944,1.6997,low
Australian Capital Territory,2022-07-31,0.6548,1.25,3.1944,1.6997,low
Australian Capital Territory,2022-08-01,0.6548,1.25,3.1944,1.6997,low
Australian Capital Territory,2022-08-02,0.6548,1.25,3.1944,1.6997,low
Australian Capital Territory,2022-08-03,0.6548,1.25,3.1944,1.6997,low
Australian Capital Territory,2022-08-04,0.6548,1.25,3.1944,1.6997,low
Australian Capital Territory,2022-08-05,0.6548,1.25,3.1944,1.6997,low
Australian Capital Territory,2022-08-06,0.6548,1.25,2.9167,1.6072,low
Australian Capital Territory,2022-08-07,0.6548,1.25,2.9167,1.6072,low
Australian Capital Territory,2022-08-08,0.6548,1.25,2.9167,1.6072,low
Australian Capital Territory,2022-08-09,0.6548,1.25,2.9167,1.6072,low
Australian Capital Territory,2022-08-10,0.6548,1.25,2.9167,1.6072,low
Australian Capital Territory,2022-08-11,0.6548,1.25,2.9167,1.6072,low
Australian Capital Territory,2022-08-12,0.6548,1.25,2.9167,1.6072,low
Australian Capital Territory,2022-08-13,0.6548,1.25,2.9167,1.6072,low
Australian Capital Territory,2022-08-14,0.6548,1.25,2.9167,1.6072,low
Australian Capital Territory,2022-08-15,0.6548,1.25,2.9167,1.6072,low
Australian Capital Territory,2022-08-16,0.6548,1.25,2.9167,1.6072,low
Australian Capital Territory,2022-08-17,0.6548,1.25,2.9167,1.6072,low
Australian Capital Territory,2022-08-18,0.6548,1.25,2.9167,1.6072,low
Australian Capital Territory,2022-08-19,0.6548,1.25,2.9167,1.6072,low
Australian Capital Territory,2022-08-20,0.6548,1.25,2.9167,1.6072,low
Australian Capital Territory,2022-08-21,0.6548,1.25,2.9167,1.6072,low
Australian Capital Territory,2022-08-22,0.6548,1.25,2.9167,1.6072,low
Australian Capital Territory,2022-08-23,0.6548,1.25,2.9167,1.6072,low
Australian Capital Territory,2022-08-24,0.6548,1.25,2.9167,1.6072,low
Australian Capital Territory,2022-08-25,0.6548,1.25,2.9167,1.6072,low
Australian Capital Territory,2022-08-26,0.6548,1.25,2.9167,1.6072,low
Australian Capital Territory,2022-08-27,0.4762,1.25,2.9167,1.5476,low
Australian Capital Territory,2022-08-28,0.4762,1.25,2.9167,1.5476,low
Australian Capital Territory,2022-08-29,0.4762,1.25,2.9167,1.5476,low
Australian Capital Territory,2022-08-30,0.4762,1.25,2.9167,1.5476,low
Australian Capital Territory,2022-08-31,0.4762,1.25,2.9167,1.5476,low
Australian Capital Territory,2022-09-01,0.4762,1.25,2.9167,1.5476,low
Australian Capital Territory,2022-09-02,0.4762,1.25,2.9167,1.5476,low
Australian Capital Territory,2022-09-03,0.4762,1.25,2.9167,1.5476,low
Australian Capital Territory,2022-09-04,0.4762,1.25,2.9167,1.5476,low
Australian Capital Territory,2022-09-05,0.4762,1.25,2.9167,1.5476,low
Australian Capital Territory,2022-09-06,0.4762,1.25,2.9167,1.5476,low
Australian Capital Territory,2022-09-07,0.4762,1.25,2.9167,1.5476,low
Australian Capital Territory,2022-09-08,0.4762,1.25,2.9167,1.5476,low
Australian Capital Territory,2022-09-09,0.4762,1.25,2.9167,1.5476,low
Australian Capital Territory,2022-09-10,0.4762,1.25,2.9167,1.5476,low
Australian Capital Territory,2022-09-11,0.4762,1.25,3.75,1.8254,low
Australian Capital Territory,2022-09-12,0.4762,1.25,3.75,1.8254,low
Australian Capital Territory,2022-09-13,0.4762,1.25,3.75,1.8254,low
Australian Capital Territory,2022-09-14,0.4762,1.25,3.75,1.8254,low
Australian Capital Territory,2022-09-15,0.4762,1.25,3.75,1.8254,low
Australian Capital Territory,2022-09-16,0.4762,1.25,3.75,1.8254,low
Australian Capital Territory,2022-09-17,0.4762,1.25,3.75,1.8254,low
Australian Capital Territory,2022-09-18,0.4762,1.25,3.75,1.8254,low
Australian Capital Territory,2022-09-19,0.4762,1.25,3.75,1.8254,low
Australian Capital Territory,2022-09-20,0.4762,1.25,3.75,1.8254,low
Australian Capital Territory,2022-09-21,0.4762,1.25,3.75,1.8254,low
Australian Capital Territory,2022-09-22,0.4762,1.25,3.75,1.8254,low
Australian Capital Territory,2022-09-23,0.4762,1.25,3.75,1.8254,low
Australian Capital Territory,2022-09-24,0.4762,1.25,3.75,1.8254,low
Australian Capital Territory,2022-09-25,0.4762,1.25,3.75,1.8254,low
Australian Capital Territory,2022-09-26,0.4762,1.25,3.75,1.8254,low
Australian Capital Territory,2022-09-27,0.4762,1.25,3.75,1.8254,low
Australian Capital Territory,2022-09-28,0.4762,1.25,3.75,1.8254,low
Australian Capital Territory,2022-09-29,0.4762,1.25,3.75,1.8254,low
Australian Capital Territory,2022-09-30,0.4762,1.25,3.75,1.8254,low
Australian Capital Territory,2022-10-01,0.4762,1.25,2.9167,1.5476,low
Australian Capital Territory,2022-10-02,0.4762,1.25,2.9167,1.5476,low
Australian Capital Territory,2022-10-03,0.4762,1.25,2.9167,1.5476,low
Australian Capital Territory,2022-10-04,0.4762,1.25,2.9167,1.5476,low
Australian Capital Territory,2022-10-05,0.4762,1.25,2.9167,1.5476,low
Australian Capital Territory,2022-10-06,0.4762,1.25,2.9167,1.5476,low
Australian Capital Territory,2022-10-07,0.4762,1.25,2.9167,1.5476,low
Australian Capital Territory,2022-10-08,0.4762,1.25,2.9167,1.5476,low
Australian Capital Territory,2022-10-09,0.4762,1.25,2.9167,1.5476,low
Australian Capital Territory,2022-10-10,0.4762,1.25,2.9167,1.5476,low
Australian Capital Territory,2022-10-11,0.4762,1.25,2.9167,1.5476,low
Australian Capital Territory,2022-10-12,0.4762,1.25,2.9167,1.5476,low
Australian Capital Territory,2022-10-13,0.4762,1.25,2.9167,1.5476,low
Australian Capital Territory,2022-10-14,0.4762,1.25,2.9167,1.5476,low
Australian Capital Territory,2022-10-15,0.4762,0.0,2.9167,1.131,low
Australian Capital Territory,2022-10-16,0.4762,0.0,2.9167,1.131,low
Australian Capital Territory,2022-10-17,0.4762,0.0,2.9167,1.131,low
Australian Capital Territory,2022-10-18,0.4762,0.0,2.9167,1.131,low
Australian Capital Territory,2022-10-19,0.4762,0.0,2.9167,1.131,low
Australian Capital Territory,2022-10-20,0.4762,0.0,2.9167,1.131,low
Australian Capital Territory,2022-10-21,0.4762,0.0,2.9167,1.131,low
Australian Capital Territory,2022-10-22,0.4762,0.0,2.9167,1.131,low
Australian Capital Territory,2022-10-23,0.4762,0.0,2.9167,1.131,low
Australian Capital Territory,2022-10-24,0.4762,0.0,2.9167,1.131,low
Australian Capital Territory,2022-10-25,0.4762,0.0,2.9167,1.131,low
Australian Capital Territory,2022-10-26,0.4762,0.0,2.9167,1.131,low
Australian Capital Territory,2022-10-27,0.4762,0.0,2.9167,1.131,low
Australian Capital Territory,2022-10-28,0.4762,0.0,2.9167,1.131,low
Australian Capital Territory,2022-10-29,0.4762,0.0,2.9167,1.131,low
Australian Capital Territory,2022-10-30,0.4762,0.0,2.9167,1.131,low
Australian Capital Territory,2022-10-31,0.4762,0.0,2.9167,1.131,low
Australian Capital Territory,2022-11-01,0.4762,0.0,2.9167,1.131,low
Australian Capital Territory,2022-11-02,0.4762,0.0,2.9167,1.131,low
Australian Capital Territory,2022-11-03,0.4762,0.0,2.9167,1.131,low
Australian Capital Territory,2022-11-04,0.4762,0.0,2.9167,1.131,low
Australian Capital Territory,2022-11-05,0.4762,0.0,2.9167,1.131,low
Australian Capital Territory,2022-11-06,0.4762,0.0,2.9167,1.131,low
Australian Capital Territory,2022-11-07,0.4762,0.0,2.9167,1.131,low
Australian Capital Territory,2022-11-08,0.4762,0.0,2.9167,1.131,low
Australian Capital Territory,2022-11-09,0.4762,0.0,2.9167,1.131,low
Australian Capital Territory,2022-11-10,0.4762,0.0,2.9167,1.131,low
Australian Capital Territory,2022-11-11,0.4762,0.0,2.9167,1.131,low
Australian Capital Territory,2022-11-12,0.4762,0.0,2.9167,1.131,low
Australian Capital Territory,2022-11-13,0.4762,0.0,2.9167,1.131,low
Australian Capital Territory,2022-11-14,0.4762,0.0,2.9167,1.131,low
Australian Capital Territory,2022-11-15,0.4762,0.0,2.9167,1.131,low
Australian Capital Territory,2022-11-16,0.4762,0.0,2.9167,1.131,low
Australian Capital Territory,2022-11-17,0.4762,0.0,2.9167,1.131,low
Australian Capital Territory,2022-11-18,0.4762,0.0,2.9167,1.131,low
Australian Capital Territory,2022-11-19,0.4762,0.0,2.9167,1.131,low
Australian Capital Territory,2022-11-20,0.4762,0.0,2.9167,1.131,low
Australian Capital Territory,2022-11-21,0.4762,0.0,2.9167,1.131,low
Australian Capital Territory,2022-11-22,0.4762,0.0,2.9167,1.131,low
Australian Capital Territory,2022-11-23,0.4762,0.0,2.9167,1.131,low
Australian Capital Territory,2022-11-24,0.4762,0.0,2.9167,1.131,low
Australian Capital Territory,2022-11-25,0.4762,0.0,2.9167,1.131,low
Australian Capital Territory,2022-11-26,0.4762,0.0,2.9167,1.131,low
Australian Capital Territory,2022-11-27,0.4762,0.0,2.9167,1.131,low
Australian Capital Territory,2022-11-28,0.4762,0.0,2.9167,1.131,low
Australian Capital Territory,2022-11-29,0.4762,0.0,2.9167,1.131,low
Australian Capital Territory,2022-11-30,0.4762,0.0,2.9167,1.131,low
Australian Capital Territory,2022-12-01,0.4762,0.0,2.9167,1.131,low
Australian Capital Territory,2022-12-02,0.4762,0.0,2.9167,1.131,low
Australian Capital Territory,2022-12-03,0.4762,0.0,2.9167,1.131,low
Australian Capital Territory,2022-12-04,0.4762,0.0,2.9167,1.131,low
Australian Capital Territory,2022-12-05,0.4762,0.0,2.9167,1.131,low
Australian Capital Territory,2022-12-06,0.4762,0.0,2.9167,1.131,low
Australian Capital Territory,2022-12-07,0.4762,0.0,2.9167,1.131,low
Australian Capital Territory,2022-12-08,0.4762,0.0,2.9167,1.131,low
Australian Capital Territory,2022-12-09,0.4762,0.0,2.9167,1.131,low
Australian Capital Territory,2022-12-10,0.4762,0.0,2.9167,1.131,low
Australian Capital Territory,2022-12-11,0.4762,0.0,2.9167,1.131,low
Australian Capital Territory,2022-12-12,0.4762,0.0,2.9167,1.131,low
Australian Capital Territory,2022-12-13,0.4762,0.0,2.9167,1.131,low
Australian Capital Territory,2022-12-14,0.4762,0.0,2.9167,1.131,low
Australian Capital Territory,2022-12-15,0.4762,0.0,2.9167,1.131,low
Australian Capital Territory,2022-12-16,0.4762,0.0,2.9167,1.131,low
Australian Capital Territory,2022-12-17,0.4762,0.0,2.9167,1.131,low
Australian Capital Territory,2022-12-18,0.4762,0.0,2.9167,1.131,low
Australian Capital Territory,2022-12-19,0.4762,0.0,2.9167,1.131,low
Australian Capital Territory,2022-12-20,0.4762,0.0,2.9167,1.131,low
Australian Capital Territory,2022-12-21,0.4762,0.0,2.9167,1.131,low
Australian Capital Territory,2022-12-22,0.4762,0.0,2.9167,1.131,low
Australian Capital Territory,2022-12-23,0.4762,0.0,2.9167,1.131,low
Australian Capital Territory,2022-12-24,0.4762,0.0,2.9167,1.131,low
Australian Capital Territory,2022-12-25,0.4762,0.0,2.9167,1.131,low
Australian Capital Territory,2022-12-26,0.4762,0.0,2.9167,1.131,low
Australian Capital Territory,2022-12-27,0.4762,0.0,2.9167,1.131,low
Australian Capital Territory,2022-12-28,0.4762,0.0,2.9167,1.131,low
Australian Capital Territory,2022-12-29,0.4762,0.0,2.9167,1.131,low
Australian Capital Territory,2022-12-30,0.4762,0.0,2.9167,1.131,low
Australian Capital Territory,2022-12-31,0.4762,0.0,2.9167,1.131,low
New South Wales,2020-01-01,0.0,0.0,0.0,0.0,low
New South Wales,2020-01-02,0.0,0.0,0.0,0.0,low
New South Wales,2020-01-03,0.0,0.0,0.0,0.0,low
New South Wales,2020-01-04,0.0,0.0,0.0,0.0,low
New South Wales,2020-01-05,0.0,0.0,0.0,0.0,low
New South Wales,2020-01-06,0.0,0.0,0.0,0.0,low
New South Wales,2020-01-07,0.0,0.0,0.0,0.0,low
New South Wales,2020-01-08,0.0,0.0,0.0,0.0,low
New South Wales,2020-01-09,0.0,0.0,0.0,0.0,low
New South Wales,2020-01-10,0.0,0.0,0.0,0.0,low
New South Wales,2020-01-11,0.0,0.0,0.0,0.0,low
New South Wales,2020-01-12,0.0,0.0,0.0,0.0,low
New South Wales,2020-01-13,0.0,0.0,0.0,0.0,low
New South Wales,2020-01-14,0.0,0.0,0.0,0.0,low
New South Wales,2020-01-15,0.0,0.0,0.0,0.0,low
New South Wales,2020-01-16,0.0,0.0,0.0,0.0,low
New South Wales,2020-01-17,0.0,0.0,0.0,0.0,low
New South Wales,2020-01-18,0.0,0.0,0.0,0.0,low
New South Wales,2020-01-19,0.0,0.0,0.0,0.0,low
New South Wales,2020-01-20,0.0,0.0,0.0,0.0,low
New South Wales,2020-01-21,0.0,0.0,0.8333,0.2778,low
New South Wales,2020-01-22,0.0,0.0,0.8333,0.2778,low
New South Wales,2020-01-23,0.0,0.0,0.8333,0.2778,low
New South Wales,2020-01-24,0.0,0.0,0.8333,0.2778,low
New South Wales,2020-01-25,0.0,0.0,0.8333,0.2778,low
New South Wales,2020-01-26,0.0,0.0,0.8333,0.2778,low
New South Wales,2020-01-27,0.0,0.0,0.8333,0.2778,low
New South Wales,2020-01-28,0.0,0.0,0.8333,0.2778,low
New South Wales,2020-01-29,0.0,0.0,1.25,0.4167,low
New South Wales,2020-01-30,0.0,0.0,1.25,0.4167,low
New South Wales,2020-01-31,0.0,0.0,1.25,0.4167,low
New South Wales,2020-02-01,0.5357,0.0,1.25,0.5952,low
New South Wales,2020-02-02,0.5357,0.0,1.5278,0.6878,low
New South Wales,2020-02-03,0.5357,0.0,1.5278,0.6878,low
New South Wales,2020-02-04,0.5357,0.0,1.5278,0.6878,low
New South Wales,2020-02-05,0.5357,0.0,1.5278,0.6878,low
New South Wales,2020-02-06,0.5357,0.0,1.9444,0.8267,low
New South Wales,2020-02-07,0.5357,0.0,1.9444,0.8267,low
New South Wales,2020-02-08,0.5357,0.0,1.9444,0.8267,low
New South Wales,2020-02-09,0.5357,0.0,1.9444,0.8267,low
New South Wales,2020-02-10,0.5357,0.0,1.9444,0.8267,low
New South Wales,2020-02-11,0.5357,0.0,1.9444,0.8267,low
New South Wales,2020-02-12,0.5357,0.0,1.9444,0.8267,low
New South Wales,2020-02-13,0.5357,0.0,1.9444,0.8267,low
New South Wales,2020-02-14,0.5357,0.0,1.9444,0.8267,low
New South Wales,2020-02-15,0.5357,0.0,1.9444,0.8267,low
New South Wales,2020-02-16,0.5357,0.0,1.9444,0.8267,low
New South Wales,2020-02-17,0.5357,0.0,1.9444,0.8267,low
New South Wales,2020-02-18,0.5357,0.0,1.9444,0.8267,low
New South Wales,2020-02-19,0.5357,0.0,1.9444,0.8267,low
New South Wales,2020-02-20,0.5357,0.0,1.9444,0.8267,low
New South Wales,2020-02-21,0.5357,0.0,1.9444,0.8267,low
New South Wales,2020-02-22,0.5357,0.0,1.9444,0.8267,low
New South Wales,2020-02-23,0.5357,0.0,1.9444,0.8267,low
New South Wales,2020-02-24,0.5357,0.0,1.9444,0.8267,low
New South Wales,2020-02-25,0.5357,0.0,1.9444,0.8267,low
New South Wales,2020-02-26,0.5357,0.0,1.9444,0.8267,low
New South Wales,2020-02-27,0.5357,0.0,1.9444,0.8267,low
New South Wales,2020-02-28,0.5357,0.0,1.9444,0.8267,low
New South Wales,2020-02-29,0.5357,0.0,1.9444,0.8267,low
New South Wales,2020-03-01,0.5357,2.5,2.0833,1.7063,low
New South Wales,2020-03-02,0.5357,2.5,2.0833,1.7063,low
New South Wales,2020-03-03,0.5357,2.5,2.0833,1.7063,low
New South Wales,2020-03-04,0.5357,2.5,2.0833,1.7063,low
New South Wales,2020-03-05,0.5357,2.5,2.0833,1.7063,low
New South Wales,2020-03-06,0.5357,2.5,2.3611,1.7989,low
New South Wales,2020-03-07,0.5357,2.5,2.3611,1.7989,low
New South Wales,2020-03-08,0.5357,2.5,2.3611,1.7989,low
New South Wales,2020-03-09,0.5357,2.5,2.3611,1.7989,low
New South Wales,2020-03-10,0.5357,2.5,2.3611,1.7989,low
New South Wales,2020-03-11,0.5357,2.5,2.3611,1.7989,low
New South Wales,2020-03-12,0.5357,2.5,2.3611,1.7989,low
New South Wales,2020-03-13,0.5357,2.5,2.3611,1.7989,low
New South Wales,2020-03-14,0.5357,2.5,2.7778,1.9378,low
New South Wales,2020-03-15,1.0714,2.5,2.7778,2.1164,low
New South Wales,2020-03-16,1.0714,2.5,2.7778,2.1164,low
New South Wales,2020-03-17,1.0714,2.5,2.7778,2.1164,low
New South Wales,2020-03-18,1.0714,2.5,2.7778,2.1164,low
New South Wales,2020-03-19,1.0714,2.5,2.7778,2.1164,low
New South Wales,2020-03-20,1.25,2.5,2.7778,2.1759,low
New South Wales,2020-03-21,1.25,2.5,2.7778,2.1759,low
New South Wales,2020-03-22,1.25,2.5,2.7778,2.1759,low
New South Wales,2020-03-23,2.381,2.5,2.7778,2.5529,medium
New South Wales,2020-03-24,3.0952,2.5,2.7778,2.791,medium
New South Wales,2020-03-25,3.0952,3.75,2.7778,3.2077,high
New South Wales,2020-03-26,3.3333,3.75,2.7778,3.287,high
New South Wales,2020-03-27,3.3333,3.75,2.7778,3.287,high
New South Wales,2020-03-28,3.3333,3.75,2.7778,3.287,high
New South Wales,2020-03-29,4.0476,3.75,2.7778,3.5251,high
New South Wales,2020-03-30,4.0476,3.75,2.7778,3.5251,high
New South Wales,2020-03-31,4.0476,3.75,2.7778,3.5251,high
New South Wales,2020-04-01,4.0476,3.75,2.7778,3.5251,high
New South Wales,2020-04-02,4.0476,3.75,2.7778,3.5251,high
New South Wales,2020-04-03,4.0476,3.75,2.7778,3.5251,high
New South Wales,2020-04-04,4.0476,3.75,2.7778,3.5251,high
New South Wales,2020-04-05,4.0476,3.75,2.7778,3.5251,high
New South Wales,2020-04-06,4.0476,3.75,2.7778,3.5251,high
New South Wales,2020-04-07,4.0476,3.75,2.7778,3.5251,high
New South Wales,2020-04-08,4.0476,3.75,2.7778,3.5251,high
New South Wales,2020-04-09,4.0476,3.75,2.7778,3.5251,high
New South Wales,2020-04-10,4.0476,3.75,2.7778,3.5251,high
New South Wales,2020-04-11,4.0476,3.75,2.7778,3.5251,high
New South Wales,2020-04-12,4.0476,3.75,2.7778,3.5251,high
New South Wales,2020-04-13,4.0476,3.75,2.7778,3.5251,high
New South Wales,2020-04-14,4.0476,3.75,2.7778,3.5251,high
New South Wales,2020-04-15,4.0476,3.75,2.7778,3.5251,high
New South Wales,2020-04-16,4.0476,3.75,2.7778,3.5251,high
New South Wales,2020-04-17,4.0476,3.75,2.7778,3.5251,high
New South Wales,2020-04-18,4.0476,3.75,2.7778,3.5251,high
New South Wales,2020-04-19,4.0476,3.75,2.7778,3.5251,high
New South Wales,2020-04-20,4.0476,3.75,2.7778,3.5251,high
New South Wales,2020-04-21,4.0476,3.75,2.7778,3.5251,high
New South Wales,2020-04-22,4.0476,3.75,2.7778,3.5251,high
New South Wales,2020-04-23,4.0476,3.75,2.7778,3.5251,high
New South Wales,2020-04-24,4.0476,3.75,2.7778,3.5251,high
New South Wales,2020-04-25,4.0476,3.75,2.7778,3.5251,high
New South Wales,2020-04-26,4.0476,3.75,2.7778,3.5251,high
New South Wales,2020-04-27,4.0476,3.75,2.7778,3.5251,high
New South Wales,2020-04-28,4.0476,3.75,2.7778,3.5251,high
New South Wales,2020-04-29,4.0476,3.75,2.7778,3.5251,high
New South Wales,2020-04-30,4.0476,3.75,2.7778,3.5251,high
New South Wales,2020-05-01,4.0476,3.75,2.7778,3.5251,high
New South Wales,2020-05-02,4.0476,3.75,2.7778,3.5251,high
New South Wales,2020-05-03,4.0476,3.75,2.7778,3.5251,high
New South Wales,2020-05-04,4.0476,3.75,2.7778,3.5251,high
New South Wales,2020-05-05,4.0476,3.75,2.7778,3.5251,high
New South Wales,2020-05-06,4.4048,3.75,2.7778,3.6442,high
New South Wales,2020-05-07,4.4048,3.75,2.7778,3.6442,high
New South Wales,2020-05-08,4.1667,3.75,2.7778,3.5648,high
New South Wales,2020-05-09,4.1667,3.75,2.7778,3.5648,high
New South Wales,2020-05-10,4.1667,3.75,2.7778,3.5648,high
New South Wales,2020-05-11,3.9286,3.75,2.7778,3.4855,high
New South Wales,2020-05-12,3.9286,3.75,2.7778,3.4855,high
New South Wales,2020-05-13,3.9286,3.75,2.7778,3.4855,high
New South Wales,2020-05-14,3.9286,3.75,2.7778,3.4855,high
New South Wales,2020-05-15,3.4524,3.75,2.7778,3.3267,high
New South Wales,2020-05-16,3.4524,3.75,2.7778,3.3267,high
New South Wales,2020-05-17,3.4524,3.75,2.7778,3.3267,high
New South Wales,2020-05-18,3.4524,3.75,2.7778,3.3267,high
New South Wales,2020-05-19,3.4524,3.75,2.7778,3.3267,high
New South Wales,2020-05-20,3.4524,3.75,2.7778,3.3267,high
New South Wales,2020-05-21,3.4524,3.75,2.7778,3.3267,high
New South Wales,2020-05-22,3.4524,3.75,2.7778,3.3267,high
New South Wales,2020-05-23,3.4524,3.75,2.7778,3.3267,high
New South Wales,2020-05-24,3.4524,3.75,2.7778,3.3267,high
New South Wales,2020-05-25,3.2143,3.75,2.7778,3.2474,high
New South Wales,2020-05-26,3.2143,3.75,2.7778,3.2474,high
New South Wales,2020-05-27,3.2143,3.75,2.7778,3.2474,high
New South Wales,2020-05-28,3.2143,3.75,2.7778,3.2474,high
New South Wales,2020-05-29,3.2143,3.75,2.7778,3.2474,high
New South Wales,2020-05-30,3.2143,3.75,2.7778,3.2474,high
New South Wales,2020-05-31,3.2143,3.75,2.7778,3.2474,high
New South Wales,2020-06-01,2.0833,3.75,2.7778,2.8704,medium
New South Wales,2020-06-02,2.0833,3.75,2.7778,2.8704,medium
New South Wales,2020-06-03,2.0833,3.75,2.7778,2.8704,medium
New South Wales,2020-06-04,2.0833,3.75,2.7778,2.8704,medium
New South Wales,2020-06-05,2.0833,3.75,2.7778,2.8704,medium
New South Wales,2020-06-06,2.0833,3.75,2.7778,2.8704,medium
New South Wales,2020-06-07,2.0833,3.75,2.7778,2.8704,medium
New South Wales,2020-06-08,2.0833,3.75,2.7778,2.8704,medium
New South Wales,2020-06-09,2.0833,3.75,2.7778,2.8704,medium
New South Wales,2020-06-10,2.0833,3.75,2.7778,2.8704,medium
New South Wales,2020-06-11,2.0833,3.75,2.7778,2.8704,medium
New South Wales,2020-06-12,2.0833,3.75,2.7778,2.8704,medium
New South Wales,2020-06-13,2.0833,3.75,2.7778,2.8704,medium
New South Wales,2020-06-14,2.0833,3.75,2.7778,2.8704,medium
New South Wales,2020-06-15,2.0833,3.75,2.7778,2.8704,medium
New South Wales,2020-06-16,2.0833,3.75,2.7778,2.8704,medium
New South Wales,2020-06-17,2.0833,3.75,2.7778,2.8704,medium
New South Wales,2020-06-18,2.0833,3.75,2.7778,2.8704,medium
New South Wales,2020-06-19,2.0833,3.75,2.7778,2.8704,medium
New South Wales,2020-06-20,2.0833,3.75,2.7778,2.8704,medium
New South Wales,2020-06-21,2.0833,3.75,2.7778,2.8704,medium
New South Wales,2020-06-22,2.0833,3.75,2.7778,2.8704,medium
New South Wales,2020-06-23,2.0833,3.75,2.7778,2.8704,medium
New South Wales,2020-06-24,2.0833,3.75,2.7778,2.8704,medium
New South Wales,2020-06-25,2.0833,3.75,2.7778,2.8704,medium
New South Wales,2020-06-26,2.0833,3.75,2.7778,2.8704,medium
New South Wales,2020-06-27,2.0833,3.75,2.7778,2.8704,medium
New South Wales,2020-06-28,2.0833,3.75,2.7778,2.8704,medium
New South Wales,2020-06-29,2.0833,3.75,2.7778,2.8704,medium
New South Wales,2020-06-30,2.0833,3.75,2.7778,2.8704,medium
New South Wales,2020-07-01,1.7262,3.75,2.7778,2.7513,medium
New South Wales,2020-07-02,1.7262,3.75,2.7778,2.7513,medium
New South Wales,2020-07-03,1.7262,3.75,2.7778,2.7513,medium
New South Wales,2020-07-04,1.7262,3.75,2.7778,2.7513,medium
New South Wales,2020-07-05,1.7262,3.75,2.7778,2.7513,medium
New South Wales,2020-07-06,1.7262,3.75,2.7778,2.7513,medium
New South Wales,2020-07-07,1.7262,3.75,2.7778,2.7513,medium
New South Wales,2020-07-08,2.4405,3.75,2.7778,2.9894,medium
New South Wales,2020-07-09,2.4405,3.75,2.7778,2.9894,medium
New South Wales,2020-07-10,2.4405,3.75,2.7778,2.9894,medium
New South Wales,2020-07-11,2.4405,3.75,2.7778,2.9894,medium
New South Wales,2020-07-12,2.4405,3.75,2.7778,2.9894,medium
New South Wales,2020-07-13,2.4405,3.75,2.7778,2.9894,medium
New South Wales,2020-07-14,2.4405,3.75,2.7778,2.9894,medium
New South Wales,2020-07-15,2.4405,3.75,2.7778,2.9894,medium
New South Wales,2020-07-16,2.4405,3.75,2.7778,2.9894,medium
New South Wales,2020-07-17,2.4405,3.75,2.7778,2.9894,medium
New South Wales,2020-07-18,2.4405,3.75,2.7778,2.9894,medium
New South Wales,2020-07-19,2.4405,3.75,2.7778,2.9894,medium
New South Wales,2020-07-20,2.4405,3.75,2.7778,2.9894,medium
New South Wales,2020-07-21,2.4405,3.75,2.7778,2.9894,medium
New South Wales,2020-07-22,2.4405,3.75,2.7778,2.9894,medium
New South Wales,2020-07-23,2.4405,3.75,2.7778,2.9894,medium
New South Wales,2020-07-24,2.4405,3.75,2.9861,3.0589,high
New South Wales,2020-07-25,2.4405,3.75,2.9861,3.0589,high
New South Wales,2020-07-26,2.4405,3.75,2.9861,3.0589,high
New South Wales,2020-07-27,2.4405,3.75,2.9861,3.0589,high
New South Wales,2020-07-28,2.4405,3.75,2.9861,3.0589,high
New South Wales,2020-07-29,2.4405,3.75,2.9861,3.0589,high
New South Wales,2020-07-30,2.4405,3.75,2.9861,3.0589,high
New South Wales,2020-07-31,3.0357,5.0,3.1944,3.7434,high
New South Wales,2020-08-01,3.0357,5.0,3.1944,3.7434,high
New South Wales,2020-08-02,3.0357,5.0,3.1944,3.7434,high
New South Wales,2020-08-03,3.0357,5.0,3.1944,3.7434,high
New South Wales,2020-08-04,3.0357,5.0,3.1944,3.7434,high
New South Wales,2020-08-05,3.0357,5.0,3.1944,3.7434,high
New South Wales,2020-08-06,3.0357,5.0,3.1944,3.7434,high
New South Wales,2020-08-07,2.7976,5.0,2.9861,3.5946,high
New South Wales,2020-08-08,2.7976,5.0,2.9861,3.5946,high
New South Wales,2020-08-09,2.7976,5.0,2.9861,3.5946,high
New South Wales,2020-08-10,2.7976,5.0,2.9861,3.5946,high
New South Wales,2020-08-11,2.7976,5.0,2.9861,3.5946,high
New South Wales,2020-08-12,2.7976,5.0,2.9861,3.5946,high
New South Wales,2020-08-13,2.7976,5.0,2.9861,3.5946,high
New South Wales,2020-08-14,2.7976,5.0,2.9861,3.5946,high
New South Wales,2020-08-15,2.7976,5.0,2.9861,3.5946,high
New South Wales,2020-08-16,2.7976,5.0,2.9861,3.5946,high
New South Wales,2020-08-17,2.7976,5.0,2.9861,3.5946,high
New South Wales,2020-08-18,2.7976,5.0,2.9861,3.5946,high
New South Wales,2020-08-19,2.7976,5.0,2.9861,3.5946,high
New South Wales,2020-08-20,2.7976,5.0,2.9861,3.5946,high
New South Wales,2020-08-21,2.7976,5.0,2.9861,3.5946,high
New South Wales,2020-08-22,2.7976,5.0,2.9861,3.5946,high
New South Wales,2020-08-23,2.7976,5.0,2.9861,3.5946,high
New South Wales,2020-08-24,2.7976,5.0,2.9861,3.5946,high
New South Wales,2020-08-25,2.7976,5.0,2.9861,3.5946,high
New South Wales,2020-08-26,2.7976,5.0,2.9861,3.5946,high
New South Wales,2020-08-27,2.7976,5.0,2.9861,3.5946,high
New South Wales,2020-08-28,2.7976,5.0,2.9861,3.5946,high
New South Wales,2020-08-29,2.7976,5.0,2.9861,3.5946,high
New South Wales,2020-08-30,2.7976,5.0,2.9861,3.5946,high
New South Wales,2020-08-31,2.7976,5.0,2.9861,3.5946,high
New South Wales,2020-09-01,2.2024,3.75,2.9861,2.9795,medium
New South Wales,2020-09-02,2.2024,3.75,2.9861,2.9795,medium
New South Wales,2020-09-03,2.2024,3.75,2.9861,2.9795,medium
New South Wales,2020-09-04,2.2024,3.75,2.9861,2.9795,medium
New South Wales,2020-09-05,2.2024,3.75,2.9861,2.9795,medium
New South Wales,2020-09-06,2.2024,3.75,2.9861,2.9795,medium
New South Wales,2020-09-07,2.2024,3.75,2.9861,2.9795,medium
New South Wales,2020-09-08,2.2024,3.75,2.9861,2.9795,medium
New South Wales,2020-09-09,2.2024,3.75,2.9861,2.9795,medium
New South Wales,2020-09-10,2.2024,3.75,2.9861,2.9795,medium
New South Wales,2020-09-11,2.2024,3.75,2.9861,2.9795,medium
New South Wales,2020-09-12,2.2024,3.75,2.9861,2.9795,medium
New South Wales,2020-09-13,2.2024,3.75,2.9861,2.9795,medium
New South Wales,2020-09-14,2.2024,3.75,2.9861,2.9795,medium
New South Wales,2020-09-15,2.4405,3.75,3.1944,3.1283,high
New South Wales,2020-09-16,2.4405,3.75,3.1944,3.1283,high
New South Wales,2020-09-17,2.4405,3.75,3.1944,3.1283,high
New South Wales,2020-09-18,2.4405,3.75,3.1944,3.1283,high
New South Wales,2020-09-19,2.4405,3.75,3.1944,3.1283,high
New South Wales,2020-09-20,2.4405,3.75,3.1944,3.1283,high
New South Wales,2020-09-21,2.4405,3.75,3.1944,3.1283,high
New South Wales,2020-09-22,2.4405,3.75,3.1944,3.1283,high
New South Wales,2020-09-23,2.4405,3.75,3.1944,3.1283,high
New South Wales,2020-09-24,2.4405,3.75,3.1944,3.1283,high
New South Wales,2020-09-25,2.4405,2.5,3.1944,2.7116,medium
New South Wales,2020-09-26,2.4405,2.5,3.1944,2.7116,medium
New South Wales,2020-09-27,2.4405,2.5,3.1944,2.7116,medium
New South Wales,2020-09-28,2.4405,2.5,3.1944,2.7116,medium
New South Wales,2020-09-29,2.4405,2.5,3.1944,2.7116,medium
New South Wales,2020-09-30,2.4405,2.5,3.1944,2.7116,medium
New South Wales,2020-10-01,2.4405,2.5,3.1944,2.7116,medium
New South Wales,2020-10-02,2.4405,2.5,3.1944,2.7116,medium
New South Wales,2020-10-03,2.4405,2.5,3.1944,2.7116,medium
New South Wales,2020-10-04,2.4405,2.5,3.1944,2.7116,medium
New South Wales,2020-10-05,2.4405,2.5,3.1944,2.7116,medium
New South Wales,2020-10-06,2.4405,2.5,3.1944,2.7116,medium
New South Wales,2020-10-07,2.4405,2.5,3.1944,2.7116,medium
New South Wales,2020-10-08,2.7976,2.5,2.9861,2.7612,medium
New South Wales,2020-10-09,2.7976,2.5,2.9861,2.7612,medium
New South Wales,2020-10-10,2.7976,2.5,2.9861,2.7612,medium
New South Wales,2020-10-11,2.7976,2.5,2.9861,2.7612,medium
New South Wales,2020-10-12,2.7976,2.5,2.9861,2.7612,medium
New South Wales,2020-10-13,2.7976,2.5,2.9861,2.7612,medium
New South Wales,2020-10-14,2.7976,2.5,2.9861,2.7612,medium
New South Wales,2020-10-15,2.7976,2.5,2.9861,2.7612,medium
New South Wales,2020-10-16,2.7976,2.5,2.9861,2.7612,medium
New South Wales,2020-10-17,2.7976,2.5,2.9861,2.7612,medium
New South Wales,2020-10-18,2.7976,2.5,2.9861,2.7612,medium
New South Wales,2020-10-19,2.7976,2.5,2.9861,2.7612,medium
New South Wales,2020-10-20,2.7976,2.5,2.9861,2.7612,medium
New South Wales,2020-10-21,2.7976,2.5,2.9861,2.7612,medium
New South Wales,2020-10-22,2.4405,2.5,3.1944,2.7116,medium
New South Wales,2020-10-23,2.4405,2.5,3.1944,2.7116,medium
New South Wales,2020-10-24,2.4405,2.5,3.1944,2.7116,medium
New South Wales,2020-10-25,2.4405,2.5,3.1944,2.7116,medium
New South Wales,2020-10-26,2.4405,2.5,3.1944,2.7116,medium
New South Wales,2020-10-27,2.4405,2.5,3.1944,2.7116,medium
New South Wales,2020-10-28,2.4405,2.5,3.1944,2.7116,medium
New South Wales,2020-10-29,2.4405,2.5,3.1944,2.7116,medium
New South Wales,2020-10-30,2.4405,2.5,3.1944,2.7116,medium
New South Wales,2020-10-31,2.4405,2.5,3.1944,2.7116,medium
New South Wales,2020-11-01,2.4405,2.5,3.1944,2.7116,medium
New South Wales,2020-11-02,2.4405,2.5,3.1944,2.7116,medium
New South Wales,2020-11-03,2.4405,2.5,3.1944,2.7116,medium
New South Wales,2020-11-04,2.4405,2.5,3.1944,2.7116,medium
New South Wales,2020-11-05,2.4405,2.5,3.1944,2.7116,medium
New South Wales,2020-11-06,2.4405,2.5,3.1944,2.7116,medium
New South Wales,2020-11-07,2.4405,2.5,3.1944,2.7116,medium
New South Wales,2020-11-08,2.4405,2.5,3.1944,2.7116,medium
New South Wales,2020-11-09,2.7976,2.5,3.1944,2.8307,medium
New South Wales,2020-11-10,2.7976,2.5,3.1944,2.8307,medium
New South Wales,2020-11-11,2.7976,2.5,3.1944,2.8307,medium
New South Wales,2020-11-12,2.7976,2.5,3.1944,2.8307,medium
New South Wales,2020-11-13,2.7976,2.5,3.1944,2.8307,medium
New South Wales,2020-11-14,2.7976,2.5,3.1944,2.8307,medium
New South Wales,2020-11-15,2.7976,2.5,3.1944,2.8307,medium
New South Wales,2020-11-16,2.7976,2.5,2.9861,2.7612,medium
New South Wales,2020-11-17,2.7976,2.5,2.9861,2.7612,medium
New South Wales,2020-11-18,2.7976,2.5,2.9861,2.7612,medium
New South Wales,2020-11-19,2.7976,2.5,2.9861,2.7612,medium
New South Wales,2020-11-20,2.7976,2.5,2.9861,2.7612,medium
New South Wales,2020-11-21,2.7976,2.5,2.9861,2.7612,medium
New South Wales,2020-11-22,2.7976,2.5,2.9861,2.7612,medium
New South Wales,2020-11-23,2.7976,2.5,2.9861,2.7612,medium
New South Wales,2020-11-24,2.3214,2.5,2.9861,2.6025,medium
New South Wales,2020-11-25,2.3214,2.5,2.9861,2.6025,medium
New South Wales,2020-11-26,2.3214,2.5,2.9861,2.6025,medium
New South Wales,2020-11-27,2.3214,2.5,2.9861,2.6025,medium
New South Wales,2020-11-28,2.3214,2.5,2.9861,2.6025,medium
New South Wales,2020-11-29,2.3214,2.5,2.9861,2.6025,medium
New South Wales,2020-11-30,2.3214,2.5,2.9861,2.6025,medium
New South Wales,2020-12-01,2.3214,2.5,2.9861,2.6025,medium
New South Wales,2020-12-02,2.3214,2.5,2.9861,2.6025,medium
New South Wales,2020-12-03,2.3214,2.5,2.9861,2.6025,medium
New South Wales,2020-12-04,2.3214,2.5,2.9861,2.6025,medium
New South Wales,2020-12-05,2.3214,2.5,2.9861,2.6025,medium
New South Wales,2020-12-06,2.3214,2.5,2.9861,2.6025,medium
New South Wales,2020-12-07,2.3214,3.75,2.9861,3.0192,medium
New South Wales,2020-12-08,2.3214,3.75,2.9861,3.0192,medium
New South Wales,2020-12-09,2.3214,3.75,2.9861,3.0192,medium
New South Wales,2020-12-10,2.3214,3.75,2.9861,3.0192,medium
New South Wales,2020-12-11,2.3214,3.75,2.9861,3.0192,medium
New South Wales,2020-12-12,2.3214,3.75,2.9861,3.0192,medium
New South Wales,2020-12-13,2.3214,3.75,2.9861,3.0192,medium
New South Wales,2020-12-14,2.0833,3.75,2.9861,2.9398,medium
New South Wales,2020-12-15,2.0833,3.75,2.9861,2.9398,medium
New South Wales,2020-12-16,2.0833,3.75,2.9861,2.9398,medium
New South Wales,2020-12-17,2.0833,3.75,2.9861,2.9398,medium
New South Wales,2020-12-18,2.0833,3.75,2.9861,2.9398,medium
New South Wales,2020-12-19,3.6905,3.75,2.9861,3.4755,high
New South Wales,2020-12-20,3.6905,3.75,2.9861,3.4755,high
New South Wales,2020-12-21,3.6905,3.75,2.9861,3.4755,high
New South Wales,2020-12-22,3.6905,3.75,2.9861,3.4755,high
New South Wales,2020-12-23,3.6905,3.75,2.9861,3.4755,high
New South Wales,2020-12-24,3.6905,3.75,2.9861,3.4755,high
New South Wales,2020-12-25,3.6905,3.75,2.9861,3.4755,high
New South Wales,2020-12-26,3.6905,3.75,2.9861,3.4755,high
New South Wales,2020-12-27,3.6905,3.75,2.9861,3.4755,high
New South Wales,2020-12-28,3.6905,3.75,2.9861,3.4755,high
New South Wales,2020-12-29,3.6905,3.75,2.9861,3.4755,high
New South Wales,2020-12-30,3.6905,3.75,2.9861,3.4755,high
New South Wales,2020-12-31,3.6905,3.75,2.9861,3.4755,high
New South Wales,2021-01-01,3.6905,3.75,2.7778,3.4061,high
New South Wales,2021-01-02,3.6905,3.75,2.7778,3.4061,high
New South Wales,2021-01-03,3.6905,3.75,3.1944,3.545,high
New South Wales,2021-01-04,3.6905,3.75,3.1944,3.545,high
New South Wales,2021-01-05,3.6905,3.75,3.1944,3.545,high
New South Wales,2021-01-06,3.6905,3.75,3.1944,3.545,high
New South Wales,2021-01-07,3.6905,3.75,3.1944,3.545,high
New South Wales,2021-01-08,3.6905,3.75,3.1944,3.545,high
New South Wales,2021-01-09,3.6905,3.75,3.1944,3.545,high
New South Wales,2021-01-10,2.2619,3.75,3.1944,3.0688,high
New South Wales,2021-01-11,2.2619,3.75,3.1944,3.0688,high
New South Wales,2021-01-12,2.2619,3.75,3.1944,3.0688,high
New South Wales,2021-01-13,2.2619,3.75,3.1944,3.0688,high
New South Wales,2021-01-14,2.2619,3.75,3.1944,3.0688,high
New South Wales,2021-01-15,2.2619,3.75,3.1944,3.0688,high
New South Wales,2021-01-16,2.619,3.75,3.1944,3.1878,high
New South Wales,2021-01-17,2.619,3.75,3.1944,3.1878,high
New South Wales,2021-01-18,2.619,3.75,3.1944,3.1878,high
New South Wales,2021-01-19,2.619,3.75,3.1944,3.1878,high
New South Wales,2021-01-20,2.619,3.75,3.1944,3.1878,high
New South Wales,2021-01-21,2.619,3.75,3.1944,3.1878,high
New South Wales,2021-01-22,2.619,3.75,3.1944,3.1878,high
New South Wales,2021-01-23,2.619,3.75,3.1944,3.1878,high
New South Wales,2021-01-24,2.619,3.75,3.1944,3.1878,high
New South Wales,2021-01-25,2.619,3.75,3.1944,3.1878,high
New South Wales,2021-01-26,2.619,3.75,3.1944,3.1878,high
New South Wales,2021-01-27,2.619,3.75,3.1944,3.1878,high
New South Wales,2021-01-28,2.619,3.75,3.1944,3.1878,high
New South Wales,2021-01-29,2.4405,3.75,3.1944,3.1283,high
New South Wales,2021-01-30,2.4405,3.75,3.1944,3.1283,high
New South Wales,2021-01-31,2.4405,3.75,3.1944,3.1283,high
New South Wales,2021-02-01,2.4405,2.5,3.1944,2.7116,medium
New South Wales,2021-02-02,2.4405,2.5,3.1944,2.7116,medium
New South Wales,2021-02-03,2.4405,2.5,3.1944,2.7116,medium
New South Wales,2021-02-04,2.4405,2.5,3.1944,2.7116,medium
New South Wales,2021-02-05,2.7976,2.5,3.1944,2.8307,medium
New South Wales,2021-02-06,2.7976,2.5,3.1944,2.8307,medium
New South Wales,2021-02-07,2.7976,2.5,3.1944,2.8307,medium
New South Wales,2021-02-08,2.7976,2.5,3.1944,2.8307,medium
New South Wales,2021-02-09,2.7976,2.5,3.1944,2.8307,medium
New South Wales,2021-02-10,2.7976,2.5,3.1944,2.8307,medium
New South Wales,2021-02-11,2.7976,2.5,3.1944,2.8307,medium
New South Wales,2021-02-12,2.7976,2.5,3.1944,2.8307,medium
New South Wales,2021-02-13,2.7976,2.5,3.1944,2.8307,medium
New South Wales,2021-02-14,2.7976,2.5,3.1944,2.8307,medium
New South Wales,2021-02-15,2.7976,3.75,3.1944,3.2473,high
New South Wales,2021-02-16,2.7976,3.75,3.1944,3.2473,high
New South Wales,2021-02-17,2.7976,3.75,3.1944,3.2473,high
New South Wales,2021-02-18,2.7976,3.75,3.1944,3.2473,high
New South Wales,2021-02-19,2.7976,3.75,3.1944,3.2473,high
New South Wales,2021-02-20,2.7976,3.75,3.1944,3.2473,high
New South Wales,2021-02-21,2.7976,3.75,3.3611,3.3029,high
New South Wales,2021-02-22,2.7976,3.75,3.5278,3.3585,high
New South Wales,2021-02-23,2.7976,3.75,3.5278,3.3585,high
New South Wales,2021-02-24,2.7976,3.75,3.5278,3.3585,high
New South Wales,2021-02-25,2.7976,3.75,3.5278,3.3585,high
New South Wales,2021-02-26,2.7976,3.75,3.5278,3.3585,high
New South Wales,2021-02-27,2.7976,3.75,3.5278,3.3585,high
New South Wales,2021-02-28,2.7976,3.75,3.5278,3.3585,high
New South Wales,2021-03-01,2.0833,3.75,3.5278,3.1204,high
New South Wales,2021-03-02,2.0833,3.75,3.5278,3.1204,high
New South Wales,2021-03-03,2.0833,3.75,3.5278,3.1204,high
New South Wales,2021-03-04,2.0833,3.75,3.5278,3.1204,high
New South Wales,2021-03-05,2.0833,3.75,3.5278,3.1204,high
New South Wales,2021-03-06,2.0833,3.75,3.5278,3.1204,high
New South Wales,2021-03-07,2.0833,3.75,3.5278,3.1204,high
New South Wales,2021-03-08,2.0833,3.75,3.5278,3.1204,high
New South Wales,2021-03-09,2.0833,3.75,3.5278,3.1204,high
New South Wales,2021-03-10,2.0833,3.75,3.5278,3.1204,high
New South Wales,2021-03-11,2.0833,3.75,3.25,3.0278,medium
New South Wales,2021-03-12,2.0833,3.75,3.25,3.0278,medium
New South Wales,2021-03-13,2.0833,3.75,3.25,3.0278,medium
New South Wales,2021-03-14,2.0833,3.75,3.25,3.0278,medium
New South Wales,2021-03-15,2.0833,3.75,3.25,3.0278,medium
New South Wales,2021-03-16,2.4405,2.5,3.25,2.7302,medium
New South Wales,2021-03-17,2.4405,2.5,3.25,2.7302,medium
New South Wales,2021-03-18,2.4405,2.5,3.25,2.7302,medium
New South Wales,2021-03-19,2.4405,2.5,3.25,2.7302,medium
New South Wales,2021-03-20,2.4405,2.5,3.25,2.7302,medium
New South Wales,2021-03-21,2.4405,2.5,3.25,2.7302,medium
New South Wales,2021-03-22,2.4405,2.5,3.5833,2.8413,medium
New South Wales,2021-03-23,2.4405,2.5,3.5833,2.8413,medium
New South Wales,2021-03-24,2.4405,2.5,3.5833,2.8413,medium
New South Wales,2021-03-25,2.4405,2.5,3.5833,2.8413,medium
New South Wales,2021-03-26,2.4405,1.25,3.5833,2.4246,medium
New South Wales,2021-03-27,2.4405,1.25,3.5833,2.4246,medium
New South Wales,2021-03-28,2.4405,1.25,3.375,2.3552,medium
New South Wales,2021-03-29,2.9167,1.25,3.375,2.5139,medium
New South Wales,2021-03-30,2.381,1.25,3.375,2.3353,medium
New South Wales,2021-03-31,2.9167,1.25,3.5833,2.5833,medium
New South Wales,2021-04-01,2.4405,3.75,3.5833,3.2579,high
New South Wales,2021-04-02,2.4405,3.75,3.5833,3.2579,high
New South Wales,2021-04-03,2.4405,3.75,3.5833,3.2579,high
New South Wales,2021-04-04,2.4405,3.75,3.5833,3.2579,high
New South Wales,2021-04-05,2.4405,3.75,3.5833,3.2579,high
New South Wales,2021-04-06,2.2619,3.75,3.375,3.129,high
New South Wales,2021-04-07,2.2619,3.75,3.375,3.129,high
New South Wales,2021-04-08,2.2619,3.75,3.375,3.129,high
New South Wales,2021-04-09,2.2619,3.75,3.375,3.129,high
New South Wales,2021-04-10,2.2619,3.75,3.375,3.129,high
New South Wales,2021-04-11,2.2619,3.75,3.375,3.129,high
New South Wales,2021-04-12,2.2619,3.75,3.375,3.129,high
New South Wales,2021-04-13,2.2619,3.75,3.375,3.129,high
New South Wales,2021-04-14,2.2619,3.75,3.375,3.129,high
New South Wales,2021-04-15,2.2619,3.75,3.375,3.129,high
New South Wales,2021-04-16,1.9048,3.75,3.375,3.0099,medium
New South Wales,2021-04-17,1.9048,3.75,3.375,3.0099,medium
New South Wales,2021-04-18,1.9048,3.75,3.375,3.0099,medium
New South Wales,2021-04-19,1.9048,3.75,3.375,3.0099,medium
New South Wales,2021-04-20,1.9048,3.75,3.375,3.0099,medium
New South Wales,2021-04-21,1.9048,3.75,3.375,3.0099,medium
New South Wales,2021-04-22,1.9048,3.75,3.375,3.0099,medium
New South Wales,2021-04-23,1.9048,3.75,3.375,3.0099,medium
New South Wales,2021-04-24,1.9048,3.75,3.375,3.0099,medium
New South Wales,2021-04-25,1.9048,3.75,3.375,3.0099,medium
New South Wales,2021-04-26,1.9048,3.75,3.375,3.0099,medium
New South Wales,2021-04-27,1.9048,3.75,3.375,3.0099,medium
New South Wales,2021-04-28,1.9048,3.75,3.375,3.0099,medium
New South Wales,2021-04-29,1.9048,3.75,3.375,3.0099,medium
New South Wales,2021-04-30,1.9048,3.75,3.375,3.0099,medium
New South Wales,2021-05-01,1.9048,3.75,3.375,3.0099,medium
New South Wales,2021-05-02,1.9048,3.75,3.375,3.0099,medium
New South Wales,2021-05-03,1.9048,3.75,3.375,3.0099,medium
New South Wales,2021-05-04,2.0833,3.75,3.375,3.0694,high
New South Wales,2021-05-05,2.0833,3.75,3.375,3.0694,high
New South Wales,2021-05-06,2.0833,3.75,3.375,3.0694,high
New South Wales,2021-05-07,2.0833,3.75,3.375,3.0694,high
New South Wales,2021-05-08,2.0833,3.75,3.375,3.0694,high
New South Wales,2021-05-09,2.0833,3.75,3.375,3.0694,high
New South Wales,2021-05-10,2.0833,3.75,3.375,3.0694,high
New South Wales,2021-05-11,2.0833,3.75,3.375,3.0694,high
New South Wales,2021-05-12,2.0833,3.75,3.375,3.0694,high
New South Wales,2021-05-13,2.0833,3.75,3.375,3.0694,high
New South Wales,2021-05-14,2.0833,3.75,3.375,3.0694,high
New South Wales,2021-05-15,2.0833,3.75,3.375,3.0694,high
New South Wales,2021-05-16,2.0833,3.75,3.375,3.0694,high
New South Wales,2021-05-17,2.0833,3.75,3.375,3.0694,high
New South Wales,2021-05-18,2.0833,3.75,3.375,3.0694,high
New South Wales,2021-05-19,2.0833,3.75,3.375,3.0694,high
New South Wales,2021-05-20,2.0833,3.75,3.375,3.0694,high
New South Wales,2021-05-21,2.0833,3.75,3.375,3.0694,high
New South Wales,2021-05-22,2.0833,3.75,3.375,3.0694,high
New South Wales,2021-05-23,2.0833,3.75,3.375,3.0694,high
New South Wales,2021-05-24,2.0833,3.75,3.375,3.0694,high
New South Wales,2021-05-25,2.0833,3.75,3.375,3.0694,high
New South Wales,2021-05-26,2.0833,3.75,3.375,3.0694,high
New South Wales,2021-05-27,2.0833,3.75,3.375,3.0694,high
New South Wales,2021-05-28,2.0833,3.75,3.375,3.0694,high
New South Wales,2021-05-29,2.0833,3.75,3.375,3.0694,high
New South Wales,2021-05-30,2.0833,3.75,3.375,3.0694,high
New South Wales,2021-05-31,2.0833,3.75,3.375,3.0694,high
New South Wales,2021-06-01,2.3214,3.75,3.375,3.1488,high
New South Wales,2021-06-02,2.3214,3.75,3.375,3.1488,high
New South Wales,2021-06-03,2.3214,3.75,3.375,3.1488,high
New South Wales,2021-06-04,2.3214,3.75,3.375,3.1488,high
New South Wales,2021-06-05,2.3214,3.75,3.375,3.1488,high
New South Wales,2021-06-06,2.3214,3.75,3.375,3.1488,high
New South Wales,2021-06-07,2.3214,3.75,3.375,3.1488,high
New South Wales,2021-06-08,2.3214,3.75,3.375,3.1488,high
New South Wales,2021-06-09,2.3214,3.75,3.375,3.1488,high
New South Wales,2021-06-10,2.7976,3.75,3.375,3.3075,high
New South Wales,2021-06-11,2.0833,3.75,3.375,3.0694,high
New South Wales,2021-06-12,2.0833,3.75,3.375,3.0694,high
New South Wales,2021-06-13,2.0833,3.75,3.375,3.0694,high
New South Wales,2021-06-14,2.0833,3.75,3.375,3.0694,high
New South Wales,2021-06-15,2.0833,3.75,3.375,3.0694,high
New South Wales,2021-06-16,2.0833,3.75,3.375,3.0694,high
New South Wales,2021-06-17,2.0833,3.75,3.375,3.0694,high
New South Wales,2021-06-18,2.0833,3.75,3.375,3.0694,high
New South Wales,2021-06-19,2.0833,3.75,3.375,3.0694,high
New South Wales,2021-06-20,2.0833,3.75,3.375,3.0694,high
New South Wales,2021-06-21,2.0833,3.75,3.375,3.0694,high
New South Wales,2021-06-22,2.0833,3.75,3.375,3.0694,high
New South Wales,2021-06-23,2.0833,3.75,3.375,3.0694,high
New South Wales,2021-06-24,2.0833,3.75,3.375,3.0694,high
New South Wales,2021-06-25,2.0833,3.75,3.375,3.0694,high
New South Wales,2021-06-26,3.631,3.75,3.7917,3.7242,high
New South Wales,2021-06-27,3.631,3.75,3.7917,3.7242,high
New South Wales,2021-06-28,3.631,3.75,3.7917,3.7242,high
New South Wales,2021-06-29,3.631,3.75,3.7917,3.7242,high
New South Wales,2021-06-30,3.631,3.75,3.7917,3.7242,high
New South Wales,2021-07-01,3.631,3.75,4.0694,3.8168,high
New South Wales,2021-07-02,3.631,3.75,4.0694,3.8168,high
New South Wales,2021-07-03,3.631,3.75,4.0694,3.8168,high
New South Wales,2021-07-04,3.631,3.75,4.0694,3.8168,high
New South Wales,2021-07-05,3.631,3.75,4.0694,3.8168,high
New South Wales,2021-07-06,3.631,3.75,4.0694,3.8168,high
New South Wales,2021-07-07,3.631,3.75,4.0694,3.8168,high
New South Wales,2021-07-08,3.631,3.75,4.0694,3.8168,high
New South Wales,2021-07-09,3.8095,3.75,4.0694,3.8763,high
New South Wales,2021-07-10,3.8095,3.75,4.0694,3.8763,high
New South Wales,2021-07-11,3.8095,3.75,4.0694,3.8763,high
New South Wales,2021-07-12,3.8095,3.75,4.0694,3.8763,high
New South Wales,2021-07-13,3.8095,3.75,4.0694,3.8763,high
New South Wales,2021-07-14,3.8095,3.75,4.0694,3.8763,high
New South Wales,2021-07-15,3.8095,3.75,4.0694,3.8763,high
New South Wales,2021-07-16,4.0476,3.75,4.0694,3.9557,high
New South Wales,2021-07-17,4.0476,3.75,4.0694,3.9557,high
New South Wales,2021-07-18,4.0476,3.75,4.0694,3.9557,high
New South Wales,2021-07-19,4.0476,3.75,4.0694,3.9557,high
New South Wales,2021-07-20,4.0476,3.75,4.0694,3.9557,high
New South Wales,2021-07-21,4.0476,3.75,4.0694,3.9557,high
New South Wales,2021-07-22,4.0476,3.75,4.0694,3.9557,high
New South Wales,2021-07-23,4.0476,3.75,4.0694,3.9557,high
New South Wales,2021-07-24,4.0476,3.75,4.0694,3.9557,high
New South Wales,2021-07-25,4.0476,3.75,4.0694,3.9557,high
New South Wales,2021-07-26,4.0476,3.75,4.0694,3.9557,high
New South Wales,2021-07-27,4.0476,3.75,4.0694,3.9557,high
New South Wales,2021-07-28,4.0476,3.75,4.0694,3.9557,high
New South Wales,2021-07-29,4.0476,3.75,4.0694,3.9557,high
New South Wales,2021-07-30,4.0476,3.75,4.0694,3.9557,high
New South Wales,2021-07-31,4.0476,3.75,4.0694,3.9557,high
New South Wales,2021-08-01,4.4048,2.5,4.3472,3.7507,high
New South Wales,2021-08-02,4.4048,2.5,4.3472,3.7507,high
New South Wales,2021-08-03,4.4048,2.5,4.3472,3.7507,high
New South Wales,2021-08-04,4.4048,2.5,4.3472,3.7507,high
New South Wales,2021-08-05,4.4048,2.5,4.3472,3.7507,high
New South Wales,2021-08-06,4.4048,2.5,4.3472,3.7507,high
New South Wales,2021-08-07,4.4048,2.5,4.3472,3.7507,high
New South Wales,2021-08-08,4.4048,2.5,4.3472,3.7507,high
New South Wales,2021-08-09,4.4048,2.5,4.3472,3.7507,high
New South Wales,2021-08-10,4.4048,2.5,4.3472,3.7507,high
New South Wales,2021-08-11,4.4048,2.5,4.3472,3.7507,high
New South Wales,2021-08-12,4.4048,2.5,4.3472,3.7507,high
New South Wales,2021-08-13,4.4048,2.5,4.3472,3.7507,high
New South Wales,2021-08-14,4.4048,2.5,4.3472,3.7507,high
New South Wales,2021-08-15,4.4048,2.5,4.3472,3.7507,high
New South Wales,2021-08-16,4.4048,2.5,4.3472,3.7507,high
New South Wales,2021-08-17,4.4048,2.5,4.3472,3.7507,high
New South Wales,2021-08-18,4.4048,2.5,4.3472,3.7507,high
New South Wales,2021-08-19,4.4048,2.5,4.3472,3.7507,high
New South Wales,2021-08-20,4.4048,2.5,4.3472,3.7507,high
New South Wales,2021-08-21,4.4048,2.5,4.3472,3.7507,high
New South Wales,2021-08-22,4.4048,2.5,4.3472,3.7507,high
New South Wales,2021-08-23,4.4048,2.5,4.3472,3.7507,high
New South Wales,2021-08-24,4.4048,2.5,4.3472,3.7507,high
New South Wales,2021-08-25,4.4048,2.5,4.5139,3.8062,high
New South Wales,2021-08-26,4.4048,2.5,4.5139,3.8062,high
New South Wales,2021-08-27,4.4048,2.5,4.5139,3.8062,high
New South Wales,2021-08-28,4.4048,2.5,4.5139,3.8062,high
New South Wales,2021-08-29,4.4048,2.5,4.5139,3.8062,high
New South Wales,2021-08-30,4.4048,2.5,4.5139,3.8062,high
New South Wales,2021-08-31,4.4048,2.5,4.5139,3.8062,high
New South Wales,2021-09-01,4.4048,2.5,4.5139,3.8062,high
New South Wales,2021-09-02,4.4048,2.5,4.5139,3.8062,high
New South Wales,2021-09-03,4.4048,2.5,4.5139,3.8062,high
New South Wales,2021-09-04,4.4048,2.5,4.5139,3.8062,high
New South Wales,2021-09-05,4.4048,2.5,4.5139,3.8062,high
New South Wales,2021-09-06,4.4048,2.5,4.5139,3.8062,high
New South Wales,2021-09-07,4.4048,2.5,4.5139,3.8062,high
New South Wales,2021-09-08,4.4048,2.5,4.5139,3.8062,high
New South Wales,2021-09-09,4.4048,2.5,4.5139,3.8062,high
New South Wales,2021-09-10,4.4048,2.5,4.5139,3.8062,high
New South Wales,2021-09-11,4.4048,2.5,4.5139,3.8062,high
New South Wales,2021-09-12,4.4048,2.5,4.5139,3.8062,high
New South Wales,2021-09-13,4.4048,2.5,4.5139,3.8062,high
New South Wales,2021-09-14,4.4048,2.5,4.5139,3.8062,high
New South Wales,2021-09-15,4.4048,2.5,4.5139,3.8062,high
New South Wales,2021-09-16,4.4048,2.5,4.5139,3.8062,high
New South Wales,2021-09-17,4.4048,2.5,4.5139,3.8062,high
New South Wales,2021-09-18,4.4048,2.5,4.5139,3.8062,high
New South Wales,2021-09-19,4.4048,2.5,4.5139,3.8062,high
New South Wales,2021-09-20,4.4048,2.5,4.5139,3.8062,high
New South Wales,2021-09-21,4.4048,2.5,4.5139,3.8062,high
New South Wales,2021-09-22,4.4048,2.5,4.5139,3.8062,high
New South Wales,2021-09-23,4.4048,2.5,4.5139,3.8062,high
New South Wales,2021-09-24,4.4048,2.5,4.5139,3.8062,high
New South Wales,2021-09-25,4.4048,2.5,4.5139,3.8062,high
New South Wales,2021-09-26,4.4048,2.5,4.5139,3.8062,high
New South Wales,2021-09-27,4.4048,2.5,4.5139,3.8062,high
New South Wales,2021-09-28,4.4048,2.5,4.5139,3.8062,high
New South Wales,2021-09-29,4.4048,2.5,4.5139,3.8062,high
New South Wales,2021-09-30,4.4048,2.5,4.5139,3.8062,high
New South Wales,2021-10-01,4.4048,2.5,4.5139,3.8062,high
New South Wales,2021-10-02,4.4048,2.5,4.5139,3.8062,high
New South Wales,2021-10-03,4.4048,2.5,4.5139,3.8062,high
New South Wales,2021-10-04,4.4048,2.5,4.5139,3.8062,high
New South Wales,2021-10-05,4.4048,2.5,4.5139,3.8062,high
New South Wales,2021-10-06,4.4048,2.5,4.5139,3.8062,high
New South Wales,2021-10-07,4.4048,2.5,4.5139,3.8062,high
New South Wales,2021-10-08,4.4048,3.75,4.5139,4.2229,high
New South Wales,2021-10-09,4.4048,3.75,4.5139,4.2229,high
New South Wales,2021-10-10,4.4048,3.75,4.5139,4.2229,high
New South Wales,2021-10-11,3.2143,3.75,4.0278,3.664,high
New South Wales,2021-10-12,3.2143,3.75,4.0278,3.664,high
New South Wales,2021-10-13,3.2143,3.75,4.0278,3.664,high
New South Wales,2021-10-14,3.2143,3.75,4.0278,3.664,high
New South Wales,2021-10-15,3.2143,3.75,4.0278,3.664,high
New South Wales,2021-10-16,3.2143,3.75,4.0278,3.664,high
New South Wales,2021-10-17,3.2143,3.75,4.0278,3.664,high
New South Wales,2021-10-18,3.0357,3.75,4.0278,3.6045,high
New South Wales,2021-10-19,3.0357,3.75,4.0278,3.6045,high
New South Wales,2021-10-20,2.8571,3.75,4.0278,3.545,high
New South Wales,2021-10-21,2.8571,3.75,4.0278,3.545,high
New South Wales,2021-10-22,2.8571,3.75,4.0278,3.545,high
New South Wales,2021-10-23,2.8571,3.75,4.0278,3.545,high
New South Wales,2021-10-24,2.8571,3.75,4.0278,3.545,high
New South Wales,2021-10-25,2.619,3.75,4.0278,3.4656,high
New South Wales,2021-10-26,2.619,3.75,4.0278,3.4656,high
New South Wales,2021-10-27,2.619,3.75,4.0278,3.4656,high
New South Wales,2021-10-28,2.619,3.75,4.0278,3.4656,high
New South Wales,2021-10-29,2.619,3.75,4.0278,3.4656,high
New South Wales,2021-10-30,2.619,3.75,4.0278,3.4656,high
New South Wales,2021-10-31,2.619,3.75,4.0278,3.4656,high
New South Wales,2021-11-01,2.2619,2.5,4.0278,2.9299,medium
New South Wales,2021-11-02,2.2619,2.5,4.0278,2.9299,medium
New South Wales,2021-11-03,2.2619,2.5,4.0278,2.9299,medium
New South Wales,2021-11-04,2.2619,2.5,4.0278,2.9299,medium
New South Wales,2021-11-05,2.2619,2.5,4.0278,2.9299,medium
New South Wales,2021-11-06,2.2619,2.5,4.0278,2.9299,medium
New South Wales,2021-11-07,2.2619,2.5,4.0278,2.9299,medium
New South Wales,2021-11-08,2.0833,2.5,4.0278,2.8704,medium
New South Wales,2021-11-09,2.0833,2.5,4.0278,2.8704,medium
New South Wales,2021-11-10,2.0833,2.5,4.0278,2.8704,medium
New South Wales,2021-11-11,2.0833,2.5,4.0278,2.8704,medium
New South Wales,2021-11-12,2.0833,2.5,4.0278,2.8704,medium
New South Wales,2021-11-13,2.0833,2.5,4.0278,2.8704,medium
New South Wales,2021-11-14,2.0833,2.5,4.0278,2.8704,medium
New South Wales,2021-11-15,2.0833,2.5,4.0278,2.8704,medium
New South Wales,2021-11-16,2.0833,2.5,4.0278,2.8704,medium
New South Wales,2021-11-17,2.0833,2.5,4.0278,2.8704,medium
New South Wales,2021-11-18,2.0833,2.5,4.0278,2.8704,medium
New South Wales,2021-11-19,2.0833,2.5,4.0278,2.8704,medium
New South Wales,2021-11-20,2.0833,2.5,4.0278,2.8704,medium
New South Wales,2021-11-21,2.0833,2.5,4.0278,2.8704,medium
New South Wales,2021-11-22,2.0833,2.5,4.0278,2.8704,medium
New South Wales,2021-11-23,2.0833,2.5,4.0278,2.8704,medium
New South Wales,2021-11-24,2.0833,2.5,4.0278,2.8704,medium
New South Wales,2021-11-25,2.0833,2.5,4.0278,2.8704,medium
New South Wales,2021-11-26,2.0833,2.5,4.0278,2.8704,medium
New South Wales,2021-11-27,2.4405,2.5,4.0278,2.9894,medium
New South Wales,2021-11-28,2.4405,2.5,4.0278,2.9894,medium
New South Wales,2021-11-29,2.4405,2.5,4.0278,2.9894,medium
New South Wales,2021-11-30,2.4405,2.5,4.0278,2.9894,medium
New South Wales,2021-12-01,2.4405,2.5,4.0278,2.9894,medium
New South Wales,2021-12-02,2.4405,2.5,4.0278,2.9894,medium
New South Wales,2021-12-03,2.4405,2.5,4.0278,2.9894,medium
New South Wales,2021-12-04,2.4405,2.5,4.0278,2.9894,medium
New South Wales,2021-12-05,2.4405,2.5,4.0278,2.9894,medium
New South Wales,2021-12-06,2.4405,2.5,4.0278,2.9894,medium
New South Wales,2021-12-07,2.4405,2.5,4.0278,2.9894,medium
New South Wales,2021-12-08,2.4405,2.5,4.0278,2.9894,medium
New South Wales,2021-12-09,2.4405,2.5,4.0278,2.9894,medium
New South Wales,2021-12-10,2.4405,2.5,4.0278,2.9894,medium
New South Wales,2021-12-11,2.4405,2.5,4.0278,2.9894,medium
New South Wales,2021-12-12,2.4405,2.5,4.0278,2.9894,medium
New South Wales,2021-12-13,2.4405,2.5,4.0278,2.9894,medium
New South Wales,2021-12-14,2.4405,2.5,4.0278,2.9894,medium
New South Wales,2021-12-15,2.2619,2.5,4.0278,2.9299,medium
New South Wales,2021-12-16,1.9048,2.5,4.0278,2.8109,medium
New South Wales,2021-12-17,1.9048,2.5,4.0278,2.8109,medium
New South Wales,2021-12-18,1.9048,2.5,4.0278,2.8109,medium
New South Wales,2021-12-19,1.9048,2.5,4.0278,2.8109,medium
New South Wales,2021-12-20,1.9048,2.5,4.0278,2.8109,medium
New South Wales,2021-12-21,1.9048,2.5,3.6111,2.672,medium
New South Wales,2021-12-22,1.9048,2.5,3.6111,2.672,medium
New South Wales,2021-12-23,1.9048,2.5,3.6111,2.672,medium
New South Wales,2021-12-24,1.9048,2.5,3.6111,2.672,medium
New South Wales,2021-12-25,1.9048,2.5,3.6111,2.672,medium
New South Wales,2021-12-26,1.9048,2.5,3.6111,2.672,medium
New South Wales,2021-12-27,1.9048,2.5,3.6111,2.672,medium
New South Wales,2021-12-28,1.9048,2.5,3.6111,2.672,medium
New South Wales,2021-12-29,1.9048,2.5,3.6111,2.672,medium
New South Wales,2021-12-30,1.9048,2.5,3.6111,2.672,medium
New South Wales,2021-12-31,1.9048,2.5,3.6111,2.672,medium
New South Wales,2022-01-01,1.9048,2.5,3.6111,2.672,medium
New South Wales,2022-01-02,1.9048,2.5,3.6111,2.672,medium
New South Wales,2022-01-03,1.9048,2.5,3.6111,2.672,medium
New South Wales,2022-01-04,1.9048,2.5,3.6111,2.672,medium
New South Wales,2022-01-05,1.9048,2.5,3.6111,2.672,medium
New South Wales,2022-01-06,1.9048,2.5,3.6111,2.672,medium
New South Wales,2022-01-07,1.1905,2.5,3.6111,2.4339,medium
New South Wales,2022-01-08,1.1905,1.25,3.6111,2.0172,low
New South Wales,2022-01-09,1.1905,1.25,3.6111,2.0172,low
New South Wales,2022-01-10,1.1905,1.25,3.6111,2.0172,low
New South Wales,2022-01-11,1.1905,1.25,3.6111,2.0172,low
New South Wales,2022-01-12,1.1905,1.25,3.6111,2.0172,low
New South Wales,2022-01-13,1.1905,1.25,3.6111,2.0172,low
New South Wales,2022-01-14,1.1905,1.25,4.5139,2.3181,medium
New South Wales,2022-01-15,1.1905,1.25,4.5139,2.3181,medium
New South Wales,2022-01-16,1.1905,1.25,4.5139,2.3181,medium
New South Wales,2022-01-17,1.1905,1.25,4.5139,2.3181,medium
New South Wales,2022-01-18,1.1905,1.25,4.5139,2.3181,medium
New South Wales,2022-01-19,1.1905,1.25,4.5139,2.3181,medium
New South Wales,2022-01-20,1.1905,1.25,4.5139,2.3181,medium
New South Wales,2022-01-21,1.1905,1.25,4.5139,2.3181,medium
New South Wales,2022-01-22,1.1905,1.25,4.3056,2.2487,low
New South Wales,2022-01-23,1.1905,1.25,4.3056,2.2487,low
New South Wales,2022-01-24,1.1905,1.25,4.3056,2.2487,low
New South Wales,2022-01-25,1.1905,1.25,4.3056,2.2487,low
New South Wales,2022-01-26,1.1905,1.25,4.3056,2.2487,low
New South Wales,2022-01-27,1.1905,1.25,4.3056,2.2487,low
New South Wales,2022-01-28,1.1905,1.25,4.3056,2.2487,low
New South Wales,2022-01-29,1.1905,1.25,4.3056,2.2487,low
New South Wales,2022-01-30,1.0119,1.25,4.2361,2.166,low
New South Wales,2022-01-31,1.0119,1.25,4.2361,2.166,low
New South Wales,2022-02-01,1.0119,1.25,4.2361,2.166,low
New South Wales,2022-02-02,1.0119,1.25,4.2361,2.166,low
New South Wales,2022-02-03,1.0119,1.25,4.2361,2.166,low
New South Wales,2022-02-04,1.0119,1.25,4.2361,2.166,low
New South Wales,2022-02-05,1.0119,1.25,4.2361,2.166,low
New South Wales,2022-02-06,1.0119,1.25,3.6111,1.9577,low
New South Wales,2022-02-07,1.0119,1.25,3.6111,1.9577,low
New South Wales,2022-02-08,1.0119,1.25,3.6111,1.9577,low
New South Wales,2022-02-09,1.0119,1.25,3.6111,1.9577,low
New South Wales,2022-02-10,1.0119,1.25,3.6111,1.9577,low
New South Wales,2022-02-11,1.0119,1.25,3.6111,1.9577,low
New South Wales,2022-02-12,1.0119,1.25,3.6111,1.9577,low
New South Wales,2022-02-13,1.1905,1.25,4.0278,2.1561,low
New South Wales,2022-02-14,1.1905,1.25,4.0278,2.1561,low
New South Wales,2022-02-15,1.1905,1.25,4.0278,2.1561,low
New South Wales,2022-02-16,1.1905,1.25,4.0278,2.1561,low
New South Wales,2022-02-17,1.1905,1.25,4.0278,2.1561,low
New South Wales,2022-02-18,1.1905,1.25,4.0278,2.1561,low
New South Wales,2022-02-19,1.1905,1.25,4.0278,2.1561,low
New South Wales,2022-02-20,1.1905,1.25,4.0278,2.1561,low
New South Wales,2022-02-21,1.0119,1.25,3.75,2.004,low
New South Wales,2022-02-22,1.0119,1.25,3.75,2.004,low
New South Wales,2022-02-23,1.0119,1.25,3.75,2.004,low
New South Wales,2022-02-24,1.0119,1.25,3.75,2.004,low
New South Wales,2022-02-25,1.0119,1.25,3.75,2.004,low
New South Wales,2022-02-26,1.0119,1.25,3.75,2.004,low
New South Wales,2022-02-27,1.0119,1.25,3.75,2.004,low
New South Wales,2022-02-28,1.0119,1.25,3.75,2.004,low
New South Wales,2022-03-01,0.6548,1.25,4.0278,1.9775,low
New South Wales,2022-03-02,0.6548,1.25,4.0278,1.9775,low
New South Wales,2022-03-03,0.6548,1.25,4.0278,1.9775,low
New South Wales,2022-03-04,0.6548,1.25,4.0278,1.9775,low
New South Wales,2022-03-05,0.6548,1.25,4.0278,1.9775,low
New South Wales,2022-03-06,0.6548,1.25,4.0278,1.9775,low
New South Wales,2022-03-07,0.6548,1.25,4.0278,1.9775,low
New South Wales,2022-03-08,0.6548,1.25,4.0278,1.9775,low
New South Wales,2022-03-09,0.6548,1.25,4.0278,1.9775,low
New South Wales,2022-03-10,0.6548,1.25,4.0278,1.9775,low
New South Wales,2022-03-11,0.6548,1.25,4.0278,1.9775,low
New South Wales,2022-03-12,0.6548,1.25,4.0278,1.9775,low
New South Wales,2022-03-13,0.6548,1.25,4.0278,1.9775,low
New South Wales,2022-03-14,0.6548,1.25,4.0278,1.9775,low
New South Wales,2022-03-15,0.6548,1.25,4.0278,1.9775,low
New South Wales,2022-03-16,0.6548,1.25,4.0278,1.9775,low
New South Wales,2022-03-17,0.6548,1.25,4.0278,1.9775,low
New South Wales,2022-03-18,0.6548,1.25,4.0278,1.9775,low
New South Wales,2022-03-19,0.6548,1.25,4.0278,1.9775,low
New South Wales,2022-03-20,0.6548,1.25,4.0278,1.9775,low
New South Wales,2022-03-21,0.6548,1.25,4.0278,1.9775,low
New South Wales,2022-03-22,1.0119,3.75,4.0278,2.9299,medium
New South Wales,2022-03-23,1.0119,3.75,4.0278,2.9299,medium
New South Wales,2022-03-24,1.0119,3.75,4.0278,2.9299,medium
New South Wales,2022-03-25,1.0119,3.75,4.0278,2.9299,medium
New South Wales,2022-03-26,1.0119,3.75,4.0278,2.9299,medium
New South Wales,2022-03-27,1.0119,3.75,4.0278,2.9299,medium
New South Wales,2022-03-28,1.0119,3.75,4.0278,2.9299,medium
New South Wales,2022-03-29,1.0119,1.25,3.8889,2.0503,low
New South Wales,2022-03-30,1.0119,1.25,3.8889,2.0503,low
New South Wales,2022-03-31,1.0119,1.25,3.8889,2.0503,low
New South Wales,2022-04-01,1.0119,1.25,3.8889,2.0503,low
New South Wales,2022-04-02,1.0119,1.25,3.8889,2.0503,low
New South Wales,2022-04-03,1.0119,1.25,3.8889,2.0503,low
New South Wales,2022-04-04,1.0119,1.25,3.8889,2.0503,low
New South Wales,2022-04-05,1.0119,1.25,4.0278,2.0966,low
New South Wales,2022-04-06,1.0119,1.25,4.0278,2.0966,low
New South Wales,2022-04-07,1.0119,1.25,4.0278,2.0966,low
New South Wales,2022-04-08,1.0119,1.25,4.0278,2.0966,low
New South Wales,2022-04-09,1.0119,1.25,4.0278,2.0966,low
New South Wales,2022-04-10,1.0119,1.25,4.0278,2.0966,low
New South Wales,2022-04-11,1.0119,1.25,4.0278,2.0966,low
New South Wales,2022-04-12,0.6548,1.25,4.0278,1.9775,low
New South Wales,2022-04-13,0.6548,1.25,4.0278,1.9775,low
New South Wales,2022-04-14,0.6548,1.25,4.0278,1.9775,low
New South Wales,2022-04-15,0.6548,1.25,4.0278,1.9775,low
New South Wales,2022-04-16,0.6548,1.25,4.0278,1.9775,low
New South Wales,2022-04-17,0.6548,1.25,4.0278,1.9775,low
New South Wales,2022-04-18,0.6548,1.25,4.0278,1.9775,low
New South Wales,2022-04-19,0.6548,1.25,4.0278,1.9775,low
New South Wales,2022-04-20,0.6548,1.25,4.0278,1.9775,low
New South Wales,2022-04-21,0.6548,1.25,4.0278,1.9775,low
New South Wales,2022-04-22,0.6548,1.25,4.0278,1.9775,low
New South Wales,2022-04-23,0.6548,1.25,4.0278,1.9775,low
New South Wales,2022-04-24,0.6548,1.25,4.0278,1.9775,low
New South Wales,2022-04-25,0.6548,1.25,4.0278,1.9775,low
New South Wales,2022-04-26,0.6548,1.25,4.0278,1.9775,low
New South Wales,2022-04-27,0.6548,1.25,4.0278,1.9775,low
New South Wales,2022-04-28,0.6548,1.25,4.0278,1.9775,low
New South Wales,2022-04-29,0.6548,1.25,4.0278,1.9775,low
New South Wales,2022-04-30,0.6548,1.25,4.0278,1.9775,low
New South Wales,2022-05-01,0.6548,1.25,4.0278,1.9775,low
New South Wales,2022-05-02,0.6548,1.25,4.0278,1.9775,low
New South Wales,2022-05-03,0.6548,1.25,4.0278,1.9775,low
New South Wales,2022-05-04,0.6548,1.25,4.0278,1.9775,low
New South Wales,2022-05-05,0.6548,1.25,4.0278,1.9775,low
New South Wales,2022-05-06,0.6548,1.25,4.0278,1.9775,low
New South Wales,2022-05-07,0.6548,1.25,4.0278,1.9775,low
New South Wales,2022-05-08,0.6548,1.25,4.0278,1.9775,low
New South Wales,2022-05-09,0.6548,1.25,4.0278,1.9775,low
New South Wales,2022-05-10,0.6548,1.25,4.0278,1.9775,low
New South Wales,2022-05-11,0.6548,1.25,4.0278,1.9775,low
New South Wales,2022-05-12,0.6548,1.25,4.0278,1.9775,low
New South Wales,2022-05-13,0.6548,1.25,4.0278,1.9775,low
New South Wales,2022-05-14,0.6548,1.25,4.0278,1.9775,low
New South Wales,2022-05-15,0.6548,1.25,4.0278,1.9775,low
New South Wales,2022-05-16,0.6548,1.25,4.0278,1.9775,low
New South Wales,2022-05-17,0.6548,1.25,4.0278,1.9775,low
New South Wales,2022-05-18,0.6548,1.25,4.0278,1.9775,low
New South Wales,2022-05-19,0.6548,1.25,4.0278,1.9775,low
New South Wales,2022-05-20,0.6548,1.25,4.0278,1.9775,low
New South Wales,2022-05-21,0.6548,1.25,4.0278,1.9775,low
New South Wales,2022-05-22,0.6548,1.25,4.0278,1.9775,low
New South Wales,2022-05-23,0.6548,1.25,4.0278,1.9775,low
New South Wales,2022-05-24,0.6548,1.25,4.0278,1.9775,low
New South Wales,2022-05-25,0.6548,1.25,4.0278,1.9775,low
New South Wales,2022-05-26,0.6548,1.25,4.0278,1.9775,low
New South Wales,2022-05-27,0.6548,1.25,4.0278,1.9775,low
New South Wales,2022-05-28,0.6548,1.25,4.0278,1.9775,low
New South Wales,2022-05-29,0.6548,1.25,4.0278,1.9775,low
New South Wales,2022-05-30,0.6548,1.25,4.0278,1.9775,low
New South Wales,2022-05-31,0.6548,1.25,4.0278,1.9775,low
New South Wales,2022-06-01,0.6548,1.25,4.0278,1.9775,low
New South Wales,2022-06-02,0.6548,1.25,4.0278,1.9775,low
New South Wales,2022-06-03,0.8333,1.25,4.0278,2.037,low
New South Wales,2022-06-04,0.8333,1.25,4.0278,2.037,low
New South Wales,2022-06-05,0.8333,1.25,4.0278,2.037,low
New South Wales,2022-06-06,0.8333,1.25,4.0278,2.037,low
New South Wales,2022-06-07,0.8333,1.25,4.0278,2.037,low
New South Wales,2022-06-08,0.8333,1.25,4.0278,2.037,low
New South Wales,2022-06-09,0.8333,1.25,4.0278,2.037,low
New South Wales,2022-06-10,0.8333,1.25,4.0278,2.037,low
New South Wales,2022-06-11,0.8333,1.25,4.0278,2.037,low
New South Wales,2022-06-12,0.8333,1.25,4.0278,2.037,low
New South Wales,2022-06-13,0.8333,1.25,4.0278,2.037,low
New South Wales,2022-06-14,0.8333,1.25,4.0278,2.037,low
New South Wales,2022-06-15,0.8333,1.25,4.0278,2.037,low
New South Wales,2022-06-16,0.8333,1.25,4.0278,2.037,low
New South Wales,2022-06-17,0.8333,1.25,4.0278,2.037,low
New South Wales,2022-06-18,0.8333,1.25,4.0278,2.037,low
New South Wales,2022-06-19,0.8333,1.25,4.0278,2.037,low
New South Wales,2022-06-20,0.8333,1.25,4.0278,2.037,low
New South Wales,2022-06-21,0.8333,1.25,4.0278,2.037,low
New South Wales,2022-06-22,0.8333,1.25,4.0278,2.037,low
New South Wales,2022-06-23,0.8333,1.25,4.0278,2.037,low
New South Wales,2022-06-24,0.8333,1.25,4.0278,2.037,low
New South Wales,2022-06-25,0.8333,1.25,4.0278,2.037,low
New South Wales,2022-06-26,0.8333,1.25,4.0278,2.037,low
New South Wales,2022-06-27,0.8333,1.25,4.0278,2.037,low
New South Wales,2022-06-28,0.8333,1.25,4.0278,2.037,low
New South Wales,2022-06-29,0.8333,1.25,4.0278,2.037,low
New South Wales,2022-06-30,0.8333,1.25,4.0278,2.037,low
New South Wales,2022-07-01,0.8333,1.25,4.0278,2.037,low
New South Wales,2022-07-02,0.8333,1.25,4.0278,2.037,low
New South Wales,2022-07-03,0.8333,1.25,4.0278,2.037,low
New South Wales,2022-07-04,0.8333,1.25,4.0278,2.037,low
New South Wales,2022-07-05,0.8333,1.25,4.0278,2.037,low
New South Wales,2022-07-06,0.4762,1.25,4.0278,1.918,low
New South Wales,2022-07-07,0.4762,1.25,4.0278,1.918,low
New South Wales,2022-07-08,0.4762,1.25,4.3056,2.0106,low
New South Wales,2022-07-09,0.4762,1.25,4.3056,2.0106,low
New South Wales,2022-07-10,0.4762,1.25,4.3056,2.0106,low
New South Wales,2022-07-11,0.4762,1.25,4.3056,2.0106,low
New South Wales,2022-07-12,0.4762,1.25,4.3056,2.0106,low
New South Wales,2022-07-13,0.4762,1.25,4.3056,2.0106,low
New South Wales,2022-07-14,0.4762,1.25,4.3056,2.0106,low
New South Wales,2022-07-15,0.4762,1.25,4.3056,2.0106,low
New South Wales,2022-07-16,0.4762,1.25,4.3056,2.0106,low
New South Wales,2022-07-17,0.4762,1.25,4.3056,2.0106,low
New South Wales,2022-07-18,0.4762,1.25,4.3056,2.0106,low
New South Wales,2022-07-19,0.4762,1.25,4.3056,2.0106,low
New South Wales,2022-07-20,0.4762,1.25,4.3056,2.0106,low
New South Wales,2022-07-21,0.4762,1.25,4.3056,2.0106,low
New South Wales,2022-07-22,0.4762,1.25,4.3056,2.0106,low
New South Wales,2022-07-23,0.4762,1.25,4.3056,2.0106,low
New South Wales,2022-07-24,0.4762,1.25,4.3056,2.0106,low
New South Wales,2022-07-25,0.4762,1.25,4.3056,2.0106,low
New South Wales,2022-07-26,0.4762,1.25,4.3056,2.0106,low
New South Wales,2022-07-27,0.4762,1.25,4.3056,2.0106,low
New South Wales,2022-07-28,0.4762,1.25,4.3056,2.0106,low
New South Wales,2022-07-29,0.4762,1.25,3.8889,1.8717,low
New South Wales,2022-07-30,0.4762,1.25,3.8889,1.8717,low
New South Wales,2022-07-31,0.4762,1.25,3.8889,1.8717,low
New South Wales,2022-08-01,0.4762,2.5,3.6111,2.1958,low
New South Wales,2022-08-02,0.4762,2.5,3.6111,2.1958,low
New South Wales,2022-08-03,0.4762,2.5,3.6111,2.1958,low
New South Wales,2022-08-04,0.4762,2.5,3.6111,2.1958,low
New South Wales,2022-08-05,0.4762,2.5,3.6111,2.1958,low
New South Wales,2022-08-06,0.4762,2.5,3.6111,2.1958,low
New South Wales,2022-08-07,0.4762,2.5,3.6111,2.1958,low
New South Wales,2022-08-08,0.4762,2.5,3.6111,2.1958,low
New South Wales,2022-08-09,0.4762,2.5,3.6111,2.1958,low
New South Wales,2022-08-10,0.4762,2.5,3.6111,2.1958,low
New South Wales,2022-08-11,0.4762,2.5,3.6111,2.1958,low
New South Wales,2022-08-12,0.4762,2.5,3.6111,2.1958,low
New South Wales,2022-08-13,0.4762,2.5,4.0278,2.3347,medium
New South Wales,2022-08-14,0.4762,2.5,4.0278,2.3347,medium
New South Wales,2022-08-15,0.4762,2.5,4.0278,2.3347,medium
New South Wales,2022-08-16,0.4762,2.5,4.0278,2.3347,medium
New South Wales,2022-08-17,0.4762,2.5,4.0278,2.3347,medium
New South Wales,2022-08-18,0.4762,2.5,4.0278,2.3347,medium
New South Wales,2022-08-19,0.4762,2.5,4.0278,2.3347,medium
New South Wales,2022-08-20,0.4762,2.5,4.0278,2.3347,medium
New South Wales,2022-08-21,0.4762,2.5,4.0278,2.3347,medium
New South Wales,2022-08-22,0.4762,2.5,4.0278,2.3347,medium
New South Wales,2022-08-23,0.4762,2.5,4.0278,2.3347,medium
New South Wales,2022-08-24,0.4762,2.5,4.0278,2.3347,medium
New South Wales,2022-08-25,0.4762,2.5,4.0278,2.3347,medium
New South Wales,2022-08-26,0.4762,2.5,4.0278,2.3347,medium
New South Wales,2022-08-27,0.4762,2.5,4.0278,2.3347,medium
New South Wales,2022-08-28,0.4762,2.5,4.0278,2.3347,medium
New South Wales,2022-08-29,0.4762,2.5,4.0278,2.3347,medium
New South Wales,2022-08-30,0.4762,2.5,4.0278,2.3347,medium
New South Wales,2022-08-31,0.4762,2.5,4.0278,2.3347,medium
New South Wales,2022-09-01,0.4762,2.5,4.0278,2.3347,medium
New South Wales,2022-09-02,0.4762,2.5,4.0278,2.3347,medium
New South Wales,2022-09-03,0.4762,2.5,4.0278,2.3347,medium
New South Wales,2022-09-04,0.4762,2.5,4.0278,2.3347,medium
New South Wales,2022-09-05,0.4762,2.5,4.0278,2.3347,medium
New South Wales,2022-09-06,0.4762,2.5,4.0278,2.3347,medium
New South Wales,2022-09-07,0.4762,2.5,4.0278,2.3347,medium
New South Wales,2022-09-08,0.4762,2.5,4.0278,2.3347,medium
New South Wales,2022-09-09,0.4762,2.5,4.0278,2.3347,medium
New South Wales,2022-09-10,0.4762,2.5,4.0278,2.3347,medium
New South Wales,2022-09-11,0.4762,2.5,4.0278,2.3347,medium
New South Wales,2022-09-12,0.4762,2.5,4.0278,2.3347,medium
New South Wales,2022-09-13,0.4762,2.5,4.0278,2.3347,medium
New South Wales,2022-09-14,0.4762,2.5,4.0278,2.3347,medium
New South Wales,2022-09-15,0.4762,2.5,4.0278,2.3347,medium
New South Wales,2022-09-16,0.4762,2.5,4.0278,2.3347,medium
New South Wales,2022-09-17,0.4762,2.5,4.0278,2.3347,medium
New South Wales,2022-09-18,0.4762,2.5,4.0278,2.3347,medium
New South Wales,2022-09-19,0.4762,2.5,4.0278,2.3347,medium
New South Wales,2022-09-20,0.4762,2.5,4.0278,2.3347,medium
New South Wales,2022-09-21,0.4762,2.5,4.0278,2.3347,medium
New South Wales,2022-09-22,0.4762,2.5,4.0278,2.3347,medium
New South Wales,2022-09-23,0.4762,2.5,4.0278,2.3347,medium
New South Wales,2022-09-24,0.4762,2.5,4.0278,2.3347,medium
New South Wales,2022-09-25,0.4762,2.5,4.0278,2.3347,medium
New South Wales,2022-09-26,0.4762,2.5,4.0278,2.3347,medium
New South Wales,2022-09-27,0.4762,2.5,4.0278,2.3347,medium
New South Wales,2022-09-28,0.4762,2.5,4.0278,2.3347,medium
New South Wales,2022-09-29,0.4762,2.5,4.0278,2.3347,medium
New South Wales,2022-09-30,0.4762,2.5,4.0278,2.3347,medium
New South Wales,2022-10-01,0.4762,2.5,4.0278,2.3347,medium
New South Wales,2022-10-02,0.4762,2.5,4.0278,2.3347,medium
New South Wales,2022-10-03,0.4762,2.5,4.0278,2.3347,medium
New South Wales,2022-10-04,0.4762,2.5,4.0278,2.3347,medium
New South Wales,2022-10-05,0.4762,2.5,4.0278,2.3347,medium
New South Wales,2022-10-06,0.4762,2.5,4.0278,2.3347,medium
New South Wales,2022-10-07,0.4762,2.5,4.0278,2.3347,medium
New South Wales,2022-10-08,0.4762,2.5,4.0278,2.3347,medium
New South Wales,2022-10-09,0.4762,2.5,4.0278,2.3347,medium
New South Wales,2022-10-10,0.4762,2.5,4.0278,2.3347,medium
New South Wales,2022-10-11,0.4762,2.5,4.0278,2.3347,medium
New South Wales,2022-10-12,0.4762,2.5,4.0278,2.3347,medium
New South Wales,2022-10-13,0.4762,2.5,4.0278,2.3347,medium
New South Wales,2022-10-14,0.4762,1.25,4.0278,1.918,low
New South Wales,2022-10-15,0.4762,1.25,4.0278,1.918,low
New South Wales,2022-10-16,0.4762,1.25,4.0278,1.918,low
New South Wales,2022-10-17,0.4762,1.25,4.0278,1.918,low
New South Wales,2022-10-18,0.4762,1.25,4.0278,1.918,low
New South Wales,2022-10-19,0.4762,1.25,4.0278,1.918,low
New South Wales,2022-10-20,0.4762,1.25,4.0278,1.918,low
New South Wales,2022-10-21,0.4762,1.25,4.0278,1.918,low
New South Wales,2022-10-22,0.4762,1.25,4.0278,1.918,low
New South Wales,2022-10-23,0.4762,1.25,4.0278,1.918,low
New South Wales,2022-10-24,0.4762,1.25,4.0278,1.918,low
New South Wales,2022-10-25,0.4762,1.25,4.0278,1.918,low
New South Wales,2022-10-26,0.4762,1.25,4.0278,1.918,low
New South Wales,2022-10-27,0.4762,1.25,4.0278,1.918,low
New South Wales,2022-10-28,0.4762,1.25,4.0278,1.918,low
New South Wales,2022-10-29,0.4762,1.25,4.0278,1.918,low
New South Wales,2022-10-30,0.4762,1.25,4.0278,1.918,low
New South Wales,2022-10-31,0.4762,1.25,4.0278,1.918,low
New South Wales,2022-11-01,0.4762,1.25,4.0278,1.918,low
New South Wales,2022-11-02,0.4762,1.25,4.0278,1.918,low
New South Wales,2022-11-03,0.4762,1.25,4.0278,1.918,low
New South Wales,2022-11-04,0.4762,1.25,4.0278,1.918,low
New South Wales,2022-11-05,0.4762,1.25,4.0278,1.918,low
New South Wales,2022-11-06,0.4762,1.25,4.0278,1.918,low
New South Wales,2022-11-07,0.4762,1.25,4.0278,1.918,low
New South Wales,2022-11-08,0.4762,1.25,4.0278,1.918,low
New South Wales,2022-11-09,0.4762,1.25,4.0278,1.918,low
New South Wales,2022-11-10,0.4762,1.25,4.0278,1.918,low
New South Wales,2022-11-11,0.4762,1.25,4.0278,1.918,low
New South Wales,2022-11-12,0.4762,1.25,4.0278,1.918,low
New South Wales,2022-11-13,0.4762,1.25,4.0278,1.918,low
New South Wales,2022-11-14,0.4762,1.25,4.0278,1.918,low
New South Wales,2022-11-15,0.4762,1.25,4.0278,1.918,low
New South Wales,2022-11-16,0.4762,1.25,4.0278,1.918,low
New South Wales,2022-11-17,0.4762,1.25,4.0278,1.918,low
New South Wales,2022-11-18,0.4762,1.25,4.0278,1.918,low
New South Wales,2022-11-19,0.4762,1.25,4.0278,1.918,low
New South Wales,2022-11-20,0.4762,1.25,4.0278,1.918,low
New South Wales,2022-11-21,0.4762,1.25,4.0278,1.918,low
New South Wales,2022-11-22,0.4762,1.25,4.0278,1.918,low
New South Wales,2022-11-23,0.4762,1.25,4.0278,1.918,low
New South Wales,2022-11-24,0.4762,1.25,4.0278,1.918,low
New South Wales,2022-11-25,0.4762,1.25,4.0278,1.918,low
New South Wales,2022-11-26,0.4762,1.25,4.0278,1.918,low
New South Wales,2022-11-27,0.4762,1.25,4.0278,1.918,low
New South Wales,2022-11-28,0.4762,1.25,4.0278,1.918,low
New South Wales,2022-11-29,0.4762,1.25,4.0278,1.918,low
New South Wales,2022-11-30,0.4762,1.25,4.0278,1.918,low
New South Wales,2022-12-01,0.4762,1.25,4.0278,1.918,low
New South Wales,2022-12-02,0.4762,1.25,4.0278,1.918,low
New South Wales,2022-12-03,0.4762,1.25,4.0278,1.918,low
New South Wales,2022-12-04,0.4762,1.25,4.0278,1.918,low
New South Wales,2022-12-05,0.4762,1.25,4.0278,1.918,low
New South Wales,2022-12-06,0.4762,1.25,4.0278,1.918,low
New South Wales,2022-12-07,0.4762,1.25,4.0278,1.918,low
New South Wales,2022-12-08,0.4762,1.25,4.0278,1.918,low
New South Wales,2022-12-09,0.4762,1.25,4.0278,1.918,low
New South Wales,2022-12-10,0.4762,1.25,4.0278,1.918,low
New South Wales,2022-12-11,0.4762,1.25,4.0278,1.918,low
New South Wales,2022-12-12,0.4762,1.25,4.0278,1.918,low
New South Wales,2022-12-13,0.4762,1.25,4.0278,1.918,low
New South Wales,2022-12-14,0.4762,1.25,4.0278,1.918,low
New South Wales,2022-12-15,0.4762,1.25,4.0278,1.918,low
New South Wales,2022-12-16,0.4762,1.25,4.0278,1.918,low
New South Wales,2022-12-17,0.4762,1.25,4.0278,1.918,low
New South Wales,2022-12-18,0.4762,1.25,4.0278,1.918,low
New South Wales,2022-12-19,0.4762,1.25,4.0278,1.918,low
New South Wales,2022-12-20,0.4762,1.25,4.0278,1.918,low
New South Wales,2022-12-21,0.4762,1.25,4.0278,1.918,low
New South Wales,2022-12-22,0.4762,1.25,4.0278,1.918,low
New South Wales,2022-12-23,0.4762,1.25,4.0278,1.918,low
New South Wales,2022-12-24,0.4762,1.25,4.0278,1.918,low
New South Wales,2022-12-25,0.4762,1.25,4.0278,1.918,low
New South Wales,2022-12-26,0.4762,1.25,4.0278,1.918,low
New South Wales,2022-12-27,0.4762,1.25,4.0278,1.918,low
New South Wales,2022-12-28,0.4762,1.25,4.0278,1.918,low
New South Wales,2022-12-29,0.4762,1.25,4.0278,1.918,low
New South Wales,2022-12-30,0.4762,1.25,4.0278,1.918,low
New South Wales,2022-12-31,0.4762,1.25,4.0278,1.918,low
Northern Territory,2020-01-01,0.0,0.0,0.0,0.0,low
Northern Territory,2020-01-02,0.0,0.0,0.0,0.0,low
Northern Territory,2020-01-03,0.0,0.0,0.0,0.0,low
Northern Territory,2020-01-04,0.0,0.0,0.0,0.0,low
Northern Territory,2020-01-05,0.0,0.0,0.0,0.0,low
Northern Territory,2020-01-06,0.0,0.0,0.0,0.0,low
Northern Territory,2020-01-07,0.0,0.0,0.0,0.0,low
Northern Territory,2020-01-08,0.0,0.0,0.0,0.0,low
Northern Territory,2020-01-09,0.0,0.0,0.0,0.0,low
Northern Territory,2020-01-10,0.0,0.0,0.0,0.0,low
Northern Territory,2020-01-11,0.0,0.0,0.0,0.0,low
Northern Territory,2020-01-12,0.0,0.0,0.0,0.0,low
Northern Territory,2020-01-13,0.0,0.0,0.0,0.0,low
Northern Territory,2020-01-14,0.0,0.0,0.0,0.0,low
Northern Territory,2020-01-15,0.0,0.0,0.0,0.0,low
Northern Territory,2020-01-16,0.0,0.0,0.0,0.0,low
Northern Territory,2020-01-17,0.0,0.0,0.0,0.0,low
Northern Territory,2020-01-18,0.0,0.0,0.0,0.0,low
Northern Territory,2020-01-19,0.0,0.0,0.0,0.0,low
Northern Territory,2020-01-20,0.0,0.0,0.0,0.0,low
Northern Territory,2020-01-21,0.0,0.0,0.0,0.0,low
Northern Territory,2020-01-22,0.0,0.0,0.0,0.0,low
Northern Territory,2020-01-23,0.0,0.0,0.0,0.0,low
Northern Territory,2020-01-24,0.0,0.0,0.0,0.0,low
Northern Territory,2020-01-25,0.0,0.0,0.0,0.0,low
Northern Territory,2020-01-26,0.0,0.0,0.0,0.0,low
Northern Territory,2020-01-27,0.0,0.0,0.0,0.0,low
Northern Territory,2020-01-28,0.0,0.0,0.0,0.0,low
Northern Territory,2020-01-29,0.0,0.0,0.0,0.0,low
Northern Territory,2020-01-30,0.0,0.0,0.0,0.0,low
Northern Territory,2020-01-31,0.0,0.0,0.0,0.0,low
Northern Territory,2020-02-01,0.5357,0.0,0.0,0.1786,low
Northern Territory,2020-02-02,0.5357,0.0,0.0,0.1786,low
Northern Territory,2020-02-03,0.5357,0.0,0.0,0.1786,low
Northern Territory,2020-02-04,0.5357,0.0,0.0,0.1786,low
Northern Territory,2020-02-05,0.5357,0.0,0.0,0.1786,low
Northern Territory,2020-02-06,0.5357,0.0,0.0,0.1786,low
Northern Territory,2020-02-07,0.5357,0.0,0.0,0.1786,low
Northern Territory,2020-02-08,0.5357,0.0,0.0,0.1786,low
Northern Territory,2020-02-09,0.5357,0.0,0.0,0.1786,low
Northern Territory,2020-02-10,0.5357,0.0,0.0,0.1786,low
Northern Territory,2020-02-11,0.5357,0.0,0.0,0.1786,low
Northern Territory,2020-02-12,0.5357,0.0,0.0,0.1786,low
Northern Territory,2020-02-13,0.5357,0.0,0.0,0.1786,low
Northern Territory,2020-02-14,0.5357,0.0,0.0,0.1786,low
Northern Territory,2020-02-15,0.5357,0.0,0.0,0.1786,low
Northern Territory,2020-02-16,0.5357,0.0,0.0,0.1786,low
Northern Territory,2020-02-17,0.5357,0.0,0.0,0.1786,low
Northern Territory,2020-02-18,0.5357,0.0,0.0,0.1786,low
Northern Territory,2020-02-19,0.5357,0.0,0.0,0.1786,low
Northern Territory,2020-02-20,0.5357,0.0,0.0,0.1786,low
Northern Territory,2020-02-21,0.5357,0.0,0.0,0.1786,low
Northern Territory,2020-02-22,0.5357,0.0,0.0,0.1786,low
Northern Territory,2020-02-23,0.5357,0.0,0.0,0.1786,low
Northern Territory,2020-02-24,0.5357,0.0,0.0,0.1786,low
Northern Territory,2020-02-25,0.5357,0.0,0.0,0.1786,low
Northern Territory,2020-02-26,0.5357,0.0,0.0,0.1786,low
Northern Territory,2020-02-27,0.5357,0.0,0.0,0.1786,low
Northern Territory,2020-02-28,0.5357,0.0,0.0,0.1786,low
Northern Territory,2020-02-29,0.5357,0.0,0.0,0.1786,low
Northern Territory,2020-03-01,0.5357,0.0,0.2778,0.2712,low
Northern Territory,2020-03-02,0.5357,0.0,0.2778,0.2712,low
Northern Territory,2020-03-03,0.5357,0.0,0.2778,0.2712,low
Northern Territory,2020-03-04,0.5357,0.0,0.2778,0.2712,low
Northern Territory,2020-03-05,0.5357,0.0,0.2778,0.2712,low
Northern Territory,2020-03-06,0.5357,0.0,0.2778,0.2712,low
Northern Territory,2020-03-07,0.5357,0.0,0.2778,0.2712,low
Northern Territory,2020-03-08,0.5357,0.0,1.1111,0.5489,low
Northern Territory,2020-03-09,0.5357,0.0,1.1111,0.5489,low
Northern Territory,2020-03-10,0.5357,0.0,1.1111,0.5489,low
Northern Territory,2020-03-11,0.5357,0.0,1.1111,0.5489,low
Northern Territory,2020-03-12,0.8929,0.0,1.1111,0.668,low
Northern Territory,2020-03-13,0.8929,0.0,1.1111,0.668,low
Northern Territory,2020-03-14,0.8929,0.0,1.5278,0.8069,low
Northern Territory,2020-03-15,1.6667,0.0,2.5,1.3889,low
Northern Territory,2020-03-16,1.6667,0.0,2.5,1.3889,low
Northern Territory,2020-03-17,1.6667,0.0,2.5,1.3889,low
Northern Territory,2020-03-18,2.381,0.0,2.5,1.627,low
Northern Territory,2020-03-19,2.381,0.0,2.5,1.627,low
Northern Territory,2020-03-20,2.5595,0.0,2.5,1.6865,low
Northern Territory,2020-03-21,2.5595,0.0,2.5,1.6865,low
Northern Territory,2020-03-22,3.0357,0.0,2.5,1.8452,low
Northern Territory,2020-03-23,3.0357,0.0,2.5,1.8452,low
Northern Territory,2020-03-24,3.0357,0.0,2.5,1.8452,low
Northern Territory,2020-03-25,3.0357,1.25,2.5,2.2619,low
Northern Territory,2020-03-26,3.4524,1.25,2.5,2.4008,medium
Northern Territory,2020-03-27,3.4524,1.25,2.5,2.4008,medium
Northern Territory,2020-03-28,3.4524,1.25,2.5,2.4008,medium
Northern Territory,2020-03-29,3.9286,1.25,2.5,2.5595,medium
Northern Territory,2020-03-30,3.9286,3.75,2.5,3.3929,high
Northern Territory,2020-03-31,3.9286,3.75,2.5,3.3929,high
Northern Territory,2020-04-01,3.9286,3.75,2.5,3.3929,high
Northern Territory,2020-04-02,3.9286,3.75,2.5,3.3929,high
Northern Territory,2020-04-03,3.9286,3.75,2.5,3.3929,high
Northern Territory,2020-04-04,3.9286,3.75,2.5,3.3929,high
Northern Territory,2020-04-05,3.9286,3.75,2.5,3.3929,high
Northern Territory,2020-04-06,3.9286,3.75,2.5,3.3929,high
Northern Territory,2020-04-07,4.1667,3.75,2.5,3.4722,high
Northern Territory,2020-04-08,4.1667,3.75,2.5,3.4722,high
Northern Territory,2020-04-09,4.1667,3.75,2.5,3.4722,high
Northern Territory,2020-04-10,3.9286,3.75,2.5,3.3929,high
Northern Territory,2020-04-11,3.9286,3.75,2.5,3.3929,high
Northern Territory,2020-04-12,3.9286,3.75,2.5,3.3929,high
Northern Territory,2020-04-13,3.9286,3.75,2.5,3.3929,high
Northern Territory,2020-04-14,3.9286,3.75,2.7778,3.4855,high
Northern Territory,2020-04-15,3.9286,3.75,2.7778,3.4855,high
Northern Territory,2020-04-16,3.9286,3.75,2.7778,3.4855,high
Northern Territory,2020-04-17,3.9286,3.75,2.7778,3.4855,high
Northern Territory,2020-04-18,3.9286,3.75,2.7778,3.4855,high
Northern Territory,2020-04-19,3.9286,3.75,2.7778,3.4855,high
Northern Territory,2020-04-20,3.9286,3.75,2.7778,3.4855,high
Northern Territory,2020-04-21,3.3333,3.75,2.7778,3.287,high
Northern Territory,2020-04-22,3.3333,3.75,2.7778,3.287,high
Northern Territory,2020-04-23,3.3333,3.75,2.7778,3.287,high
Northern Territory,2020-04-24,3.3333,3.75,2.7778,3.287,high
Northern Territory,2020-04-25,3.3333,3.75,2.7778,3.287,high
Northern Territory,2020-04-26,3.3333,3.75,2.7778,3.287,high
Northern Territory,2020-04-27,3.3333,3.75,2.7778,3.287,high
Northern Territory,2020-04-28,3.3333,3.75,2.7778,3.287,high
Northern Territory,2020-04-29,3.3333,3.75,2.7778,3.287,high
Northern Territory,2020-04-30,3.3333,3.75,2.7778,3.287,high
Northern Territory,2020-05-01,3.5714,5.0,2.7778,3.7831,high
Northern Territory,2020-05-02,3.5714,5.0,2.7778,3.7831,high
Northern Territory,2020-05-03,3.5714,5.0,2.7778,3.7831,high
Northern Territory,2020-05-04,3.5714,5.0,2.7778,3.7831,high
Northern Territory,2020-05-05,3.5714,5.0,2.7778,3.7831,high
Northern Territory,2020-05-06,3.5714,5.0,2.7778,3.7831,high
Northern Territory,2020-05-07,3.5714,5.0,2.7778,3.7831,high
Northern Territory,2020-05-08,3.0952,5.0,2.7778,3.6243,high
Northern Territory,2020-05-09,3.0952,5.0,2.7778,3.6243,high
Northern Territory,2020-05-10,3.0952,5.0,2.7778,3.6243,high
Northern Territory,2020-05-11,3.0952,5.0,2.7778,3.6243,high
Northern Territory,2020-05-12,3.0952,5.0,2.7778,3.6243,high
Northern Territory,2020-05-13,3.0952,5.0,2.7778,3.6243,high
Northern Territory,2020-05-14,3.0952,5.0,2.7778,3.6243,high
Northern Territory,2020-05-15,2.8571,5.0,2.7778,3.545,high
Northern Territory,2020-05-16,2.8571,5.0,2.7778,3.545,high
Northern Territory,2020-05-17,2.8571,5.0,2.7778,3.545,high
Northern Territory,2020-05-18,2.8571,5.0,2.7778,3.545,high
Northern Territory,2020-05-19,2.8571,5.0,2.7778,3.545,high
Northern Territory,2020-05-20,2.8571,5.0,2.7778,3.545,high
Northern Territory,2020-05-21,2.8571,5.0,2.7778,3.545,high
Northern Territory,2020-05-22,2.8571,5.0,2.7778,3.545,high
Northern Territory,2020-05-23,2.8571,5.0,2.7778,3.545,high
Northern Territory,2020-05-24,2.8571,5.0,2.7778,3.545,high
Northern Territory,2020-05-25,2.8571,5.0,2.7778,3.545,high
Northern Territory,2020-05-26,2.8571,5.0,2.7778,3.545,high
Northern Territory,2020-05-27,2.8571,5.0,2.7778,3.545,high
Northern Territory,2020-05-28,2.8571,5.0,2.7778,3.545,high
Northern Territory,2020-05-29,2.8571,5.0,2.7778,3.545,high
Northern Territory,2020-05-30,2.8571,5.0,2.7778,3.545,high
Northern Territory,2020-05-31,2.8571,5.0,2.7778,3.545,high
Northern Territory,2020-06-01,2.8571,5.0,2.7778,3.545,high
Northern Territory,2020-06-02,2.8571,5.0,2.7778,3.545,high
Northern Territory,2020-06-03,2.8571,5.0,2.7778,3.545,high
Northern Territory,2020-06-04,2.8571,5.0,2.7778,3.545,high
Northern Territory,2020-06-05,2.2619,5.0,2.7778,3.3466,high
Northern Territory,2020-06-06,2.2619,5.0,2.7778,3.3466,high
Northern Territory,2020-06-07,2.2619,5.0,2.7778,3.3466,high
Northern Territory,2020-06-08,2.2619,5.0,2.7778,3.3466,high
Northern Territory,2020-06-09,2.2619,5.0,2.7778,3.3466,high
Northern Territory,2020-06-10,2.2619,5.0,2.7778,3.3466,high
Northern Territory,2020-06-11,2.2619,5.0,2.7778,3.3466,high
Northern Territory,2020-06-12,2.2619,5.0,2.7778,3.3466,high
Northern Territory,2020-06-13,2.2619,5.0,2.7778,3.3466,high
Northern Territory,2020-06-14,2.2619,5.0,2.7778,3.3466,high
Northern Territory,2020-06-15,2.2619,5.0,2.7778,3.3466,high
Northern Territory,2020-06-16,2.2619,5.0,2.7778,3.3466,high
Northern Territory,2020-06-17,2.2619,5.0,2.7778,3.3466,high
Northern Territory,2020-06-18,2.2619,5.0,2.7778,3.3466,high
Northern Territory,2020-06-19,2.2619,5.0,2.7778,3.3466,high
Northern Territory,2020-06-20,2.2619,2.5,2.7778,2.5132,medium
Northern Territory,2020-06-21,2.2619,2.5,2.7778,2.5132,medium
Northern Territory,2020-06-22,2.2619,2.5,2.7778,2.5132,medium
Northern Territory,2020-06-23,2.2619,2.5,2.7778,2.5132,medium
Northern Territory,2020-06-24,2.2619,2.5,2.7778,2.5132,medium
Northern Territory,2020-06-25,2.2619,2.5,2.7778,2.5132,medium
Northern Territory,2020-06-26,2.2619,2.5,2.7778,2.5132,medium
Northern Territory,2020-06-27,2.619,2.5,2.7778,2.6323,medium
Northern Territory,2020-06-28,2.619,2.5,2.7778,2.6323,medium
Northern Territory,2020-06-29,2.619,2.5,2.7778,2.6323,medium
Northern Territory,2020-06-30,2.619,2.5,2.7778,2.6323,medium
Northern Territory,2020-07-01,2.619,2.5,2.7778,2.6323,medium
Northern Territory,2020-07-02,2.619,2.5,2.7778,2.6323,medium
Northern Territory,2020-07-03,2.619,2.5,2.7778,2.6323,medium
Northern Territory,2020-07-04,2.619,2.5,2.7778,2.6323,medium
Northern Territory,2020-07-05,2.619,2.5,2.7778,2.6323,medium
Northern Territory,2020-07-06,2.619,2.5,2.7778,2.6323,medium
Northern Territory,2020-07-07,2.619,2.5,2.7778,2.6323,medium
Northern Territory,2020-07-08,2.619,2.5,2.7778,2.6323,medium
Northern Territory,2020-07-09,2.619,2.5,2.7778,2.6323,medium
Northern Territory,2020-07-10,2.619,2.5,2.7778,2.6323,medium
Northern Territory,2020-07-11,2.619,2.5,2.7778,2.6323,medium
Northern Territory,2020-07-12,2.619,2.5,2.7778,2.6323,medium
Northern Territory,2020-07-13,2.619,2.5,2.7778,2.6323,medium
Northern Territory,2020-07-14,2.619,2.5,2.7778,2.6323,medium
Northern Territory,2020-07-15,2.619,2.5,2.7778,2.6323,medium
Northern Territory,2020-07-16,2.619,2.5,2.7778,2.6323,medium
Northern Territory,2020-07-17,2.2619,2.5,2.7778,2.5132,medium
Northern Territory,2020-07-18,2.2619,2.5,2.7778,2.5132,medium
Northern Territory,2020-07-19,2.2619,2.5,2.7778,2.5132,medium
Northern Territory,2020-07-20,2.2619,2.5,2.7778,2.5132,medium
Northern Territory,2020-07-21,2.2619,2.5,2.7778,2.5132,medium
Northern Territory,2020-07-22,2.2619,2.5,2.7778,2.5132,medium
Northern Territory,2020-07-23,2.2619,2.5,2.7778,2.5132,medium
Northern Territory,2020-07-24,2.2619,2.5,2.7778,2.5132,medium
Northern Territory,2020-07-25,2.2619,2.5,2.7778,2.5132,medium
Northern Territory,2020-07-26,2.2619,2.5,2.7778,2.5132,medium
Northern Territory,2020-07-27,2.2619,2.5,2.7778,2.5132,medium
Northern Territory,2020-07-28,2.2619,2.5,2.7778,2.5132,medium
Northern Territory,2020-07-29,2.2619,2.5,2.7778,2.5132,medium
Northern Territory,2020-07-30,2.2619,2.5,2.7778,2.5132,medium
Northern Territory,2020-07-31,2.381,5.0,2.7778,3.3863,high
Northern Territory,2020-08-01,2.381,5.0,2.7778,3.3863,high
Northern Territory,2020-08-02,2.381,5.0,2.7778,3.3863,high
Northern Territory,2020-08-03,2.381,5.0,2.7778,3.3863,high
Northern Territory,2020-08-04,2.381,5.0,2.7778,3.3863,high
Northern Territory,2020-08-05,2.381,5.0,2.7778,3.3863,high
Northern Territory,2020-08-06,2.381,5.0,2.7778,3.3863,high
Northern Territory,2020-08-07,2.619,3.75,2.7778,3.0489,high
Northern Territory,2020-08-08,2.619,3.75,2.7778,3.0489,high
Northern Territory,2020-08-09,2.619,3.75,2.7778,3.0489,high
Northern Territory,2020-08-10,2.619,3.75,2.7778,3.0489,high
Northern Territory,2020-08-11,2.619,3.75,2.7778,3.0489,high
Northern Territory,2020-08-12,2.619,3.75,2.7778,3.0489,high
Northern Territory,2020-08-13,2.619,3.75,2.7778,3.0489,high
Northern Territory,2020-08-14,2.619,3.75,2.7778,3.0489,high
Northern Territory,2020-08-15,2.619,3.75,2.7778,3.0489,high
Northern Territory,2020-08-16,2.619,3.75,2.7778,3.0489,high
Northern Territory,2020-08-17,2.619,3.75,2.7778,3.0489,high
Northern Territory,2020-08-18,2.619,3.75,2.7778,3.0489,high
Northern Territory,2020-08-19,2.619,3.75,2.7778,3.0489,high
Northern Territory,2020-08-20,2.619,3.75,2.7778,3.0489,high
Northern Territory,2020-08-21,2.619,3.75,2.7778,3.0489,high
Northern Territory,2020-08-22,2.619,3.75,2.7778,3.0489,high
Northern Territory,2020-08-23,2.619,3.75,2.7778,3.0489,high
Northern Territory,2020-08-24,2.619,3.75,2.7778,3.0489,high
Northern Territory,2020-08-25,2.619,3.75,2.7778,3.0489,high
Northern Territory,2020-08-26,2.619,3.75,2.7778,3.0489,high
Northern Territory,2020-08-27,2.619,3.75,2.7778,3.0489,high
Northern Territory,2020-08-28,2.619,3.75,2.7778,3.0489,high
Northern Territory,2020-08-29,2.619,3.75,2.7778,3.0489,high
Northern Territory,2020-08-30,2.619,3.75,2.7778,3.0489,high
Northern Territory,2020-08-31,2.619,3.75,2.7778,3.0489,high
Northern Territory,2020-09-01,2.619,3.75,2.7778,3.0489,high
Northern Territory,2020-09-02,2.619,3.75,2.7778,3.0489,high
Northern Territory,2020-09-03,2.619,3.75,2.7778,3.0489,high
Northern Territory,2020-09-04,2.619,3.75,2.7778,3.0489,high
Northern Territory,2020-09-05,2.619,3.75,2.7778,3.0489,high
Northern Territory,2020-09-06,2.619,3.75,2.7778,3.0489,high
Northern Territory,2020-09-07,2.619,3.75,2.7778,3.0489,high
Northern Territory,2020-09-08,2.619,3.75,2.7778,3.0489,high
Northern Territory,2020-09-09,2.619,3.75,2.7778,3.0489,high
Northern Territory,2020-09-10,2.619,3.75,2.7778,3.0489,high
Northern Territory,2020-09-11,2.619,3.75,2.7778,3.0489,high
Northern Territory,2020-09-12,2.619,3.75,2.7778,3.0489,high
Northern Territory,2020-09-13,2.619,3.75,2.7778,3.0489,high
Northern Territory,2020-09-14,2.619,3.75,2.7778,3.0489,high
Northern Territory,2020-09-15,2.619,3.75,2.7778,3.0489,high
Northern Territory,2020-09-16,2.619,3.75,2.7778,3.0489,high
Northern Territory,2020-09-17,2.619,3.75,2.7778,3.0489,high
Northern Territory,2020-09-18,2.619,3.75,2.7778,3.0489,high
Northern Territory,2020-09-19,2.619,3.75,2.7778,3.0489,high
Northern Territory,2020-09-20,2.619,3.75,2.7778,3.0489,high
Northern Territory,2020-09-21,2.619,3.75,2.7778,3.0489,high
Northern Territory,2020-09-22,2.619,3.75,2.7778,3.0489,high
Northern Territory,2020-09-23,2.619,3.75,2.7778,3.0489,high
Northern Territory,2020-09-24,2.619,3.75,2.7778,3.0489,high
Northern Territory,2020-09-25,2.2619,2.5,2.7778,2.5132,medium
Northern Territory,2020-09-26,2.2619,2.5,2.7778,2.5132,medium
Northern Territory,2020-09-27,2.2619,2.5,2.7778,2.5132,medium
Northern Territory,2020-09-28,2.2619,2.5,2.7778,2.5132,medium
Northern Territory,2020-09-29,2.2619,2.5,2.7778,2.5132,medium
Northern Territory,2020-09-30,2.2619,2.5,2.7778,2.5132,medium
Northern Territory,2020-10-01,1.0714,2.5,2.7778,2.1164,low
Northern Territory,2020-10-02,1.0714,2.5,2.7778,2.1164,low
Northern Territory,2020-10-03,1.0714,2.5,2.7778,2.1164,low
Northern Territory,2020-10-04,1.0714,2.5,2.7778,2.1164,low
Northern Territory,2020-10-05,1.0714,2.5,2.7778,2.1164,low
Northern Territory,2020-10-06,1.0714,2.5,2.7778,2.1164,low
Northern Territory,2020-10-07,1.0714,2.5,2.7778,2.1164,low
Northern Territory,2020-10-08,1.0714,2.5,2.7778,2.1164,low
Northern Territory,2020-10-09,1.0714,2.5,2.7778,2.1164,low
Northern Territory,2020-10-10,1.0714,2.5,2.7778,2.1164,low
Northern Territory,2020-10-11,1.0714,2.5,2.7778,2.1164,low
Northern Territory,2020-10-12,1.0714,2.5,2.7778,2.1164,low
Northern Territory,2020-10-13,1.0714,2.5,2.7778,2.1164,low
Northern Territory,2020-10-14,1.0714,2.5,2.7778,2.1164,low
Northern Territory,2020-10-15,1.0714,2.5,2.7778,2.1164,low
Northern Territory,2020-10-16,1.0714,2.5,2.7778,2.1164,low
Northern Territory,2020-10-17,1.0714,2.5,2.7778,2.1164,low
Northern Territory,2020-10-18,1.0714,2.5,2.7778,2.1164,low
Northern Territory,2020-10-19,1.0714,2.5,2.7778,2.1164,low
Northern Territory,2020-10-20,1.0714,2.5,2.7778,2.1164,low
Northern Territory,2020-10-21,1.0714,2.5,2.7778,2.1164,low
Northern Territory,2020-10-22,1.0714,2.5,2.7778,2.1164,low
Northern Territory,2020-10-23,1.0714,2.5,2.7778,2.1164,low
Northern Territory,2020-10-24,1.0714,2.5,2.7778,2.1164,low
Northern Territory,2020-10-25,1.0714,2.5,2.7778,2.1164,low
Northern Territory,2020-10-26,1.0714,2.5,2.7778,2.1164,low
Northern Territory,2020-10-27,1.0714,2.5,2.7778,2.1164,low
Northern Territory,2020-10-28,1.0714,2.5,2.7778,2.1164,low
Northern Territory,2020-10-29,1.0714,2.5,2.7778,2.1164,low
Northern Territory,2020-10-30,1.0714,2.5,2.7778,2.1164,low
Northern Territory,2020-10-31,1.0714,2.5,2.7778,2.1164,low
Northern Territory,2020-11-01,2.0238,2.5,2.7778,2.4339,medium
Northern Territory,2020-11-02,2.0238,2.5,2.7778,2.4339,medium
Northern Territory,2020-11-03,2.0238,2.5,2.7778,2.4339,medium
Northern Territory,2020-11-04,2.0238,2.5,2.7778,2.4339,medium
Northern Territory,2020-11-05,2.0238,2.5,2.7778,2.4339,medium
Northern Territory,2020-11-06,2.0238,2.5,2.7778,2.4339,medium
Northern Territory,2020-11-07,2.0238,2.5,2.7778,2.4339,medium
Northern Territory,2020-11-08,2.0238,2.5,2.7778,2.4339,medium
Northern Territory,2020-11-09,2.0238,2.5,2.7778,2.4339,medium
Northern Territory,2020-11-10,2.0238,2.5,2.7778,2.4339,medium
Northern Territory,2020-11-11,2.0238,2.5,2.7778,2.4339,medium
Northern Territory,2020-11-12,2.0238,2.5,2.7778,2.4339,medium
Northern Territory,2020-11-13,2.0238,2.5,2.7778,2.4339,medium
Northern Territory,2020-11-14,2.0238,2.5,2.7778,2.4339,medium
Northern Territory,2020-11-15,2.0238,2.5,2.7778,2.4339,medium
Northern Territory,2020-11-16,2.0238,2.5,2.7778,2.4339,medium
Northern Territory,2020-11-17,2.0238,2.5,2.7778,2.4339,medium
Northern Territory,2020-11-18,2.0238,2.5,2.7778,2.4339,medium
Northern Territory,2020-11-19,2.0238,2.5,2.7778,2.4339,medium
Northern Territory,2020-11-20,2.0238,2.5,2.7778,2.4339,medium
Northern Territory,2020-11-21,2.0238,2.5,2.7778,2.4339,medium
Northern Territory,2020-11-22,1.6667,2.5,2.7778,2.3148,medium
Northern Territory,2020-11-23,1.6667,2.5,2.7778,2.3148,medium
Northern Territory,2020-11-24,1.6667,2.5,2.7778,2.3148,medium
Northern Territory,2020-11-25,1.6667,2.5,2.7778,2.3148,medium
Northern Territory,2020-11-26,1.6667,2.5,2.7778,2.3148,medium
Northern Territory,2020-11-27,1.6667,2.5,2.7778,2.3148,medium
Northern Territory,2020-11-28,1.6667,2.5,2.7778,2.3148,medium
Northern Territory,2020-11-29,1.6667,2.5,2.7778,2.3148,medium
Northern Territory,2020-11-30,1.6667,2.5,2.7778,2.3148,medium
Northern Territory,2020-12-01,1.6667,2.5,2.7778,2.3148,medium
Northern Territory,2020-12-02,1.6667,2.5,2.7778,2.3148,medium
Northern Territory,2020-12-03,1.6667,2.5,2.7778,2.3148,medium
Northern Territory,2020-12-04,1.6667,2.5,2.7778,2.3148,medium
Northern Territory,2020-12-05,1.6667,2.5,2.7778,2.3148,medium
Northern Territory,2020-12-06,1.6667,2.5,2.7778,2.3148,medium
Northern Territory,2020-12-07,1.6667,2.5,2.7778,2.3148,medium
Northern Territory,2020-12-08,1.6667,2.5,2.7778,2.3148,medium
Northern Territory,2020-12-09,1.6667,2.5,2.7778,2.3148,medium
Northern Territory,2020-12-10,1.6667,2.5,2.7778,2.3148,medium
Northern Territory,2020-12-11,1.6667,2.5,2.7778,2.3148,medium
Northern Territory,2020-12-12,1.6667,2.5,2.7778,2.3148,medium
Northern Territory,2020-12-13,1.6667,2.5,2.7778,2.3148,medium
Northern Territory,2020-12-14,1.6667,2.5,2.7778,2.3148,medium
Northern Territory,2020-12-15,1.6667,2.5,2.7778,2.3148,medium
Northern Territory,2020-12-16,1.6667,2.5,2.7778,2.3148,medium
Northern Territory,2020-12-17,1.6667,2.5,2.7778,2.3148,medium
Northern Territory,2020-12-18,1.6667,2.5,2.7778,2.3148,medium
Northern Territory,2020-12-19,1.6667,2.5,2.7778,2.3148,medium
Northern Territory,2020-12-20,1.6667,2.5,2.7778,2.3148,medium
Northern Territory,2020-12-21,1.6667,2.5,2.7778,2.3148,medium
Northern Territory,2020-12-22,1.6667,2.5,2.7778,2.3148,medium
Northern Territory,2020-12-23,1.6667,2.5,2.7778,2.3148,medium
Northern Territory,2020-12-24,1.6667,2.5,2.7778,2.3148,medium
Northern Territory,2020-12-25,1.6667,2.5,2.7778,2.3148,medium
Northern Territory,2020-12-26,1.6667,2.5,2.7778,2.3148,medium
Northern Territory,2020-12-27,1.6667,2.5,2.7778,2.3148,medium
Northern Territory,2020-12-28,1.6667,2.5,2.7778,2.3148,medium
Northern Territory,2020-12-29,1.6667,2.5,2.7778,2.3148,medium
Northern Territory,2020-12-30,1.6667,2.5,2.7778,2.3148,medium
Northern Territory,2020-12-31,1.6667,2.5,2.7778,2.3148,medium
Northern Territory,2021-01-01,2.2619,1.25,2.3611,1.9577,low
Northern Territory,2021-01-02,2.2619,1.25,2.3611,1.9577,low
Northern Territory,2021-01-03,2.2619,1.25,2.3611,1.9577,low
Northern Territory,2021-01-04,2.2619,1.25,2.3611,1.9577,low
Northern Territory,2021-01-05,2.2619,1.25,2.3611,1.9577,low
Northern Territory,2021-01-06,2.2619,1.25,2.3611,1.9577,low
Northern Territory,2021-01-07,2.2619,1.25,2.3611,1.9577,low
Northern Territory,2021-01-08,2.2619,1.25,2.3611,1.9577,low
Northern Territory,2021-01-09,2.2619,1.25,2.3611,1.9577,low
Northern Territory,2021-01-10,2.2619,1.25,2.3611,1.9577,low
Northern Territory,2021-01-11,2.2619,1.25,2.3611,1.9577,low
Northern Territory,2021-01-12,2.2619,1.25,2.3611,1.9577,low
Northern Territory,2021-01-13,2.2619,1.25,2.3611,1.9577,low
Northern Territory,2021-01-14,2.2619,1.25,2.3611,1.9577,low
Northern Territory,2021-01-15,2.2619,2.5,2.3611,2.3743,medium
Northern Territory,2021-01-16,2.2619,2.5,2.6389,2.4669,medium
Northern Territory,2021-01-17,2.2619,2.5,2.6389,2.4669,medium
Northern Territory,2021-01-18,2.2619,2.5,2.6389,2.4669,medium
Northern Territory,2021-01-19,2.2619,2.5,2.6389,2.4669,medium
Northern Territory,2021-01-20,2.2619,2.5,3.0556,2.6058,medium
Northern Territory,2021-01-21,2.2619,2.5,3.0556,2.6058,medium
Northern Territory,2021-01-22,2.2619,2.5,3.0556,2.6058,medium
Northern Territory,2021-01-23,2.2619,2.5,3.0556,2.6058,medium
Northern Territory,2021-01-24,2.2619,2.5,3.0556,2.6058,medium
Northern Territory,2021-01-25,2.2619,2.5,3.0556,2.6058,medium
Northern Territory,2021-01-26,2.2619,2.5,3.0556,2.6058,medium
Northern Territory,2021-01-27,2.2619,2.5,3.0556,2.6058,medium
Northern Territory,2021-01-28,2.2619,2.5,3.0556,2.6058,medium
Northern Territory,2021-01-29,2.2619,2.5,3.0556,2.6058,medium
Northern Territory,2021-01-30,2.2619,2.5,3.0556,2.6058,medium
Northern Territory,2021-01-31,2.2619,2.5,3.0556,2.6058,medium
Northern Territory,2021-02-01,2.2619,1.25,2.3611,1.9577,low
Northern Territory,2021-02-02,2.2619,1.25,2.3611,1.9577,low
Northern Territory,2021-02-03,2.2619,1.25,2.3611,1.9577,low
Northern Territory,2021-02-04,2.2619,1.25,2.3611,1.9577,low
Northern Territory,2021-02-05,2.2619,1.25,2.3611,1.9577,low
Northern Territory,2021-02-06,2.2619,1.25,2.3611,1.9577,low
Northern Territory,2021-02-07,2.2619,1.25,2.3611,1.9577,low
Northern Territory,2021-02-08,2.2619,1.25,2.3611,1.9577,low
Northern Territory,2021-02-09,2.2619,1.25,2.3611,1.9577,low
Northern Territory,2021-02-10,2.2619,1.25,2.3611,1.9577,low
Northern Territory,2021-02-11,2.2619,1.25,2.3611,1.9577,low
Northern Territory,2021-02-12,2.2619,1.25,2.3611,1.9577,low
Northern Territory,2021-02-13,2.2619,1.25,2.3611,1.9577,low
Northern Territory,2021-02-14,2.2619,1.25,2.3611,1.9577,low
Northern Territory,2021-02-15,2.2619,1.25,2.3611,1.9577,low
Northern Territory,2021-02-16,2.2619,1.25,2.3611,1.9577,low
Northern Territory,2021-02-17,2.2619,1.25,2.3611,1.9577,low
Northern Territory,2021-02-18,1.5476,1.25,2.3611,1.7196,low
Northern Territory,2021-02-19,1.5476,1.25,2.3611,1.7196,low
Northern Territory,2021-02-20,1.5476,1.25,2.3611,1.7196,low
Northern Territory,2021-02-21,1.5476,1.25,2.3611,1.7196,low
Northern Territory,2021-02-22,1.5476,1.25,2.6944,1.8307,low
Northern Territory,2021-02-23,1.5476,1.25,2.6944,1.8307,low
Northern Territory,2021-02-24,1.5476,1.25,2.6944,1.8307,low
Northern Territory,2021-02-25,1.5476,1.25,2.6944,1.8307,low
Northern Territory,2021-02-26,1.5476,1.25,2.6944,1.8307,low
Northern Territory,2021-02-27,1.5476,1.25,2.6944,1.8307,low
Northern Territory,2021-02-28,1.5476,1.25,2.6944,1.8307,low
Northern Territory,2021-03-01,1.5476,1.25,2.6944,1.8307,low
Northern Territory,2021-03-02,1.5476,1.25,2.6944,1.8307,low
Northern Territory,2021-03-03,1.5476,1.25,2.6944,1.8307,low
Northern Territory,2021-03-04,1.5476,1.25,2.6944,1.8307,low
Northern Territory,2021-03-05,1.5476,1.25,2.6944,1.8307,low
Northern Territory,2021-03-06,1.5476,1.25,2.6944,1.8307,low
Northern Territory,2021-03-07,1.5476,1.25,2.6944,1.8307,low
Northern Territory,2021-03-08,1.5476,1.25,2.6944,1.8307,low
Northern Territory,2021-03-09,1.5476,1.25,2.6944,1.8307,low
Northern Territory,2021-03-10,1.5476,1.25,2.6944,1.8307,low
Northern Territory,2021-03-11,1.5476,1.25,2.6944,1.8307,low
Northern Territory,2021-03-12,1.5476,1.25,2.6944,1.8307,low
Northern Territory,2021-03-13,1.5476,1.25,2.6944,1.8307,low
Northern Territory,2021-03-14,1.5476,1.25,2.6944,1.8307,low
Northern Territory,2021-03-15,1.5476,1.25,2.6944,1.8307,low
Northern Territory,2021-03-16,1.5476,1.25,2.6944,1.8307,low
Northern Territory,2021-03-17,1.5476,1.25,2.6944,1.8307,low
Northern Territory,2021-03-18,1.5476,1.25,2.6944,1.8307,low
Northern Territory,2021-03-19,1.5476,1.25,2.6944,1.8307,low
Northern Territory,2021-03-20,1.5476,1.25,2.6944,1.8307,low
Northern Territory,2021-03-21,1.5476,1.25,2.6944,1.8307,low
Northern Territory,2021-03-22,1.5476,1.25,3.0278,1.9418,low
Northern Territory,2021-03-23,1.5476,1.25,3.0278,1.9418,low
Northern Territory,2021-03-24,1.5476,1.25,3.0278,1.9418,low
Northern Territory,2021-03-25,1.5476,1.25,3.0278,1.9418,low
Northern Territory,2021-03-26,2.2619,1.25,3.0278,2.1799,low
Northern Territory,2021-03-27,2.2619,1.25,3.0278,2.1799,low
Northern Territory,2021-03-28,2.2619,1.25,3.0278,2.1799,low
Northern Territory,2021-03-29,2.2619,1.25,3.0278,2.1799,low
Northern Territory,2021-03-30,2.2619,1.25,3.0278,2.1799,low
Northern Territory,2021-03-31,2.2619,1.25,3.0278,2.1799,low
Northern Territory,2021-04-01,2.2619,1.25,3.8611,2.4577,medium
Northern Territory,2021-04-02,2.2619,1.25,3.8611,2.4577,medium
Northern Territory,2021-04-03,2.2619,1.25,3.8611,2.4577,medium
Northern Territory,2021-04-04,2.2619,1.25,3.8611,2.4577,medium
Northern Territory,2021-04-05,2.2619,1.25,3.8611,2.4577,medium
Northern Territory,2021-04-06,2.2619,1.25,3.8611,2.4577,medium
Northern Territory,2021-04-07,2.2619,1.25,3.8611,2.4577,medium
Northern Territory,2021-04-08,2.2619,1.25,3.8611,2.4577,medium
Northern Territory,2021-04-09,2.2619,1.25,3.8611,2.4577,medium
Northern Territory,2021-04-10,2.2619,1.25,3.8611,2.4577,medium
Northern Territory,2021-04-11,2.2619,1.25,3.8611,2.4577,medium
Northern Territory,2021-04-12,2.2619,1.25,3.8611,2.4577,medium
Northern Territory,2021-04-13,2.2619,1.25,3.8611,2.4577,medium
Northern Territory,2021-04-14,2.2619,1.25,3.8611,2.4577,medium
Northern Territory,2021-04-15,2.2619,1.25,3.8611,2.4577,medium
Northern Territory,2021-04-16,2.2619,1.25,3.8611,2.4577,medium
Northern Territory,2021-04-17,1.5476,1.25,3.8611,2.2196,low
Northern Territory,2021-04-18,1.5476,1.25,3.8611,2.2196,low
Northern Territory,2021-04-19,1.5476,1.25,3.8611,2.2196,low
Northern Territory,2021-04-20,1.5476,1.25,3.8611,2.2196,low
Northern Territory,2021-04-21,1.5476,1.25,3.8611,2.2196,low
Northern Territory,2021-04-22,1.5476,1.25,3.8611,2.2196,low
Northern Territory,2021-04-23,1.5476,1.25,3.8611,2.2196,low
Northern Territory,2021-04-24,2.2619,1.25,3.8611,2.4577,medium
Northern Territory,2021-04-25,2.2619,1.25,3.8611,2.4577,medium
Northern Territory,2021-04-26,2.2619,1.25,3.8611,2.4577,medium
Northern Territory,2021-04-27,2.2619,1.25,3.8611,2.4577,medium
Northern Territory,2021-04-28,2.2619,1.25,3.8611,2.4577,medium
Northern Territory,2021-04-29,2.2619,1.25,3.8611,2.4577,medium
Northern Territory,2021-04-30,2.2619,1.25,3.8611,2.4577,medium
Northern Territory,2021-05-01,2.2619,1.25,3.8611,2.4577,medium
Northern Territory,2021-05-02,2.2619,1.25,3.8611,2.4577,medium
Northern Territory,2021-05-03,2.2619,1.25,3.8611,2.4577,medium
Northern Territory,2021-05-04,2.2619,1.25,3.8611,2.4577,medium
Northern Territory,2021-05-05,2.2619,1.25,3.8611,2.4577,medium
Northern Territory,2021-05-06,2.2619,1.25,3.8611,2.4577,medium
Northern Territory,2021-05-07,2.2619,1.25,3.8611,2.4577,medium
Northern Territory,2021-05-08,2.2619,1.25,3.8611,2.4577,medium
Northern Territory,2021-05-09,2.2619,1.25,3.8611,2.4577,medium
Northern Territory,2021-05-10,2.2619,1.25,3.8611,2.4577,medium
Northern Territory,2021-05-11,2.2619,1.25,3.8611,2.4577,medium
Northern Territory,2021-05-12,2.2619,1.25,3.8611,2.4577,medium
Northern Territory,2021-05-13,2.2619,1.25,3.8611,2.4577,medium
Northern Territory,2021-05-14,2.2619,1.25,3.8611,2.4577,medium
Northern Territory,2021-05-15,2.2619,1.25,3.8611,2.4577,medium
Northern Territory,2021-05-16,2.2619,1.25,3.8611,2.4577,medium
Northern Territory,2021-05-17,2.2619,1.25,3.8611,2.4577,medium
Northern Territory,2021-05-18,2.2619,1.25,3.8611,2.4577,medium
Northern Territory,2021-05-19,2.2619,1.25,3.8611,2.4577,medium
Northern Territory,2021-05-20,2.2619,1.25,3.8611,2.4577,medium
Northern Territory,2021-05-21,2.2619,1.25,3.8611,2.4577,medium
Northern Territory,2021-05-22,2.2619,1.25,3.8611,2.4577,medium
Northern Territory,2021-05-23,2.2619,1.25,3.8611,2.4577,medium
Northern Territory,2021-05-24,2.2619,1.25,3.8611,2.4577,medium
Northern Territory,2021-05-25,2.2619,1.25,3.8611,2.4577,medium
Northern Territory,2021-05-26,2.2619,1.25,3.8611,2.4577,medium
Northern Territory,2021-05-27,2.2619,1.25,3.8611,2.4577,medium
Northern Territory,2021-05-28,2.2619,1.25,3.8611,2.4577,medium
Northern Territory,2021-05-29,2.2619,1.25,3.8611,2.4577,medium
Northern Territory,2021-05-30,2.2619,1.25,3.8611,2.4577,medium
Northern Territory,2021-05-31,2.2619,1.25,3.8611,2.4577,medium
Northern Territory,2021-06-01,2.2619,1.25,3.8611,2.4577,medium
Northern Territory,2021-06-02,2.2619,1.25,3.8611,2.4577,medium
Northern Territory,2021-06-03,2.2619,1.25,3.8611,2.4577,medium
Northern Territory,2021-06-04,2.2619,1.25,3.8611,2.4577,medium
Northern Territory,2021-06-05,2.2619,1.25,3.8611,2.4577,medium
Northern Territory,2021-06-06,2.2619,1.25,3.8611,2.4577,medium
Northern Territory,2021-06-07,2.2619,1.25,3.8611,2.4577,medium
Northern Territory,2021-06-08,2.2619,1.25,4.0278,2.5132,medium
Northern Territory,2021-06-09,2.2619,1.25,4.0278,2.5132,medium
Northern Territory,2021-06-10,2.2619,1.25,4.0278,2.5132,medium
Northern Territory,2021-06-11,2.2619,1.25,4.0278,2.5132,medium
Northern Territory,2021-06-12,2.2619,1.25,4.0278,2.5132,medium
Northern Territory,2021-06-13,2.2619,1.25,4.0278,2.5132,medium
Northern Territory,2021-06-14,2.2619,1.25,4.0278,2.5132,medium
Northern Territory,2021-06-15,2.2619,1.25,4.0278,2.5132,medium
Northern Territory,2021-06-16,2.2619,1.25,4.0278,2.5132,medium
Northern Territory,2021-06-17,2.2619,1.25,4.0278,2.5132,medium
Northern Territory,2021-06-18,2.2619,1.25,4.0278,2.5132,medium
Northern Territory,2021-06-19,2.2619,1.25,4.0278,2.5132,medium
Northern Territory,2021-06-20,2.2619,1.25,4.0278,2.5132,medium
Northern Territory,2021-06-21,2.2619,1.25,4.0278,2.5132,medium
Northern Territory,2021-06-22,2.2619,1.25,4.0278,2.5132,medium
Northern Territory,2021-06-23,2.2619,1.25,4.0278,2.5132,medium
Northern Territory,2021-06-24,2.2619,1.25,4.0278,2.5132,medium
Northern Territory,2021-06-25,2.2619,1.25,4.0278,2.5132,medium
Northern Territory,2021-06-26,2.2619,1.25,4.0278,2.5132,medium
Northern Territory,2021-06-27,4.0476,1.25,4.4444,3.2473,high
Northern Territory,2021-06-28,4.0476,1.25,4.4444,3.2473,high
Northern Territory,2021-06-29,4.0476,1.25,4.4444,3.2473,high
Northern Territory,2021-06-30,4.0476,1.25,4.4444,3.2473,high
Northern Territory,2021-07-01,4.4048,2.5,4.7222,3.8757,high
Northern Territory,2021-07-02,4.4048,2.5,4.7222,3.8757,high
Northern Territory,2021-07-03,3.2143,2.5,4.3056,3.34,high
Northern Territory,2021-07-04,3.2143,2.5,4.3056,3.34,high
Northern Territory,2021-07-05,3.2143,2.5,4.3056,3.34,high
Northern Territory,2021-07-06,3.2143,2.5,4.3056,3.34,high
Northern Territory,2021-07-07,3.2143,2.5,4.3056,3.34,high
Northern Territory,2021-07-08,3.2143,2.5,4.3056,3.34,high
Northern Territory,2021-07-09,3.2143,2.5,4.3056,3.34,high
Northern Territory,2021-07-10,2.2619,2.5,4.0278,2.9299,medium
Northern Territory,2021-07-11,2.2619,2.5,4.0278,2.9299,medium
Northern Territory,2021-07-12,2.2619,2.5,4.0278,2.9299,medium
Northern Territory,2021-07-13,2.2619,2.5,4.0278,2.9299,medium
Northern Territory,2021-07-14,2.2619,2.5,4.0278,2.9299,medium
Northern Territory,2021-07-15,2.2619,2.5,4.0278,2.9299,medium
Northern Territory,2021-07-16,2.2619,2.5,4.0278,2.9299,medium
Northern Territory,2021-07-17,2.2619,2.5,4.0278,2.9299,medium
Northern Territory,2021-07-18,2.2619,2.5,4.0278,2.9299,medium
Northern Territory,2021-07-19,2.2619,2.5,4.0278,2.9299,medium
Northern Territory,2021-07-20,2.2619,2.5,4.0278,2.9299,medium
Northern Territory,2021-07-21,2.2619,2.5,4.0278,2.9299,medium
Northern Territory,2021-07-22,2.2619,2.5,4.0278,2.9299,medium
Northern Territory,2021-07-23,2.2619,2.5,4.0278,2.9299,medium
Northern Territory,2021-07-24,2.2619,2.5,4.0278,2.9299,medium
Northern Territory,2021-07-25,2.2619,2.5,4.0278,2.9299,medium
Northern Territory,2021-07-26,2.2619,2.5,4.0278,2.9299,medium
Northern Territory,2021-07-27,2.2619,2.5,4.0278,2.9299,medium
Northern Territory,2021-07-28,2.2619,2.5,4.0278,2.9299,medium
Northern Territory,2021-07-29,2.2619,2.5,4.0278,2.9299,medium
Northern Territory,2021-07-30,2.2619,2.5,4.0278,2.9299,medium
Northern Territory,2021-07-31,2.2619,2.5,4.0278,2.9299,medium
Northern Territory,2021-08-01,2.2619,2.5,4.0278,2.9299,medium
Northern Territory,2021-08-02,2.2619,2.5,4.0278,2.9299,medium
Northern Territory,2021-08-03,2.2619,2.5,4.0278,2.9299,medium
Northern Territory,2021-08-04,2.2619,2.5,4.0278,2.9299,medium
Northern Territory,2021-08-05,2.2619,2.5,4.0278,2.9299,medium
Northern Territory,2021-08-06,2.2619,2.5,4.0278,2.9299,medium
Northern Territory,2021-08-07,2.2619,2.5,4.0278,2.9299,medium
Northern Territory,2021-08-08,2.2619,2.5,4.0278,2.9299,medium
Northern Territory,2021-08-09,2.2619,2.5,4.0278,2.9299,medium
Northern Territory,2021-08-10,2.2619,2.5,4.0278,2.9299,medium
Northern Territory,2021-08-11,2.2619,2.5,4.0278,2.9299,medium
Northern Territory,2021-08-12,2.2619,2.5,4.0278,2.9299,medium
Northern Territory,2021-08-13,2.2619,2.5,4.0278,2.9299,medium
Northern Territory,2021-08-14,2.2619,2.5,4.0278,2.9299,medium
Northern Territory,2021-08-15,2.2619,2.5,4.0278,2.9299,medium
Northern Territory,2021-08-16,4.4048,2.5,4.4444,3.7831,high
Northern Territory,2021-08-17,4.4048,2.5,4.4444,3.7831,high
Northern Territory,2021-08-18,4.4048,2.5,4.4444,3.7831,high
Northern Territory,2021-08-19,4.4048,2.5,4.4444,3.7831,high
Northern Territory,2021-08-20,3.2143,2.5,4.0278,3.2474,high
Northern Territory,2021-08-21,3.2143,2.5,4.0278,3.2474,high
Northern Territory,2021-08-22,3.2143,2.5,4.0278,3.2474,high
Northern Territory,2021-08-23,3.2143,2.5,4.0278,3.2474,high
Northern Territory,2021-08-24,3.2143,2.5,4.0278,3.2474,high
Northern Territory,2021-08-25,3.2143,2.5,4.0278,3.2474,high
Northern Territory,2021-08-26,2.2619,2.5,4.0278,2.9299,medium
Northern Territory,2021-08-27,2.2619,2.5,4.0278,2.9299,medium
Northern Territory,2021-08-28,2.2619,2.5,4.0278,2.9299,medium
Northern Territory,2021-08-29,2.2619,2.5,4.0278,2.9299,medium
Northern Territory,2021-08-30,2.2619,2.5,4.0278,2.9299,medium
Northern Territory,2021-08-31,2.2619,2.5,4.0278,2.9299,medium
Northern Territory,2021-09-01,2.2619,2.5,4.0278,2.9299,medium
Northern Territory,2021-09-02,2.2619,2.5,4.0278,2.9299,medium
Northern Territory,2021-09-03,2.2619,2.5,4.0278,2.9299,medium
Northern Territory,2021-09-04,2.2619,2.5,4.0278,2.9299,medium
Northern Territory,2021-09-05,2.2619,2.5,4.0278,2.9299,medium
Northern Territory,2021-09-06,2.2619,2.5,4.0278,2.9299,medium
Northern Territory,2021-09-07,2.2619,2.5,4.0278,2.9299,medium
Northern Territory,2021-09-08,2.2619,2.5,4.0278,2.9299,medium
Northern Territory,2021-09-09,2.2619,2.5,4.0278,2.9299,medium
Northern Territory,2021-09-10,2.2619,2.5,4.0278,2.9299,medium
Northern Territory,2021-09-11,2.2619,2.5,4.0278,2.9299,medium
Northern Territory,2021-09-12,2.2619,2.5,4.0278,2.9299,medium
Northern Territory,2021-09-13,2.2619,2.5,4.0278,2.9299,medium
Northern Territory,2021-09-14,2.2619,2.5,4.0278,2.9299,medium
Northern Territory,2021-09-15,2.2619,2.5,4.0278,2.9299,medium
Northern Territory,2021-09-16,2.2619,2.5,4.0278,2.9299,medium
Northern Territory,2021-09-17,2.2619,2.5,4.0278,2.9299,medium
Northern Territory,2021-09-18,2.2619,2.5,4.0278,2.9299,medium
Northern Territory,2021-09-19,2.2619,2.5,4.0278,2.9299,medium
Northern Territory,2021-09-20,2.2619,2.5,4.0278,2.9299,medium
Northern Territory,2021-09-21,2.2619,2.5,4.0278,2.9299,medium
Northern Territory,2021-09-22,2.2619,2.5,4.0278,2.9299,medium
Northern Territory,2021-09-23,2.2619,2.5,4.0278,2.9299,medium
Northern Territory,2021-09-24,2.2619,2.5,4.0278,2.9299,medium
Northern Territory,2021-09-25,2.2619,2.5,4.0278,2.9299,medium
Northern Territory,2021-09-26,2.2619,2.5,4.0278,2.9299,medium
Northern Territory,2021-09-27,2.2619,2.5,4.0278,2.9299,medium
Northern Territory,2021-09-28,2.2619,2.5,4.0278,2.9299,medium
Northern Territory,2021-09-29,2.2619,2.5,4.0278,2.9299,medium
Northern Territory,2021-09-30,2.2619,2.5,4.0278,2.9299,medium
Northern Territory,2021-10-01,2.2619,2.5,4.0278,2.9299,medium
Northern Territory,2021-10-02,2.2619,2.5,4.0278,2.9299,medium
Northern Territory,2021-10-03,2.2619,2.5,4.0278,2.9299,medium
Northern Territory,2021-10-04,2.2619,2.5,4.0278,2.9299,medium
Northern Territory,2021-10-05,2.2619,2.5,4.0278,2.9299,medium
Northern Territory,2021-10-06,2.2619,2.5,4.0278,2.9299,medium
Northern Territory,2021-10-07,2.2619,2.5,4.0278,2.9299,medium
Northern Territory,2021-10-08,2.2619,3.75,4.0278,3.3466,high
Northern Territory,2021-10-09,2.2619,3.75,4.0278,3.3466,high
Northern Territory,2021-10-10,2.2619,3.75,4.0278,3.3466,high
Northern Territory,2021-10-11,2.2619,3.75,4.0278,3.3466,high
Northern Territory,2021-10-12,2.2619,3.75,4.0278,3.3466,high
Northern Territory,2021-10-13,2.2619,3.75,4.0278,3.3466,high
Northern Territory,2021-10-14,2.2619,3.75,4.0278,3.3466,high
Northern Territory,2021-10-15,2.2619,3.75,4.0278,3.3466,high
Northern Territory,2021-10-16,2.2619,3.75,4.0278,3.3466,high
Northern Territory,2021-10-17,2.2619,3.75,4.0278,3.3466,high
Northern Territory,2021-10-18,2.2619,3.75,4.0278,3.3466,high
Northern Territory,2021-10-19,2.2619,3.75,4.0278,3.3466,high
Northern Territory,2021-10-20,2.0833,3.75,4.0278,3.287,high
Northern Territory,2021-10-21,2.0833,3.75,4.0278,3.287,high
Northern Territory,2021-10-22,2.0833,3.75,4.0278,3.287,high
Northern Territory,2021-10-23,2.0833,3.75,4.0278,3.287,high
Northern Territory,2021-10-24,2.0833,3.75,4.0278,3.287,high
Northern Territory,2021-10-25,2.0833,3.75,4.0278,3.287,high
Northern Territory,2021-10-26,2.0833,3.75,4.0278,3.287,high
Northern Territory,2021-10-27,2.0833,3.75,4.0278,3.287,high
Northern Territory,2021-10-28,2.0833,3.75,4.0278,3.287,high
Northern Territory,2021-10-29,2.0833,3.75,4.0278,3.287,high
Northern Territory,2021-10-30,2.0833,3.75,4.0278,3.287,high
Northern Territory,2021-10-31,2.0833,3.75,4.0278,3.287,high
Northern Territory,2021-11-01,1.7262,2.5,3.75,2.6587,medium
Northern Territory,2021-11-02,1.7262,2.5,3.75,2.6587,medium
Northern Territory,2021-11-03,1.7262,2.5,3.75,2.6587,medium
Northern Territory,2021-11-04,1.7262,2.5,3.75,2.6587,medium
Northern Territory,2021-11-05,1.25,2.5,3.75,2.5,medium
Northern Territory,2021-11-06,1.25,2.5,3.75,2.5,medium
Northern Territory,2021-11-07,1.25,2.5,3.75,2.5,medium
Northern Territory,2021-11-08,1.25,2.5,3.9583,2.5694,medium
Northern Territory,2021-11-09,1.25,2.5,3.9583,2.5694,medium
Northern Territory,2021-11-10,1.7262,2.5,3.9583,2.7282,medium
Northern Territory,2021-11-11,1.7262,2.5,3.9583,2.7282,medium
Northern Territory,2021-11-12,1.7262,2.5,3.9583,2.7282,medium
Northern Territory,2021-11-13,1.7262,2.5,3.9583,2.7282,medium
Northern Territory,2021-11-14,1.7262,2.5,3.9583,2.7282,medium
Northern Territory,2021-11-15,3.3929,2.5,3.9583,3.2837,high
Northern Territory,2021-11-16,3.3929,2.5,3.9583,3.2837,high
Northern Territory,2021-11-17,3.3929,2.5,3.9583,3.2837,high
Northern Territory,2021-11-18,3.3929,2.5,3.9583,3.2837,high
Northern Territory,2021-11-19,3.3929,2.5,3.9583,3.2837,high
Northern Territory,2021-11-20,3.3929,2.5,3.9583,3.2837,high
Northern Territory,2021-11-21,3.3929,2.5,3.9583,3.2837,high
Northern Territory,2021-11-22,2.6786,2.5,3.9583,3.0456,medium
Northern Territory,2021-11-23,2.6786,2.5,3.9583,3.0456,medium
Northern Territory,2021-11-24,2.6786,2.5,3.9583,3.0456,medium
Northern Territory,2021-11-25,1.0119,2.5,4.0278,2.5132,medium
Northern Territory,2021-11-26,1.0119,2.5,4.0278,2.5132,medium
Northern Territory,2021-11-27,1.369,2.5,4.0278,2.6323,medium
Northern Territory,2021-11-28,1.369,2.5,4.0278,2.6323,medium
Northern Territory,2021-11-29,1.369,2.5,4.0278,2.6323,medium
Northern Territory,2021-11-30,1.369,2.5,4.0278,2.6323,medium
Northern Territory,2021-12-01,1.7262,2.5,4.0278,2.7513,medium
Northern Territory,2021-12-02,3.0357,2.5,4.0278,3.1878,high
Northern Territory,2021-12-03,3.0357,2.5,4.0278,3.1878,high
Northern Territory,2021-12-04,3.0357,2.5,4.0278,3.1878,high
Northern Territory,2021-12-05,3.0357,2.5,4.0278,3.1878,high
Northern Territory,2021-12-06,3.0357,2.5,4.0278,3.1878,high
Northern Territory,2021-12-07,3.0357,2.5,4.0278,3.1878,high
Northern Territory,2021-12-08,1.7262,2.5,4.0278,2.7513,medium
Northern Territory,2021-12-09,1.7262,2.5,4.0278,2.7513,medium
Northern Territory,2021-12-10,1.9048,2.5,4.0278,2.8109,medium
Northern Territory,2021-12-11,1.9048,2.5,4.4444,2.9497,medium
Northern Territory,2021-12-12,1.9048,2.5,4.4444,2.9497,medium
Northern Territory,2021-12-13,1.9048,2.5,4.4444,2.9497,medium
Northern Territory,2021-12-14,1.9048,2.5,4.4444,2.9497,medium
Northern Territory,2021-12-15,1.9048,2.5,4.4444,2.9497,medium
Northern Territory,2021-12-16,1.9048,2.5,4.4444,2.9497,medium
Northern Territory,2021-12-17,3.2143,2.5,4.4444,3.3862,high
Northern Territory,2021-12-18,3.2143,2.5,4.4444,3.3862,high
Northern Territory,2021-12-19,3.2143,2.5,4.4444,3.3862,high
Northern Territory,2021-12-20,3.2143,2.5,4.4444,3.3862,high
Northern Territory,2021-12-21,3.2143,2.5,4.4444,3.3862,high
Northern Territory,2021-12-22,3.9286,2.5,4.0278,3.4855,high
Northern Territory,2021-12-23,2.619,2.5,4.4444,3.1878,high
Northern Territory,2021-12-24,2.619,2.5,4.4444,3.1878,high
Northern Territory,2021-12-25,2.619,2.5,4.4444,3.1878,high
Northern Territory,2021-12-26,2.619,2.5,4.4444,3.1878,high
Northern Territory,2021-12-27,2.619,2.5,4.4444,3.1878,high
Northern Territory,2021-12-28,2.619,2.5,4.4444,3.1878,high
Northern Territory,2021-12-29,2.0833,2.5,4.4444,3.0092,medium
Northern Territory,2021-12-30,1.9643,2.5,4.0278,2.8307,medium
Northern Territory,2021-12-31,1.9643,2.5,4.0278,2.8307,medium
Northern Territory,2022-01-01,1.9643,2.5,4.0278,2.8307,medium
Northern Territory,2022-01-02,1.9643,2.5,4.0278,2.8307,medium
Northern Territory,2022-01-03,1.9643,2.5,4.0278,2.8307,medium
Northern Territory,2022-01-04,1.9643,2.5,4.0278,2.8307,medium
Northern Territory,2022-01-05,1.9643,2.5,4.0278,2.8307,medium
Northern Territory,2022-01-06,1.4881,2.5,4.0278,2.672,medium
Northern Territory,2022-01-07,1.4881,2.5,4.0278,2.672,medium
Northern Territory,2022-01-08,1.4881,2.5,4.0278,2.672,medium
Northern Territory,2022-01-09,1.4881,2.5,4.0278,2.672,medium
Northern Territory,2022-01-10,1.4881,2.5,3.6111,2.5331,medium
Northern Territory,2022-01-11,1.4881,2.5,3.6111,2.5331,medium
Northern Territory,2022-01-12,1.4881,2.5,3.6111,2.5331,medium
Northern Territory,2022-01-13,1.4881,2.5,3.6111,2.5331,medium
Northern Territory,2022-01-14,1.4881,2.5,3.8194,2.6025,medium
Northern Territory,2022-01-15,1.4881,2.5,3.8194,2.6025,medium
Northern Territory,2022-01-16,1.4881,2.5,3.8194,2.6025,medium
Northern Territory,2022-01-17,2.3214,2.5,3.8194,2.8803,medium
Northern Territory,2022-01-18,2.3214,2.5,3.8194,2.8803,medium
Northern Territory,2022-01-19,2.3214,2.5,3.8194,2.8803,medium
Northern Territory,2022-01-20,2.3214,2.5,3.8194,2.8803,medium
Northern Territory,2022-01-21,2.3214,2.5,3.8194,2.8803,medium
Northern Territory,2022-01-22,2.0833,2.5,3.6111,2.7315,medium
Northern Territory,2022-01-23,2.0833,2.5,3.6111,2.7315,medium
Northern Territory,2022-01-24,2.0833,2.5,3.6111,2.7315,medium
Northern Territory,2022-01-25,2.0833,2.5,3.6111,2.7315,medium
Northern Territory,2022-01-26,2.0833,2.5,3.6111,2.7315,medium
Northern Territory,2022-01-27,2.0833,2.5,3.6111,2.7315,medium
Northern Territory,2022-01-28,2.0833,2.5,3.6111,2.7315,medium
Northern Territory,2022-01-29,2.0833,2.5,3.6111,2.7315,medium
Northern Territory,2022-01-30,0.1786,2.5,3.8194,2.166,low
Northern Territory,2022-01-31,0.1786,2.5,3.8194,2.166,low
Northern Territory,2022-02-01,0.1786,2.5,3.8194,2.166,low
Northern Territory,2022-02-02,0.1786,2.5,3.8194,2.166,low
Northern Territory,2022-02-03,0.1786,2.5,3.8194,2.166,low
Northern Territory,2022-02-04,0.1786,2.5,3.8194,2.166,low
Northern Territory,2022-02-05,0.1786,2.5,3.8194,2.166,low
Northern Territory,2022-02-06,0.1786,2.5,3.6111,2.0966,low
Northern Territory,2022-02-07,0.1786,2.5,3.6111,2.0966,low
Northern Territory,2022-02-08,0.1786,2.5,3.6111,2.0966,low
Northern Territory,2022-02-09,0.1786,2.5,3.6111,2.0966,low
Northern Territory,2022-02-10,0.1786,2.5,3.6111,2.0966,low
Northern Territory,2022-02-11,0.1786,2.5,3.6111,2.0966,low
Northern Territory,2022-02-12,0.1786,2.5,3.6111,2.0966,low
Northern Territory,2022-02-13,0.5357,2.5,3.6111,2.2156,low
Northern Territory,2022-02-14,0.5357,2.5,3.6111,2.2156,low
Northern Territory,2022-02-15,0.5357,2.5,3.6111,2.2156,low
Northern Territory,2022-02-16,0.5357,2.5,3.6111,2.2156,low
Northern Territory,2022-02-17,0.5357,2.5,3.6111,2.2156,low
Northern Territory,2022-02-18,0.5357,2.5,3.6111,2.2156,low
Northern Territory,2022-02-19,0.5357,2.5,3.6111,2.2156,low
Northern Territory,2022-02-20,0.5357,2.5,3.6111,2.2156,low
Northern Territory,2022-02-21,0.5357,2.5,4.0278,2.3545,medium
Northern Territory,2022-02-22,0.5357,2.5,4.0278,2.3545,medium
Northern Territory,2022-02-23,0.5357,2.5,4.0278,2.3545,medium
Northern Territory,2022-02-24,0.5357,2.5,4.0278,2.3545,medium
Northern Territory,2022-02-25,0.5357,2.5,4.0278,2.3545,medium
Northern Territory,2022-02-26,0.5357,2.5,4.0278,2.3545,medium
Northern Territory,2022-02-27,0.5357,2.5,4.0278,2.3545,medium
Northern Territory,2022-02-28,0.5357,2.5,4.0278,2.3545,medium
Northern Territory,2022-03-01,1.9643,2.5,3.4028,2.6224,medium
Northern Territory,2022-03-02,1.9643,2.5,3.4028,2.6224,medium
Northern Territory,2022-03-03,1.9643,2.5,3.4028,2.6224,medium
Northern Territory,2022-03-04,1.9643,2.5,3.4028,2.6224,medium
Northern Territory,2022-03-05,1.9643,2.5,3.4028,2.6224,medium
Northern Territory,2022-03-06,1.9643,2.5,3.4028,2.6224,medium
Northern Territory,2022-03-07,1.9643,2.5,3.4028,2.6224,medium
Northern Territory,2022-03-08,1.9643,2.5,3.4028,2.6224,medium
Northern Territory,2022-03-09,1.9643,2.5,3.4028,2.6224,medium
Northern Territory,2022-03-10,1.9643,2.5,3.4028,2.6224,medium
Northern Territory,2022-03-11,1.9643,2.5,3.1944,2.5529,medium
Northern Territory,2022-03-12,1.9643,2.5,3.1944,2.5529,medium
Northern Territory,2022-03-13,1.9643,2.5,3.1944,2.5529,medium
Northern Territory,2022-03-14,1.9643,2.5,3.1944,2.5529,medium
Northern Territory,2022-03-15,1.7262,2.5,3.1944,2.4735,medium
Northern Territory,2022-03-16,1.7262,2.5,3.1944,2.4735,medium
Northern Territory,2022-03-17,1.7262,2.5,3.1944,2.4735,medium
Northern Territory,2022-03-18,1.7262,2.5,3.1944,2.4735,medium
Northern Territory,2022-03-19,1.7262,2.5,3.1944,2.4735,medium
Northern Territory,2022-03-20,1.7262,2.5,3.1944,2.4735,medium
Northern Territory,2022-03-21,1.7262,2.5,3.1944,2.4735,medium
Northern Territory,2022-03-22,1.7262,2.5,3.1944,2.4735,medium
Northern Territory,2022-03-23,1.7262,2.5,3.1944,2.4735,medium
Northern Territory,2022-03-24,1.7262,2.5,3.1944,2.4735,medium
Northern Territory,2022-03-25,1.7262,2.5,3.1944,2.4735,medium
Northern Territory,2022-03-26,1.7262,2.5,3.1944,2.4735,medium
Northern Territory,2022-03-27,1.7262,2.5,3.1944,2.4735,medium
Northern Territory,2022-03-28,1.7262,2.5,3.1944,2.4735,medium
Northern Territory,2022-03-29,1.7262,2.5,2.9167,2.381,medium
Northern Territory,2022-03-30,1.7262,2.5,2.9167,2.381,medium
Northern Territory,2022-03-31,1.7262,2.5,2.9167,2.381,medium
Northern Territory,2022-04-01,1.7262,2.5,2.9167,2.381,medium
Northern Territory,2022-04-02,1.7262,2.5,2.9167,2.381,medium
Northern Territory,2022-04-03,1.7262,2.5,2.9167,2.381,medium
Northern Territory,2022-04-04,1.7262,2.5,2.9167,2.381,medium
Northern Territory,2022-04-05,1.7262,2.5,2.9167,2.381,medium
Northern Territory,2022-04-06,1.7262,2.5,2.9167,2.381,medium
Northern Territory,2022-04-07,1.7262,2.5,2.9167,2.381,medium
Northern Territory,2022-04-08,1.7262,2.5,2.9167,2.381,medium
Northern Territory,2022-04-09,1.7262,2.5,2.9167,2.381,medium
Northern Territory,2022-04-10,1.7262,2.5,2.9167,2.381,medium
Northern Territory,2022-04-11,1.7262,2.5,2.9167,2.381,medium
Northern Territory,2022-04-12,1.7262,2.5,2.9167,2.381,medium
Northern Territory,2022-04-13,1.7262,2.5,2.9167,2.381,medium
Northern Territory,2022-04-14,1.7262,2.5,2.9167,2.381,medium
Northern Territory,2022-04-15,1.7262,2.5,2.9167,2.381,medium
Northern Territory,2022-04-16,1.7262,2.5,2.9167,2.381,medium
Northern Territory,2022-04-17,1.7262,2.5,2.9167,2.381,medium
Northern Territory,2022-04-18,1.7262,2.5,2.9167,2.381,medium
Northern Territory,2022-04-19,1.7262,2.5,2.9167,2.381,medium
Northern Territory,2022-04-20,1.7262,2.5,2.9167,2.381,medium
Northern Territory,2022-04-21,1.7262,2.5,2.9167,2.381,medium
Northern Territory,2022-04-22,1.7262,2.5,2.9167,2.381,medium
Northern Territory,2022-04-23,1.7262,2.5,2.9167,2.381,medium
Northern Territory,2022-04-24,1.7262,2.5,2.9167,2.381,medium
Northern Territory,2022-04-25,1.7262,2.5,2.9167,2.381,medium
Northern Territory,2022-04-26,1.7262,2.5,2.9167,2.381,medium
Northern Territory,2022-04-27,1.7262,2.5,2.9167,2.381,medium
Northern Territory,2022-04-28,1.7262,2.5,2.9167,2.381,medium
Northern Territory,2022-04-29,1.7262,2.5,2.9167,2.381,medium
Northern Territory,2022-04-30,1.7262,2.5,2.9167,2.381,medium
Northern Territory,2022-05-01,1.7262,2.5,2.9167,2.381,medium
Northern Territory,2022-05-02,1.7262,2.5,2.9167,2.381,medium
Northern Territory,2022-05-03,1.7262,2.5,2.9167,2.381,medium
Northern Territory,2022-05-04,1.7262,2.5,2.9167,2.381,medium
Northern Territory,2022-05-05,1.7262,2.5,2.9167,2.381,medium
Northern Territory,2022-05-06,1.7262,2.5,2.9167,2.381,medium
Northern Territory,2022-05-07,1.7262,2.5,2.9167,2.381,medium
Northern Territory,2022-05-08,1.7262,2.5,2.9167,2.381,medium
Northern Territory,2022-05-09,1.7262,2.5,2.9167,2.381,medium
Northern Territory,2022-05-10,1.7262,2.5,2.9167,2.381,medium
Northern Territory,2022-05-11,1.7262,2.5,2.9167,2.381,medium
Northern Territory,2022-05-12,1.369,2.5,3.6111,2.4934,medium
Northern Territory,2022-05-13,1.369,2.5,3.6111,2.4934,medium
Northern Territory,2022-05-14,1.369,2.5,3.6111,2.4934,medium
Northern Territory,2022-05-15,1.369,2.5,3.6111,2.4934,medium
Northern Territory,2022-05-16,1.369,2.5,3.6111,2.4934,medium
Northern Territory,2022-05-17,1.369,2.5,3.6111,2.4934,medium
Northern Territory,2022-05-18,1.369,2.5,3.6111,2.4934,medium
Northern Territory,2022-05-19,1.369,2.5,3.6111,2.4934,medium
Northern Territory,2022-05-20,1.369,2.5,3.1944,2.3545,medium
Northern Territory,2022-05-21,1.369,2.5,3.1944,2.3545,medium
Northern Territory,2022-05-22,1.369,2.5,3.1944,2.3545,medium
Northern Territory,2022-05-23,1.369,2.5,3.1944,2.3545,medium
Northern Territory,2022-05-24,1.369,2.5,3.1944,2.3545,medium
Northern Territory,2022-05-25,1.369,2.5,3.1944,2.3545,medium
Northern Territory,2022-05-26,1.369,2.5,3.1944,2.3545,medium
Northern Territory,2022-05-27,1.369,2.5,3.1944,2.3545,medium
Northern Territory,2022-05-28,1.369,2.5,3.1944,2.3545,medium
Northern Territory,2022-05-29,1.369,2.5,3.1944,2.3545,medium
Northern Territory,2022-05-30,1.369,2.5,3.1944,2.3545,medium
Northern Territory,2022-05-31,1.369,2.5,3.1944,2.3545,medium
Northern Territory,2022-06-01,1.369,2.5,3.1944,2.3545,medium
Northern Territory,2022-06-02,1.369,2.5,3.1944,2.3545,medium
Northern Territory,2022-06-03,1.369,2.5,3.1944,2.3545,medium
Northern Territory,2022-06-04,1.369,2.5,3.1944,2.3545,medium
Northern Territory,2022-06-05,1.369,2.5,3.1944,2.3545,medium
Northern Territory,2022-06-06,1.369,2.5,3.1944,2.3545,medium
Northern Territory,2022-06-07,1.369,2.5,3.1944,2.3545,medium
Northern Territory,2022-06-08,1.369,2.5,3.1944,2.3545,medium
Northern Territory,2022-06-09,1.369,2.5,3.1944,2.3545,medium
Northern Territory,2022-06-10,1.369,2.5,3.1944,2.3545,medium
Northern Territory,2022-06-11,1.369,2.5,3.1944,2.3545,medium
Northern Territory,2022-06-12,1.369,2.5,3.1944,2.3545,medium
Northern Territory,2022-06-13,1.369,2.5,3.1944,2.3545,medium
Northern Territory,2022-06-14,1.369,2.5,3.1944,2.3545,medium
Northern Territory,2022-06-15,1.369,2.5,3.1944,2.3545,medium
Northern Territory,2022-06-16,0.6548,2.5,3.1944,2.1164,low
Northern Territory,2022-06-17,0.6548,1.25,3.75,1.8849,low
Northern Territory,2022-06-18,0.6548,1.25,3.75,1.8849,low
Northern Territory,2022-06-19,0.6548,1.25,3.75,1.8849,low
Northern Territory,2022-06-20,0.6548,1.25,3.75,1.8849,low
Northern Territory,2022-06-21,0.6548,1.25,3.75,1.8849,low
Northern Territory,2022-06-22,0.6548,1.25,3.75,1.8849,low
Northern Territory,2022-06-23,0.6548,1.25,3.75,1.8849,low
Northern Territory,2022-06-24,0.6548,1.25,3.3333,1.746,low
Northern Territory,2022-06-25,0.6548,1.25,3.3333,1.746,low
Northern Territory,2022-06-26,0.6548,1.25,3.3333,1.746,low
Northern Territory,2022-06-27,0.6548,1.25,3.3333,1.746,low
Northern Territory,2022-06-28,0.6548,1.25,3.3333,1.746,low
Northern Territory,2022-06-29,0.6548,1.25,3.3333,1.746,low
Northern Territory,2022-06-30,0.6548,1.25,3.3333,1.746,low
Northern Territory,2022-07-01,0.6548,1.25,3.75,1.8849,low
Northern Territory,2022-07-02,0.6548,1.25,3.75,1.8849,low
Northern Territory,2022-07-03,0.6548,1.25,3.75,1.8849,low
Northern Territory,2022-07-04,0.6548,1.25,3.75,1.8849,low
Northern Territory,2022-07-05,0.6548,1.25,3.75,1.8849,low
Northern Territory,2022-07-06,0.4762,1.25,3.75,1.8254,low
Northern Territory,2022-07-07,0.4762,1.25,3.75,1.8254,low
Northern Territory,2022-07-08,0.4762,1.25,3.75,1.8254,low
Northern Territory,2022-07-09,0.4762,1.25,3.75,1.8254,low
Northern Territory,2022-07-10,0.4762,1.25,3.75,1.8254,low
Northern Territory,2022-07-11,0.4762,1.25,3.75,1.8254,low
Northern Territory,2022-07-12,0.4762,1.25,3.75,1.8254,low
Northern Territory,2022-07-13,0.4762,1.25,3.75,1.8254,low
Northern Territory,2022-07-14,0.4762,1.25,3.75,1.8254,low
Northern Territory,2022-07-15,0.4762,1.25,3.75,1.8254,low
Northern Territory,2022-07-16,0.4762,1.25,3.75,1.8254,low
Northern Territory,2022-07-17,0.4762,1.25,3.75,1.8254,low
Northern Territory,2022-07-18,0.4762,1.25,3.75,1.8254,low
Northern Territory,2022-07-19,0.4762,1.25,3.75,1.8254,low
Northern Territory,2022-07-20,0.4762,1.25,3.75,1.8254,low
Northern Territory,2022-07-21,0.4762,1.25,3.75,1.8254,low
Northern Territory,2022-07-22,0.4762,1.25,3.75,1.8254,low
Northern Territory,2022-07-23,0.4762,1.25,3.75,1.8254,low
Northern Territory,2022-07-24,0.4762,1.25,3.75,1.8254,low
Northern Territory,2022-07-25,0.4762,1.25,3.75,1.8254,low
Northern Territory,2022-07-26,0.4762,1.25,3.75,1.8254,low
Northern Territory,2022-07-27,0.4762,1.25,3.75,1.8254,low
Northern Territory,2022-07-28,0.4762,1.25,3.75,1.8254,low
Northern Territory,2022-07-29,0.4762,1.25,3.75,1.8254,low
Northern Territory,2022-07-30,0.4762,1.25,3.75,1.8254,low
Northern Territory,2022-07-31,0.4762,1.25,3.75,1.8254,low
Northern Territory,2022-08-01,0.4762,1.25,3.75,1.8254,low
Northern Territory,2022-08-02,0.4762,1.25,3.75,1.8254,low
Northern Territory,2022-08-03,0.4762,1.25,3.75,1.8254,low
Northern Territory,2022-08-04,0.4762,1.25,3.75,1.8254,low
Northern Territory,2022-08-05,0.4762,1.25,3.75,1.8254,low
Northern Territory,2022-08-06,0.2381,1.25,3.75,1.746,low
Northern Territory,2022-08-07,0.2381,1.25,3.75,1.746,low
Northern Territory,2022-08-08,0.2381,1.25,3.75,1.746,low
Northern Territory,2022-08-09,0.2381,1.25,3.75,1.746,low
Northern Territory,2022-08-10,0.2381,1.25,3.75,1.746,low
Northern Territory,2022-08-11,0.2381,1.25,3.75,1.746,low
Northern Territory,2022-08-12,0.2381,1.25,3.75,1.746,low
Northern Territory,2022-08-13,0.2381,1.25,3.75,1.746,low
Northern Territory,2022-08-14,0.2381,1.25,3.75,1.746,low
Northern Territory,2022-08-15,0.2381,1.25,3.75,1.746,low
Northern Territory,2022-08-16,0.2381,1.25,3.75,1.746,low
Northern Territory,2022-08-17,0.2381,1.25,3.75,1.746,low
Northern Territory,2022-08-18,0.2381,1.25,3.75,1.746,low
Northern Territory,2022-08-19,0.2381,1.25,3.75,1.746,low
Northern Territory,2022-08-20,0.2381,1.25,3.75,1.746,low
Northern Territory,2022-08-21,0.2381,1.25,3.75,1.746,low
Northern Territory,2022-08-22,0.2381,1.25,3.75,1.746,low
Northern Territory,2022-08-23,0.2381,1.25,3.75,1.746,low
Northern Territory,2022-08-24,0.2381,1.25,3.75,1.746,low
Northern Territory,2022-08-25,0.2381,1.25,3.75,1.746,low
Northern Territory,2022-08-26,0.2381,1.25,3.75,1.746,low
Northern Territory,2022-08-27,0.2381,1.25,3.75,1.746,low
Northern Territory,2022-08-28,0.2381,1.25,3.75,1.746,low
Northern Territory,2022-08-29,0.2381,1.25,3.75,1.746,low
Northern Territory,2022-08-30,0.2381,1.25,3.75,1.746,low
Northern Territory,2022-08-31,0.2381,1.25,3.75,1.746,low
Northern Territory,2022-09-01,0.2381,1.25,3.75,1.746,low
Northern Territory,2022-09-02,0.2381,1.25,3.75,1.746,low
Northern Territory,2022-09-03,0.2381,1.25,3.75,1.746,low
Northern Territory,2022-09-04,0.2381,1.25,3.75,1.746,low
Northern Territory,2022-09-05,0.2381,1.25,3.75,1.746,low
Northern Territory,2022-09-06,0.2381,1.25,3.75,1.746,low
Northern Territory,2022-09-07,0.2381,1.25,3.75,1.746,low
Northern Territory,2022-09-08,0.2381,1.25,3.75,1.746,low
Northern Territory,2022-09-09,0.2381,1.25,3.75,1.746,low
Northern Territory,2022-09-10,0.2381,1.25,3.75,1.746,low
Northern Territory,2022-09-11,0.2381,1.25,3.75,1.746,low
Northern Territory,2022-09-12,0.2381,1.25,3.75,1.746,low
Northern Territory,2022-09-13,0.2381,1.25,3.75,1.746,low
Northern Territory,2022-09-14,0.2381,1.25,3.75,1.746,low
Northern Territory,2022-09-15,0.2381,1.25,3.75,1.746,low
Northern Territory,2022-09-16,0.2381,1.25,3.75,1.746,low
Northern Territory,2022-09-17,0.2381,1.25,3.75,1.746,low
Northern Territory,2022-09-18,0.2381,1.25,3.75,1.746,low
Northern Territory,2022-09-19,0.2381,1.25,3.75,1.746,low
Northern Territory,2022-09-20,0.2381,1.25,3.75,1.746,low
Northern Territory,2022-09-21,0.2381,1.25,3.75,1.746,low
Northern Territory,2022-09-22,0.2381,1.25,3.75,1.746,low
Northern Territory,2022-09-23,0.2381,1.25,3.75,1.746,low
Northern Territory,2022-09-24,0.2381,1.25,3.75,1.746,low
Northern Territory,2022-09-25,0.2381,1.25,3.75,1.746,low
Northern Territory,2022-09-26,0.2381,1.25,3.75,1.746,low
Northern Territory,2022-09-27,0.2381,1.25,3.75,1.746,low
Northern Territory,2022-09-28,0.2381,1.25,3.75,1.746,low
Northern Territory,2022-09-29,0.2381,1.25,3.75,1.746,low
Northern Territory,2022-09-30,0.2381,1.25,3.75,1.746,low
Northern Territory,2022-10-01,0.2381,1.25,3.75,1.746,low
Northern Territory,2022-10-02,0.2381,1.25,3.75,1.746,low
Northern Territory,2022-10-03,0.2381,1.25,3.75,1.746,low
Northern Territory,2022-10-04,0.2381,1.25,3.75,1.746,low
Northern Territory,2022-10-05,0.2381,1.25,3.75,1.746,low
Northern Territory,2022-10-06,0.2381,1.25,3.75,1.746,low
Northern Territory,2022-10-07,0.2381,1.25,3.75,1.746,low
Northern Territory,2022-10-08,0.2381,1.25,3.75,1.746,low
Northern Territory,2022-10-09,0.2381,1.25,3.75,1.746,low
Northern Territory,2022-10-10,0.2381,1.25,3.75,1.746,low
Northern Territory,2022-10-11,0.2381,1.25,3.75,1.746,low
Northern Territory,2022-10-12,0.2381,1.25,3.75,1.746,low
Northern Territory,2022-10-13,0.2381,1.25,3.75,1.746,low
Northern Territory,2022-10-14,0.2381,0.0,3.75,1.3294,low
Northern Territory,2022-10-15,0.2381,0.0,3.75,1.3294,low
Northern Territory,2022-10-16,0.2381,0.0,3.75,1.3294,low
Northern Territory,2022-10-17,0.2381,0.0,3.75,1.3294,low
Northern Territory,2022-10-18,0.2381,0.0,3.75,1.3294,low
Northern Territory,2022-10-19,0.2381,0.0,3.75,1.3294,low
Northern Territory,2022-10-20,0.2381,0.0,3.75,1.3294,low
Northern Territory,2022-10-21,0.2381,0.0,3.75,1.3294,low
Northern Territory,2022-10-22,0.2381,0.0,3.75,1.3294,low
Northern Territory,2022-10-23,0.2381,0.0,3.75,1.3294,low
Northern Territory,2022-10-24,0.2381,0.0,3.75,1.3294,low
Northern Territory,2022-10-25,0.2381,0.0,3.75,1.3294,low
Northern Territory,2022-10-26,0.2381,0.0,3.75,1.3294,low
Northern Territory,2022-10-27,0.2381,0.0,3.75,1.3294,low
Northern Territory,2022-10-28,0.2381,0.0,3.75,1.3294,low
Northern Territory,2022-10-29,0.2381,0.0,3.75,1.3294,low
Northern Territory,2022-10-30,0.2381,0.0,3.75,1.3294,low
Northern Territory,2022-10-31,0.2381,0.0,3.75,1.3294,low
Northern Territory,2022-11-01,0.0,2.5,2.9861,1.8287,low
Northern Territory,2022-11-02,0.0,2.5,2.9861,1.8287,low
Northern Territory,2022-11-03,0.0,2.5,2.9861,1.8287,low
Northern Territory,2022-11-04,0.0,2.5,2.9861,1.8287,low
Northern Territory,2022-11-05,0.0,2.5,2.9861,1.8287,low
Northern Territory,2022-11-06,0.0,2.5,2.9861,1.8287,low
Northern Territory,2022-11-07,0.0,2.5,2.9861,1.8287,low
Northern Territory,2022-11-08,0.0,2.5,2.9861,1.8287,low
Northern Territory,2022-11-09,0.0,2.5,2.9861,1.8287,low
Northern Territory,2022-11-10,0.0,2.5,2.9861,1.8287,low
Northern Territory,2022-11-11,0.0,2.5,2.9861,1.8287,low
Northern Territory,2022-11-12,0.0,2.5,2.9861,1.8287,low
Northern Territory,2022-11-13,0.0,2.5,2.9861,1.8287,low
Northern Territory,2022-11-14,0.0,2.5,2.9861,1.8287,low
Northern Territory,2022-11-15,0.0,2.5,2.9861,1.8287,low
Northern Territory,2022-11-16,0.0,2.5,2.9861,1.8287,low
Northern Territory,2022-11-17,0.0,2.5,2.9861,1.8287,low
Northern Territory,2022-11-18,0.0,2.5,2.9861,1.8287,low
Northern Territory,2022-11-19,0.0,2.5,2.9861,1.8287,low
Northern Territory,2022-11-20,0.0,2.5,2.9861,1.8287,low
Northern Territory,2022-11-21,0.0,2.5,2.9861,1.8287,low
Northern Territory,2022-11-22,0.0,2.5,2.9861,1.8287,low
Northern Territory,2022-11-23,0.0,2.5,2.9861,1.8287,low
Northern Territory,2022-11-24,0.0,2.5,2.9861,1.8287,low
Northern Territory,2022-11-25,0.0,2.5,2.9861,1.8287,low
Northern Territory,2022-11-26,0.0,2.5,2.9861,1.8287,low
Northern Territory,2022-11-27,0.0,2.5,2.9861,1.8287,low
Northern Territory,2022-11-28,0.0,2.5,2.9861,1.8287,low
Northern Territory,2022-11-29,0.0,2.5,2.9861,1.8287,low
Northern Territory,2022-11-30,0.0,2.5,2.9861,1.8287,low
Northern Territory,2022-12-01,0.0,2.5,2.9861,1.8287,low
Northern Territory,2022-12-02,0.0,2.5,2.9861,1.8287,low
Northern Territory,2022-12-03,0.0,2.5,2.9861,1.8287,low
Northern Territory,2022-12-04,0.0,2.5,2.9861,1.8287,low
Northern Territory,2022-12-05,0.0,2.5,2.9861,1.8287,low
Northern Territory,2022-12-06,0.0,2.5,2.9861,1.8287,low
Northern Territory,2022-12-07,0.0,2.5,2.9861,1.8287,low
Northern Territory,2022-12-08,0.0,2.5,2.9861,1.8287,low
Northern Territory,2022-12-09,0.0,2.5,2.9861,1.8287,low
Northern Territory,2022-12-10,0.0,2.5,2.9861,1.8287,low
Northern Territory,2022-12-11,0.0,2.5,2.9861,1.8287,low
Northern Territory,2022-12-12,0.0,2.5,2.9861,1.8287,low
Northern Territory,2022-12-13,0.0,2.5,2.9861,1.8287,low
Northern Territory,2022-12-14,0.0,2.5,2.9861,1.8287,low
Northern Territory,2022-12-15,0.0,2.5,2.9861,1.8287,low
Northern Territory,2022-12-16,0.0,2.5,2.9861,1.8287,low
Northern Territory,2022-12-17,0.0,2.5,2.9861,1.8287,low
Northern Territory,2022-12-18,0.0,2.5,2.9861,1.8287,low
Northern Territory,2022-12-19,0.0,2.5,2.9861,1.8287,low
Northern Territory,2022-12-20,0.0,2.5,2.9861,1.8287,low
Northern Territory,2022-12-21,0.0,2.5,2.9861,1.8287,low
Northern Territory,2022-12-22,0.0,2.5,2.9861,1.8287,low
Northern Territory,2022-12-23,0.0,2.5,2.9861,1.8287,low
Northern Territory,2022-12-24,0.0,2.5,2.9861,1.8287,low
Northern Territory,2022-12-25,0.0,2.5,2.9861,1.8287,low
Northern Territory,2022-12-26,0.0,2.5,2.9861,1.8287,low
Northern Territory,2022-12-27,0.0,2.5,2.9861,1.8287,low
Northern Territory,2022-12-28,0.0,2.5,2.9861,1.8287,low
Northern Territory,2022-12-29,0.0,2.5,2.9861,1.8287,low
Northern Territory,2022-12-30,0.0,2.5,2.9861,1.8287,low
Northern Territory,2022-12-31,0.0,2.5,2.9861,1.8287,low
Queensland,2020-01-01,0.0,0.0,0.0,0.0,low
Queensland,2020-01-02,0.0,0.0,0.0,0.0,low
Queensland,2020-01-03,0.0,0.0,0.0,0.0,low
Queensland,2020-01-04,0.0,0.0,0.0,0.0,low
Queensland,2020-01-05,0.0,0.0,0.0,0.0,low
Queensland,2020-01-06,0.0,0.0,0.0,0.0,low
Queensland,2020-01-07,0.0,0.0,0.0,0.0,low
Queensland,2020-01-08,0.0,0.0,0.0,0.0,low
Queensland,2020-01-09,0.0,0.0,0.0,0.0,low
Queensland,2020-01-10,0.0,0.0,0.0,0.0,low
Queensland,2020-01-11,0.0,0.0,0.0,0.0,low
Queensland,2020-01-12,0.0,0.0,0.0,0.0,low
Queensland,2020-01-13,0.0,0.0,0.0,0.0,low
Queensland,2020-01-14,0.0,0.0,0.0,0.0,low
Queensland,2020-01-15,0.0,0.0,0.0,0.0,low
Queensland,2020-01-16,0.0,0.0,0.0,0.0,low
Queensland,2020-01-17,0.0,0.0,0.0,0.0,low
Queensland,2020-01-18,0.0,0.0,0.0,0.0,low
Queensland,2020-01-19,0.0,0.0,0.0,0.0,low
Queensland,2020-01-20,0.0,0.0,0.0,0.0,low
Queensland,2020-01-21,0.0,0.0,0.0,0.0,low
Queensland,2020-01-22,0.0,0.0,0.0,0.0,low
Queensland,2020-01-23,0.0,0.0,0.0,0.0,low
Queensland,2020-01-24,0.0,0.0,0.0,0.0,low
Queensland,2020-01-25,0.0,0.0,0.0,0.0,low
Queensland,2020-01-26,0.0,0.0,0.0,0.0,low
Queensland,2020-01-27,0.0,0.0,0.0,0.0,low
Queensland,2020-01-28,0.0,0.0,0.0,0.0,low
Queensland,2020-01-29,0.0,0.0,0.0,0.0,low
Queensland,2020-01-30,0.0,0.0,0.0,0.0,low
Queensland,2020-01-31,0.0,0.0,0.0,0.0,low
Queensland,2020-02-01,0.5357,0.0,0.0,0.1786,low
Queensland,2020-02-02,0.5357,0.0,0.0,0.1786,low
Queensland,2020-02-03,0.5357,0.0,0.0,0.1786,low
Queensland,2020-02-04,0.5357,0.0,0.0,0.1786,low
Queensland,2020-02-05,0.5357,0.0,0.0,0.1786,low
Queensland,2020-02-06,0.5357,0.0,0.0,0.1786,low
Queensland,2020-02-07,0.5357,0.0,0.0,0.1786,low
Queensland,2020-02-08,0.5357,0.0,0.0,0.1786,low
Queensland,2020-02-09,0.5357,0.0,0.0,0.1786,low
Queensland,2020-02-10,0.5357,0.0,0.0,0.1786,low
Queensland,2020-02-11,0.5357,0.0,0.0,0.1786,low
Queensland,2020-02-12,0.5357,0.0,0.0,0.1786,low
Queensland,2020-02-13,0.5357,0.0,0.0,0.1786,low
Queensland,2020-02-14,0.5357,0.0,0.0,0.1786,low
Queensland,2020-02-15,0.5357,0.0,0.0,0.1786,low
Queensland,2020-02-16,0.5357,0.0,0.0,0.1786,low
Queensland,2020-02-17,0.5357,0.0,0.0,0.1786,low
Queensland,2020-02-18,0.5357,0.0,0.0,0.1786,low
Queensland,2020-02-19,0.5357,0.0,0.0,0.1786,low
Queensland,2020-02-20,0.5357,0.0,0.0,0.1786,low
Queensland,2020-02-21,0.5357,0.0,0.0,0.1786,low
Queensland,2020-02-22,0.5357,0.0,0.0,0.1786,low
Queensland,2020-02-23,0.5357,0.0,0.0,0.1786,low
Queensland,2020-02-24,0.5357,0.0,0.0,0.1786,low
Queensland,2020-02-25,0.5357,0.0,0.0,0.1786,low
Queensland,2020-02-26,0.5357,0.0,0.0,0.1786,low
Queensland,2020-02-27,0.5357,0.0,0.0,0.1786,low
Queensland,2020-02-28,0.5357,0.0,0.0,0.1786,low
Queensland,2020-02-29,0.5357,0.0,0.0,0.1786,low
Queensland,2020-03-01,0.5357,0.0,1.9444,0.8267,low
Queensland,2020-03-02,0.5357,0.0,1.9444,0.8267,low
Queensland,2020-03-03,0.5357,0.0,1.9444,0.8267,low
Queensland,2020-03-04,0.5357,0.0,1.9444,0.8267,low
Queensland,2020-03-05,0.5357,0.0,1.9444,0.8267,low
Queensland,2020-03-06,0.5357,0.0,1.9444,0.8267,low
Queensland,2020-03-07,0.5357,0.0,1.9444,0.8267,low
Queensland,2020-03-08,0.5357,0.0,1.9444,0.8267,low
Queensland,2020-03-09,0.5357,0.0,1.9444,0.8267,low
Queensland,2020-03-10,0.5357,0.0,1.9444,0.8267,low
Queensland,2020-03-11,0.5357,0.0,1.9444,0.8267,low
Queensland,2020-03-12,0.5357,0.0,1.9444,0.8267,low
Queensland,2020-03-13,0.5357,0.0,1.9444,0.8267,low
Queensland,2020-03-14,0.5357,0.0,1.9444,0.8267,low
Queensland,2020-03-15,1.0714,0.0,1.9444,1.0053,low
Queensland,2020-03-16,1.6667,0.0,2.2222,1.2963,low
Queensland,2020-03-17,1.6667,0.0,2.7778,1.4815,low
Queensland,2020-03-18,1.6667,0.0,2.7778,1.4815,low
Queensland,2020-03-19,1.9048,0.0,2.7778,1.5609,low
Queensland,2020-03-20,2.0833,0.0,2.7778,1.6204,low
Queensland,2020-03-21,2.0833,0.0,3.0556,1.713,low
Queensland,2020-03-22,2.0833,0.0,3.0556,1.713,low
Queensland,2020-03-23,2.3214,5.0,3.9583,3.7599,high
Queensland,2020-03-24,2.3214,5.0,3.9583,3.7599,high
Queensland,2020-03-25,2.3214,5.0,3.9583,3.7599,high
Queensland,2020-03-26,3.2143,5.0,3.9583,4.0575,high
Queensland,2020-03-27,3.2143,5.0,3.9583,4.0575,high
Queensland,2020-03-28,3.2143,5.0,3.9583,4.0575,high
Queensland,2020-03-29,3.6905,5.0,3.9583,4.2163,high
Queensland,2020-03-30,4.4048,5.0,3.0556,4.1535,high
Queensland,2020-03-31,4.4048,5.0,3.0556,4.1535,high
Queensland,2020-04-01,4.4048,5.0,3.0556,4.1535,high
Queensland,2020-04-02,4.4048,5.0,3.0556,4.1535,high
Queensland,2020-04-03,4.4048,5.0,3.0556,4.1535,high
Queensland,2020-04-04,4.4048,5.0,3.0556,4.1535,high
Queensland,2020-04-05,4.4048,5.0,3.0556,4.1535,high
Queensland,2020-04-06,4.4048,5.0,3.0556,4.1535,high
Queensland,2020-04-07,4.4048,5.0,2.7778,4.0609,high
Queensland,2020-04-08,4.4048,5.0,2.7778,4.0609,high
Queensland,2020-04-09,4.4048,5.0,2.7778,4.0609,high
Queensland,2020-04-10,4.4048,5.0,2.7778,4.0609,high
Queensland,2020-04-11,4.4048,5.0,2.7778,4.0609,high
Queensland,2020-04-12,4.4048,5.0,2.7778,4.0609,high
Queensland,2020-04-13,4.4048,5.0,2.7778,4.0609,high
Queensland,2020-04-14,4.4048,5.0,2.7778,4.0609,high
Queensland,2020-04-15,4.4048,5.0,2.7778,4.0609,high
Queensland,2020-04-16,4.4048,5.0,2.7778,4.0609,high
Queensland,2020-04-17,4.4048,5.0,2.7778,4.0609,high
Queensland,2020-04-18,4.4048,5.0,2.7778,4.0609,high
Queensland,2020-04-19,4.4048,5.0,2.7778,4.0609,high
Queensland,2020-04-20,4.4048,5.0,2.7778,4.0609,high
Queensland,2020-04-21,4.4048,5.0,2.7778,4.0609,high
Queensland,2020-04-22,4.4048,5.0,2.5,3.9683,high
Queensland,2020-04-23,4.4048,5.0,2.5,3.9683,high
Queensland,2020-04-24,4.4048,5.0,2.7778,4.0609,high
Queensland,2020-04-25,4.4048,5.0,2.7778,4.0609,high
Queensland,2020-04-26,4.4048,5.0,2.7778,4.0609,high
Queensland,2020-04-27,4.4048,5.0,2.7778,4.0609,high
Queensland,2020-04-28,4.4048,5.0,2.7778,4.0609,high
Queensland,2020-04-29,4.4048,5.0,2.7778,4.0609,high
Queensland,2020-04-30,4.4048,5.0,3.0556,4.1535,high
Queensland,2020-05-01,4.4048,5.0,3.0556,4.1535,high
Queensland,2020-05-02,4.4048,5.0,3.0556,4.1535,high
Queensland,2020-05-03,4.4048,5.0,3.0556,4.1535,high
Queensland,2020-05-04,4.4048,5.0,3.0556,4.1535,high
Queensland,2020-05-05,4.4048,5.0,3.0556,4.1535,high
Queensland,2020-05-06,4.4048,5.0,3.0556,4.1535,high
Queensland,2020-05-07,4.4048,5.0,2.7778,4.0609,high
Queensland,2020-05-08,4.1667,5.0,2.7778,3.9815,high
Queensland,2020-05-09,4.1667,5.0,2.7778,3.9815,high
Queensland,2020-05-10,4.1667,5.0,2.7778,3.9815,high
Queensland,2020-05-11,3.9286,5.0,3.0556,3.9947,high
Queensland,2020-05-12,3.9286,5.0,3.0556,3.9947,high
Queensland,2020-05-13,3.9286,5.0,3.0556,3.9947,high
Queensland,2020-05-14,3.9286,5.0,3.0556,3.9947,high
Queensland,2020-05-15,3.9286,5.0,3.0556,3.9947,high
Queensland,2020-05-16,3.9286,5.0,3.0556,3.9947,high
Queensland,2020-05-17,3.9286,5.0,3.0556,3.9947,high
Queensland,2020-05-18,3.9286,5.0,3.0556,3.9947,high
Queensland,2020-05-19,3.9286,5.0,3.0556,3.9947,high
Queensland,2020-05-20,3.9286,5.0,3.0556,3.9947,high
Queensland,2020-05-21,4.1667,5.0,3.0556,4.0741,high
Queensland,2020-05-22,4.1667,5.0,3.0556,4.0741,high
Queensland,2020-05-23,4.1667,5.0,3.0556,4.0741,high
Queensland,2020-05-24,4.1667,5.0,3.0556,4.0741,high
Queensland,2020-05-25,4.1667,5.0,3.0556,4.0741,high
Queensland,2020-05-26,4.1667,5.0,3.0556,4.0741,high
Queensland,2020-05-27,4.1667,5.0,2.7778,3.9815,high
Queensland,2020-05-28,2.9762,5.0,3.0556,3.6773,high
Queensland,2020-05-29,2.9762,5.0,3.0556,3.6773,high
Queensland,2020-05-30,2.9762,5.0,3.0556,3.6773,high
Queensland,2020-05-31,2.9762,5.0,3.0556,3.6773,high
Queensland,2020-06-01,2.9762,5.0,3.0556,3.6773,high
Queensland,2020-06-02,2.9762,5.0,3.0556,3.6773,high
Queensland,2020-06-03,2.9762,5.0,3.0556,3.6773,high
Queensland,2020-06-04,2.7976,5.0,3.0556,3.6177,high
Queensland,2020-06-05,2.7976,5.0,3.0556,3.6177,high
Queensland,2020-06-06,2.7976,5.0,3.0556,3.6177,high
Queensland,2020-06-07,2.7976,5.0,3.0556,3.6177,high
Queensland,2020-06-08,2.7976,5.0,3.0556,3.6177,high
Queensland,2020-06-09,2.7976,5.0,3.0556,3.6177,high
Queensland,2020-06-10,2.7976,5.0,3.0556,3.6177,high
Queensland,2020-06-11,2.7976,5.0,3.0556,3.6177,high
Queensland,2020-06-12,2.7976,5.0,3.0556,3.6177,high
Queensland,2020-06-13,2.7976,5.0,3.0556,3.6177,high
Queensland,2020-06-14,2.7976,5.0,3.0556,3.6177,high
Queensland,2020-06-15,2.7976,5.0,3.0556,3.6177,high
Queensland,2020-06-16,2.7976,5.0,3.0556,3.6177,high
Queensland,2020-06-17,2.7976,5.0,3.0556,3.6177,high
Queensland,2020-06-18,2.7976,5.0,3.0556,3.6177,high
Queensland,2020-06-19,2.7976,5.0,3.0556,3.6177,high
Queensland,2020-06-20,2.7976,5.0,3.0556,3.6177,high
Queensland,2020-06-21,2.7976,5.0,3.0556,3.6177,high
Queensland,2020-06-22,2.7976,5.0,3.0556,3.6177,high
Queensland,2020-06-23,2.7976,5.0,3.0556,3.6177,high
Queensland,2020-06-24,2.7976,5.0,3.0556,3.6177,high
Queensland,2020-06-25,2.7976,5.0,3.0556,3.6177,high
Queensland,2020-06-26,2.7976,5.0,3.0556,3.6177,high
Queensland,2020-06-27,2.7976,5.0,3.0556,3.6177,high
Queensland,2020-06-28,2.7976,5.0,3.0556,3.6177,high
Queensland,2020-06-29,2.7976,5.0,3.0556,3.6177,high
Queensland,2020-06-30,2.7976,5.0,3.0556,3.6177,high
Queensland,2020-07-01,2.7976,5.0,3.0556,3.6177,high
Queensland,2020-07-02,2.7976,5.0,3.0556,3.6177,high
Queensland,2020-07-03,2.7976,5.0,3.0556,3.6177,high
Queensland,2020-07-04,2.7976,5.0,3.0556,3.6177,high
Queensland,2020-07-05,2.7976,5.0,3.0556,3.6177,high
Queensland,2020-07-06,2.7976,5.0,3.0556,3.6177,high
Queensland,2020-07-07,2.7976,5.0,3.0556,3.6177,high
Queensland,2020-07-08,2.7976,5.0,3.0556,3.6177,high
Queensland,2020-07-09,2.7976,5.0,3.0556,3.6177,high
Queensland,2020-07-10,2.7976,5.0,3.0556,3.6177,high
Queensland,2020-07-11,2.7976,5.0,3.0556,3.6177,high
Queensland,2020-07-12,2.7976,5.0,3.0556,3.6177,high
Queensland,2020-07-13,2.7976,5.0,3.0556,3.6177,high
Queensland,2020-07-14,2.7976,5.0,3.0556,3.6177,high
Queensland,2020-07-15,2.7976,5.0,3.0556,3.6177,high
Queensland,2020-07-16,2.7976,5.0,3.0556,3.6177,high
Queensland,2020-07-17,2.7976,5.0,3.0556,3.6177,high
Queensland,2020-07-18,2.7976,5.0,3.0556,3.6177,high
Queensland,2020-07-19,2.7976,5.0,3.0556,3.6177,high
Queensland,2020-07-20,2.7976,5.0,3.0556,3.6177,high
Queensland,2020-07-21,2.7976,5.0,3.0556,3.6177,high
Queensland,2020-07-22,2.7976,5.0,3.0556,3.6177,high
Queensland,2020-07-23,2.7976,5.0,3.0556,3.6177,high
Queensland,2020-07-24,2.7976,5.0,3.0556,3.6177,high
Queensland,2020-07-25,2.7976,5.0,3.0556,3.6177,high
Queensland,2020-07-26,2.7976,5.0,3.0556,3.6177,high
Queensland,2020-07-27,2.7976,5.0,3.0556,3.6177,high
Queensland,2020-07-28,2.7976,5.0,3.0556,3.6177,high
Queensland,2020-07-29,2.7976,5.0,3.0556,3.6177,high
Queensland,2020-07-30,2.7976,5.0,3.0556,3.6177,high
Queensland,2020-07-31,2.7976,5.0,3.0556,3.6177,high
Queensland,2020-08-01,2.7976,5.0,3.0556,3.6177,high
Queensland,2020-08-02,2.4405,5.0,2.7778,3.4061,high
Queensland,2020-08-03,2.4405,5.0,2.7778,3.4061,high
Queensland,2020-08-04,2.4405,5.0,2.7778,3.4061,high
Queensland,2020-08-05,2.4405,5.0,2.7778,3.4061,high
Queensland,2020-08-06,2.4405,5.0,2.7778,3.4061,high
Queensland,2020-08-07,2.4405,5.0,2.7778,3.4061,high
Queensland,2020-08-08,2.4405,5.0,2.7778,3.4061,high
Queensland,2020-08-09,2.4405,5.0,2.7778,3.4061,high
Queensland,2020-08-10,2.7976,5.0,2.7778,3.5251,high
Queensland,2020-08-11,2.7976,5.0,2.7778,3.5251,high
Queensland,2020-08-12,2.7976,5.0,2.7778,3.5251,high
Queensland,2020-08-13,2.7976,5.0,2.7778,3.5251,high
Queensland,2020-08-14,2.7976,5.0,2.7778,3.5251,high
Queensland,2020-08-15,2.7976,5.0,2.7778,3.5251,high
Queensland,2020-08-16,2.7976,5.0,2.7778,3.5251,high
Queensland,2020-08-17,2.7976,5.0,2.7778,3.5251,high
Queensland,2020-08-18,2.7976,5.0,2.7778,3.5251,high
Queensland,2020-08-19,2.7976,5.0,2.7778,3.5251,high
Queensland,2020-08-20,2.7976,5.0,2.7778,3.5251,high
Queensland,2020-08-21,2.7976,5.0,2.7778,3.5251,high
Queensland,2020-08-22,2.9762,5.0,2.7778,3.5847,high
Queensland,2020-08-23,2.9762,5.0,2.7778,3.5847,high
Queensland,2020-08-24,2.9762,5.0,2.7778,3.5847,high
Queensland,2020-08-25,2.9762,5.0,2.7778,3.5847,high
Queensland,2020-08-26,2.9762,5.0,2.7778,3.5847,high
Queensland,2020-08-27,2.9762,5.0,2.7778,3.5847,high
Queensland,2020-08-28,2.9762,5.0,2.7778,3.5847,high
Queensland,2020-08-29,2.9762,5.0,2.7778,3.5847,high
Queensland,2020-08-30,2.9762,5.0,2.7778,3.5847,high
Queensland,2020-08-31,2.9762,5.0,2.7778,3.5847,high
Queensland,2020-09-01,2.9762,5.0,2.7778,3.5847,high
Queensland,2020-09-02,2.9762,5.0,2.7778,3.5847,high
Queensland,2020-09-03,2.9762,5.0,2.7778,3.5847,high
Queensland,2020-09-04,2.9762,5.0,2.7778,3.5847,high
Queensland,2020-09-05,2.9762,5.0,2.7778,3.5847,high
Queensland,2020-09-06,2.9762,5.0,2.7778,3.5847,high
Queensland,2020-09-07,2.9762,5.0,2.7778,3.5847,high
Queensland,2020-09-08,2.9762,5.0,2.7778,3.5847,high
Queensland,2020-09-09,2.9762,5.0,2.7778,3.5847,high
Queensland,2020-09-10,2.9762,5.0,2.7778,3.5847,high
Queensland,2020-09-11,2.9762,5.0,2.7778,3.5847,high
Queensland,2020-09-12,2.9762,5.0,2.7778,3.5847,high
Queensland,2020-09-13,2.9762,5.0,2.7778,3.5847,high
Queensland,2020-09-14,2.9762,5.0,2.7778,3.5847,high
Queensland,2020-09-15,2.9762,5.0,2.7778,3.5847,high
Queensland,2020-09-16,1.9048,3.75,2.7778,2.8109,medium
Queensland,2020-09-17,1.9048,3.75,2.7778,2.8109,medium
Queensland,2020-09-18,1.9048,3.75,2.7778,2.8109,medium
Queensland,2020-09-19,1.9048,3.75,2.7778,2.8109,medium
Queensland,2020-09-20,1.9048,3.75,2.7778,2.8109,medium
Queensland,2020-09-21,1.9048,3.75,2.7778,2.8109,medium
Queensland,2020-09-22,1.9048,3.75,2.7778,2.8109,medium
Queensland,2020-09-23,1.9048,3.75,2.7778,2.8109,medium
Queensland,2020-09-24,1.9048,3.75,2.7778,2.8109,medium
Queensland,2020-09-25,1.7262,2.5,2.7778,2.3347,medium
Queensland,2020-09-26,1.7262,2.5,2.7778,2.3347,medium
Queensland,2020-09-27,1.7262,2.5,2.7778,2.3347,medium
Queensland,2020-09-28,1.7262,2.5,2.7778,2.3347,medium
Queensland,2020-09-29,1.7262,2.5,2.7778,2.3347,medium
Queensland,2020-09-30,1.7262,2.5,2.7778,2.3347,medium
Queensland,2020-10-01,2.4405,2.5,2.7778,2.5728,medium
Queensland,2020-10-02,2.4405,2.5,2.9861,2.6422,medium
Queensland,2020-10-03,2.4405,2.5,2.9861,2.6422,medium
Queensland,2020-10-04,2.4405,2.5,2.9861,2.6422,medium
Queensland,2020-10-05,2.4405,2.5,2.9861,2.6422,medium
Queensland,2020-10-06,2.4405,2.5,2.9861,2.6422,medium
Queensland,2020-10-07,2.4405,2.5,2.9861,2.6422,medium
Queensland,2020-10-08,2.4405,2.5,2.9861,2.6422,medium
Queensland,2020-10-09,2.4405,2.5,2.9861,2.6422,medium
Queensland,2020-10-10,2.4405,2.5,2.9861,2.6422,medium
Queensland,2020-10-11,2.4405,2.5,2.9861,2.6422,medium
Queensland,2020-10-12,2.4405,2.5,2.9861,2.6422,medium
Queensland,2020-10-13,2.4405,2.5,2.9861,2.6422,medium
Queensland,2020-10-14,2.4405,2.5,2.9861,2.6422,medium
Queensland,2020-10-15,2.4405,2.5,2.9861,2.6422,medium
Queensland,2020-10-16,2.4405,2.5,2.9861,2.6422,medium
Queensland,2020-10-17,2.4405,2.5,2.9861,2.6422,medium
Queensland,2020-10-18,2.4405,2.5,2.9861,2.6422,medium
Queensland,2020-10-19,2.4405,2.5,2.9861,2.6422,medium
Queensland,2020-10-20,2.4405,2.5,2.9861,2.6422,medium
Queensland,2020-10-21,2.4405,2.5,2.9861,2.6422,medium
Queensland,2020-10-22,2.4405,2.5,2.9861,2.6422,medium
Queensland,2020-10-23,2.4405,2.5,2.9861,2.6422,medium
Queensland,2020-10-24,2.4405,2.5,2.9861,2.6422,medium
Queensland,2020-10-25,2.4405,2.5,2.9861,2.6422,medium
Queensland,2020-10-26,2.4405,2.5,2.9861,2.6422,medium
Queensland,2020-10-27,2.4405,2.5,2.9861,2.6422,medium
Queensland,2020-10-28,2.4405,2.5,2.9861,2.6422,medium
Queensland,2020-10-29,2.4405,2.5,2.9861,2.6422,medium
Queensland,2020-10-30,2.4405,2.5,2.9861,2.6422,medium
Queensland,2020-10-31,2.4405,2.5,2.9861,2.6422,medium
Queensland,2020-11-01,2.4405,2.5,2.9861,2.6422,medium
Queensland,2020-11-02,2.4405,2.5,2.9861,2.6422,medium
Queensland,2020-11-03,2.4405,2.5,2.9861,2.6422,medium
Queensland,2020-11-04,2.4405,2.5,2.9861,2.6422,medium
Queensland,2020-11-05,2.4405,2.5,2.9861,2.6422,medium
Queensland,2020-11-06,2.4405,2.5,2.9861,2.6422,medium
Queensland,2020-11-07,2.4405,2.5,2.9861,2.6422,medium
Queensland,2020-11-08,2.4405,2.5,2.9861,2.6422,medium
Queensland,2020-11-09,2.4405,2.5,2.9861,2.6422,medium
Queensland,2020-11-10,2.4405,2.5,2.9861,2.6422,medium
Queensland,2020-11-11,2.4405,2.5,2.9861,2.6422,medium
Queensland,2020-11-12,2.4405,2.5,2.9861,2.6422,medium
Queensland,2020-11-13,2.4405,2.5,2.9861,2.6422,medium
Queensland,2020-11-14,2.4405,2.5,2.9861,2.6422,medium
Queensland,2020-11-15,2.4405,2.5,2.9861,2.6422,medium
Queensland,2020-11-16,2.4405,2.5,2.9861,2.6422,medium
Queensland,2020-11-17,2.4405,2.5,2.9861,2.6422,medium
Queensland,2020-11-18,2.4405,2.5,2.9861,2.6422,medium
Queensland,2020-11-19,2.4405,2.5,2.9861,2.6422,medium
Queensland,2020-11-20,2.4405,2.5,2.9861,2.6422,medium
Queensland,2020-11-21,2.4405,2.5,2.9861,2.6422,medium
Queensland,2020-11-22,2.4405,2.5,2.9861,2.6422,medium
Queensland,2020-11-23,2.7976,2.5,2.9861,2.7612,medium
Queensland,2020-11-24,2.7976,2.5,2.9861,2.7612,medium
Queensland,2020-11-25,2.7976,2.5,2.9861,2.7612,medium
Queensland,2020-11-26,2.7976,2.5,2.9861,2.7612,medium
Queensland,2020-11-27,2.7976,2.5,2.9861,2.7612,medium
Queensland,2020-11-28,2.7976,2.5,2.9861,2.7612,medium
Queensland,2020-11-29,2.7976,2.5,2.9861,2.7612,medium
Queensland,2020-11-30,2.7976,2.5,2.9861,2.7612,medium
Queensland,2020-12-01,2.4405,1.25,2.9861,2.2255,low
Queensland,2020-12-02,2.4405,1.25,2.9861,2.2255,low
Queensland,2020-12-03,2.4405,1.25,2.9861,2.2255,low
Queensland,2020-12-04,2.4405,1.25,2.9861,2.2255,low
Queensland,2020-12-05,2.4405,1.25,2.9861,2.2255,low
Queensland,2020-12-06,2.4405,1.25,2.9861,2.2255,low
Queensland,2020-12-07,2.4405,1.25,2.9861,2.2255,low
Queensland,2020-12-08,2.4405,1.25,2.9861,2.2255,low
Queensland,2020-12-09,2.4405,1.25,2.9861,2.2255,low
Queensland,2020-12-10,2.4405,1.25,2.9861,2.2255,low
Queensland,2020-12-11,2.4405,1.25,2.9861,2.2255,low
Queensland,2020-12-12,2.4405,1.25,2.9861,2.2255,low
Queensland,2020-12-13,2.4405,1.25,2.9861,2.2255,low
Queensland,2020-12-14,2.4405,1.25,2.9861,2.2255,low
Queensland,2020-12-15,2.4405,1.25,2.9861,2.2255,low
Queensland,2020-12-16,2.7976,2.5,2.9861,2.7612,medium
Queensland,2020-12-17,2.7976,2.5,2.9861,2.7612,medium
Queensland,2020-12-18,2.7976,2.5,2.9861,2.7612,medium
Queensland,2020-12-19,2.7976,2.5,2.9861,2.7612,medium
Queensland,2020-12-20,2.7976,2.5,2.9861,2.7612,medium
Queensland,2020-12-21,2.7976,2.5,2.9861,2.7612,medium
Queensland,2020-12-22,2.7976,2.5,2.9861,2.7612,medium
Queensland,2020-12-23,2.7976,2.5,2.9861,2.7612,medium
Queensland,2020-12-24,2.7976,2.5,2.9861,2.7612,medium
Queensland,2020-12-25,2.7976,2.5,2.9861,2.7612,medium
Queensland,2020-12-26,2.7976,2.5,2.9861,2.7612,medium
Queensland,2020-12-27,2.7976,2.5,2.9861,2.7612,medium
Queensland,2020-12-28,2.7976,2.5,2.9861,2.7612,medium
Queensland,2020-12-29,2.7976,2.5,2.9861,2.7612,medium
Queensland,2020-12-30,2.7976,2.5,2.9861,2.7612,medium
Queensland,2020-12-31,2.7976,2.5,2.9861,2.7612,medium
Queensland,2021-01-01,2.619,1.25,2.9861,2.285,medium
Queensland,2021-01-02,2.619,1.25,2.9861,2.285,medium
Queensland,2021-01-03,2.619,1.25,2.9861,2.285,medium
Queensland,2021-01-04,2.619,1.25,2.9861,2.285,medium
Queensland,2021-01-05,2.619,1.25,2.9861,2.285,medium
Queensland,2021-01-06,2.619,1.25,2.9861,2.285,medium
Queensland,2021-01-07,2.619,1.25,2.9861,2.285,medium
Queensland,2021-01-08,3.9286,1.25,3.8889,3.0225,medium
Queensland,2021-01-09,3.9286,1.25,3.8889,3.0225,medium
Queensland,2021-01-10,3.9286,1.25,3.8889,3.0225,medium
Queensland,2021-01-11,2.7976,1.25,3.6111,2.5529,medium
Queensland,2021-01-12,2.7976,1.25,3.6111,2.5529,medium
Queensland,2021-01-13,2.7976,1.25,3.6111,2.5529,medium
Queensland,2021-01-14,2.7976,1.25,3.6111,2.5529,medium
Queensland,2021-01-15,2.7976,1.25,3.6111,2.5529,medium
Queensland,2021-01-16,2.7976,1.25,3.6111,2.5529,medium
Queensland,2021-01-17,2.7976,1.25,3.6111,2.5529,medium
Queensland,2021-01-18,2.7976,1.25,3.6111,2.5529,medium
Queensland,2021-01-19,2.7976,1.25,3.6111,2.5529,medium
Queensland,2021-01-20,2.7976,1.25,3.6111,2.5529,medium
Queensland,2021-01-21,2.7976,1.25,3.6111,2.5529,medium
Queensland,2021-01-22,2.7976,1.25,3.1944,2.414,medium
Queensland,2021-01-23,2.7976,1.25,3.1944,2.414,medium
Queensland,2021-01-24,2.7976,1.25,3.1944,2.414,medium
Queensland,2021-01-25,2.7976,1.25,3.1944,2.414,medium
Queensland,2021-01-26,2.7976,1.25,3.1944,2.414,medium
Queensland,2021-01-27,2.7976,1.25,3.1944,2.414,medium
Queensland,2021-01-28,2.7976,1.25,3.1944,2.414,medium
Queensland,2021-01-29,2.7976,1.25,3.1944,2.414,medium
Queensland,2021-01-30,2.7976,1.25,3.1944,2.414,medium
Queensland,2021-01-31,2.7976,1.25,3.1944,2.414,medium
Queensland,2021-02-01,2.7976,1.25,3.1944,2.414,medium
Queensland,2021-02-02,2.7976,1.25,3.1944,2.414,medium
Queensland,2021-02-03,2.7976,1.25,3.1944,2.414,medium
Queensland,2021-02-04,2.7976,1.25,3.1944,2.414,medium
Queensland,2021-02-05,2.7976,1.25,3.1944,2.414,medium
Queensland,2021-02-06,2.7976,1.25,3.1944,2.414,medium
Queensland,2021-02-07,2.7976,1.25,3.1944,2.414,medium
Queensland,2021-02-08,2.7976,1.25,3.1944,2.414,medium
Queensland,2021-02-09,2.7976,1.25,3.1944,2.414,medium
Queensland,2021-02-10,2.7976,1.25,3.1944,2.414,medium
Queensland,2021-02-11,2.7976,1.25,3.1944,2.414,medium
Queensland,2021-02-12,2.7976,1.25,3.1944,2.414,medium
Queensland,2021-02-13,2.7976,1.25,3.1944,2.414,medium
Queensland,2021-02-14,2.7976,1.25,3.1944,2.414,medium
Queensland,2021-02-15,2.7976,2.5,3.1944,2.8307,medium
Queensland,2021-02-16,2.7976,2.5,3.1944,2.8307,medium
Queensland,2021-02-17,2.7976,2.5,3.1944,2.8307,medium
Queensland,2021-02-18,2.7976,2.5,3.1944,2.8307,medium
Queensland,2021-02-19,2.7976,2.5,3.1944,2.8307,medium
Queensland,2021-02-20,2.7976,2.5,3.1944,2.8307,medium
Queensland,2021-02-21,2.7976,2.5,3.1944,2.8307,medium
Queensland,2021-02-22,2.7976,2.5,3.5278,2.9418,medium
Queensland,2021-02-23,2.7976,2.5,3.5278,2.9418,medium
Queensland,2021-02-24,2.7976,2.5,3.5278,2.9418,medium
Queensland,2021-02-25,2.7976,2.5,3.5278,2.9418,medium
Queensland,2021-02-26,2.7976,2.5,3.5278,2.9418,medium
Queensland,2021-02-27,2.7976,2.5,3.5278,2.9418,medium
Queensland,2021-02-28,2.7976,2.5,3.5278,2.9418,medium
Queensland,2021-03-01,2.7976,2.5,3.5278,2.9418,medium
Queensland,2021-03-02,2.7976,2.5,3.5278,2.9418,medium
Queensland,2021-03-03,2.7976,2.5,3.5278,2.9418,medium
Queensland,2021-03-04,2.7976,2.5,3.5278,2.9418,medium
Queensland,2021-03-05,2.7976,2.5,3.5278,2.9418,medium
Queensland,2021-03-06,2.7976,2.5,3.5278,2.9418,medium
Queensland,2021-03-07,2.7976,2.5,3.5278,2.9418,medium
Queensland,2021-03-08,2.7976,2.5,3.5278,2.9418,medium
Queensland,2021-03-09,2.7976,2.5,3.5278,2.9418,medium
Queensland,2021-03-10,2.7976,2.5,3.5278,2.9418,medium
Queensland,2021-03-11,2.7976,2.5,3.5278,2.9418,medium
Queensland,2021-03-12,2.7976,2.5,3.5278,2.9418,medium
Queensland,2021-03-13,2.7976,2.5,3.5278,2.9418,medium
Queensland,2021-03-14,2.7976,2.5,3.5278,2.9418,medium
Queensland,2021-03-15,2.7976,2.5,3.5278,2.9418,medium
Queensland,2021-03-16,1.9048,2.5,3.3194,2.5747,medium
Queensland,2021-03-17,1.9048,2.5,3.3194,2.5747,medium
Queensland,2021-03-18,1.9048,2.5,3.3194,2.5747,medium
Queensland,2021-03-19,1.9048,2.5,3.3194,2.5747,medium
Queensland,2021-03-20,1.9048,2.5,3.3194,2.5747,medium
Queensland,2021-03-21,1.9048,2.5,3.3194,2.5747,medium
Queensland,2021-03-22,1.9048,2.5,3.6528,2.6859,medium
Queensland,2021-03-23,1.9048,2.5,3.6528,2.6859,medium
Queensland,2021-03-24,1.9048,2.5,3.6528,2.6859,medium
Queensland,2021-03-25,1.9048,2.5,3.6528,2.6859,medium
Queensland,2021-03-26,1.9048,2.5,3.6528,2.6859,medium
Queensland,2021-03-27,1.9048,2.5,3.6528,2.6859,medium
Queensland,2021-03-28,1.9048,2.5,3.6528,2.6859,medium
Queensland,2021-03-29,4.0476,2.5,4.0694,3.539,high
Queensland,2021-03-30,4.0476,2.5,4.0694,3.539,high
Queensland,2021-03-31,4.0476,2.5,4.0694,3.539,high
Queensland,2021-04-01,2.7976,3.75,4.0694,3.539,high
Queensland,2021-04-02,2.7976,3.75,4.0694,3.539,high
Queensland,2021-04-03,2.7976,3.75,4.0694,3.539,high
Queensland,2021-04-04,2.7976,3.75,4.0694,3.539,high
Queensland,2021-04-05,2.7976,3.75,4.0694,3.539,high
Queensland,2021-04-06,2.7976,3.75,4.0694,3.539,high
Queensland,2021-04-07,2.7976,3.75,4.0694,3.539,high
Queensland,2021-04-08,2.7976,3.75,4.0694,3.539,high
Queensland,2021-04-09,2.7976,3.75,4.0694,3.539,high
Queensland,2021-04-10,2.7976,3.75,4.0694,3.539,high
Queensland,2021-04-11,2.7976,3.75,4.0694,3.539,high
Queensland,2021-04-12,2.7976,3.75,4.0694,3.539,high
Queensland,2021-04-13,2.7976,3.75,4.0694,3.539,high
Queensland,2021-04-14,2.7976,3.75,4.0694,3.539,high
Queensland,2021-04-15,2.4405,3.75,3.4444,3.2116,high
Queensland,2021-04-16,2.4405,3.75,3.4444,3.2116,high
Queensland,2021-04-17,2.4405,3.75,3.4444,3.2116,high
Queensland,2021-04-18,2.4405,3.75,3.4444,3.2116,high
Queensland,2021-04-19,2.4405,3.75,3.4444,3.2116,high
Queensland,2021-04-20,2.4405,3.75,3.4444,3.2116,high
Queensland,2021-04-21,2.4405,3.75,3.4444,3.2116,high
Queensland,2021-04-22,2.4405,3.75,3.4444,3.2116,high
Queensland,2021-04-23,2.4405,3.75,3.4444,3.2116,high
Queensland,2021-04-24,2.4405,3.75,3.4444,3.2116,high
Queensland,2021-04-25,2.4405,3.75,3.4444,3.2116,high
Queensland,2021-04-26,2.4405,3.75,3.4444,3.2116,high
Queensland,2021-04-27,2.4405,3.75,3.4444,3.2116,high
Queensland,2021-04-28,2.4405,3.75,3.4444,3.2116,high
Queensland,2021-04-29,2.4405,3.75,3.4444,3.2116,high
Queensland,2021-04-30,2.4405,3.75,3.4444,3.2116,high
Queensland,2021-05-01,2.4405,3.75,3.4444,3.2116,high
Queensland,2021-05-02,2.4405,3.75,3.4444,3.2116,high
Queensland,2021-05-03,2.4405,3.75,3.4444,3.2116,high
Queensland,2021-05-04,2.4405,3.75,3.4444,3.2116,high
Queensland,2021-05-05,2.4405,3.75,3.4444,3.2116,high
Queensland,2021-05-06,2.4405,3.75,3.4444,3.2116,high
Queensland,2021-05-07,2.4405,3.75,3.4444,3.2116,high
Queensland,2021-05-08,2.4405,3.75,3.4444,3.2116,high
Queensland,2021-05-09,2.4405,3.75,3.4444,3.2116,high
Queensland,2021-05-10,2.4405,3.75,3.4444,3.2116,high
Queensland,2021-05-11,2.4405,3.75,3.4444,3.2116,high
Queensland,2021-05-12,2.4405,3.75,3.4444,3.2116,high
Queensland,2021-05-13,2.4405,3.75,3.4444,3.2116,high
Queensland,2021-05-14,2.4405,3.75,3.4444,3.2116,high
Queensland,2021-05-15,2.4405,3.75,3.4444,3.2116,high
Queensland,2021-05-16,2.4405,3.75,3.4444,3.2116,high
Queensland,2021-05-17,2.4405,3.75,3.4444,3.2116,high
Queensland,2021-05-18,2.4405,3.75,3.4444,3.2116,high
Queensland,2021-05-19,2.4405,3.75,3.4444,3.2116,high
Queensland,2021-05-20,2.4405,3.75,3.4444,3.2116,high
Queensland,2021-05-21,2.4405,3.75,3.4444,3.2116,high
Queensland,2021-05-22,2.4405,3.75,3.4444,3.2116,high
Queensland,2021-05-23,2.4405,3.75,3.4444,3.2116,high
Queensland,2021-05-24,2.4405,3.75,3.4444,3.2116,high
Queensland,2021-05-25,2.4405,3.75,3.4444,3.2116,high
Queensland,2021-05-26,2.4405,3.75,3.4444,3.2116,high
Queensland,2021-05-27,2.4405,3.75,3.4444,3.2116,high
Queensland,2021-05-28,2.4405,3.75,3.4444,3.2116,high
Queensland,2021-05-29,2.4405,3.75,3.4444,3.2116,high
Queensland,2021-05-30,2.4405,3.75,3.4444,3.2116,high
Queensland,2021-05-31,2.4405,3.75,3.4444,3.2116,high
Queensland,2021-06-01,2.2619,3.75,3.8611,3.291,high
Queensland,2021-06-02,2.2619,3.75,3.8611,3.291,high
Queensland,2021-06-03,2.2619,3.75,3.8611,3.291,high
Queensland,2021-06-04,2.2619,3.75,3.8611,3.291,high
Queensland,2021-06-05,2.2619,3.75,3.8611,3.291,high
Queensland,2021-06-06,2.2619,3.75,3.8611,3.291,high
Queensland,2021-06-07,2.2619,3.75,3.8611,3.291,high
Queensland,2021-06-08,2.2619,3.75,3.8611,3.291,high
Queensland,2021-06-09,2.2619,3.75,3.8611,3.291,high
Queensland,2021-06-10,2.2619,3.75,3.8611,3.291,high
Queensland,2021-06-11,2.2619,3.75,3.8611,3.291,high
Queensland,2021-06-12,2.2619,3.75,3.8611,3.291,high
Queensland,2021-06-13,2.2619,3.75,3.8611,3.291,high
Queensland,2021-06-14,2.2619,3.75,3.8611,3.291,high
Queensland,2021-06-15,2.2619,3.75,3.8611,3.291,high
Queensland,2021-06-16,2.2619,3.75,3.8611,3.291,high
Queensland,2021-06-17,2.2619,3.75,3.8611,3.291,high
Queensland,2021-06-18,2.2619,3.75,3.8611,3.291,high
Queensland,2021-06-19,2.2619,3.75,3.8611,3.291,high
Queensland,2021-06-20,2.2619,3.75,3.8611,3.291,high
Queensland,2021-06-21,2.2619,3.75,3.8611,3.291,high
Queensland,2021-06-22,2.2619,3.75,3.8611,3.291,high
Queensland,2021-06-23,2.2619,3.75,3.8611,3.291,high
Queensland,2021-06-24,2.2619,3.75,3.8611,3.291,high
Queensland,2021-06-25,2.2619,3.75,3.8611,3.291,high
Queensland,2021-06-26,2.2619,3.75,3.8611,3.291,high
Queensland,2021-06-27,2.2619,3.75,3.8611,3.291,high
Queensland,2021-06-28,2.2619,3.75,3.8611,3.291,high
Queensland,2021-06-29,4.2262,3.75,4.5556,4.1773,high
Queensland,2021-06-30,4.2262,3.75,4.5556,4.1773,high
Queensland,2021-07-01,3.2738,1.25,4.4444,2.9894,medium
Queensland,2021-07-02,3.2738,1.25,4.4444,2.9894,medium
Queensland,2021-07-03,2.7976,1.25,4.0278,2.6918,medium
Queensland,2021-07-04,2.7976,1.25,4.0278,2.6918,medium
Queensland,2021-07-05,2.7976,1.25,4.0278,2.6918,medium
Queensland,2021-07-06,2.7976,1.25,4.0278,2.6918,medium
Queensland,2021-07-07,2.7976,1.25,4.0278,2.6918,medium
Queensland,2021-07-08,2.7976,1.25,4.0278,2.6918,medium
Queensland,2021-07-09,2.7976,1.25,4.0278,2.6918,medium
Queensland,2021-07-10,2.7976,1.25,4.0278,2.6918,medium
Queensland,2021-07-11,2.7976,1.25,4.0278,2.6918,medium
Queensland,2021-07-12,2.7976,1.25,4.0278,2.6918,medium
Queensland,2021-07-13,2.7976,1.25,4.0278,2.6918,medium
Queensland,2021-07-14,2.7976,1.25,4.0278,2.6918,medium
Queensland,2021-07-15,2.7976,1.25,4.0278,2.6918,medium
Queensland,2021-07-16,2.7976,1.25,4.0278,2.6918,medium
Queensland,2021-07-17,2.7976,1.25,4.0278,2.6918,medium
Queensland,2021-07-18,2.7976,1.25,4.0278,2.6918,medium
Queensland,2021-07-19,2.7976,1.25,4.0278,2.6918,medium
Queensland,2021-07-20,2.7976,1.25,4.0278,2.6918,medium
Queensland,2021-07-21,2.7976,1.25,4.0278,2.6918,medium
Queensland,2021-07-22,2.7976,1.25,4.0278,2.6918,medium
Queensland,2021-07-23,2.7976,1.25,4.0278,2.6918,medium
Queensland,2021-07-24,2.7976,1.25,4.0278,2.6918,medium
Queensland,2021-07-25,2.7976,1.25,4.0278,2.6918,medium
Queensland,2021-07-26,2.7976,1.25,4.0278,2.6918,medium
Queensland,2021-07-27,2.7976,1.25,4.0278,2.6918,medium
Queensland,2021-07-28,2.7976,1.25,4.0278,2.6918,medium
Queensland,2021-07-29,2.7976,1.25,4.0278,2.6918,medium
Queensland,2021-07-30,2.7976,1.25,4.0278,2.6918,medium
Queensland,2021-07-31,3.2738,1.25,4.2361,2.92,medium
Queensland,2021-08-01,3.9286,2.5,4.2361,3.5549,high
Queensland,2021-08-02,3.9286,2.5,4.2361,3.5549,high
Queensland,2021-08-03,3.9286,2.5,4.2361,3.5549,high
Queensland,2021-08-04,3.9286,2.5,4.2361,3.5549,high
Queensland,2021-08-05,3.9286,2.5,4.2361,3.5549,high
Queensland,2021-08-06,3.9286,2.5,4.2361,3.5549,high
Queensland,2021-08-07,3.9286,2.5,4.2361,3.5549,high
Queensland,2021-08-08,3.8095,2.5,4.4444,3.5846,high
Queensland,2021-08-09,3.8095,2.5,4.4444,3.5846,high
Queensland,2021-08-10,3.8095,2.5,4.4444,3.5846,high
Queensland,2021-08-11,2.619,2.5,4.4444,3.1878,high
Queensland,2021-08-12,2.619,2.5,4.4444,3.1878,high
Queensland,2021-08-13,2.619,2.5,4.4444,3.1878,high
Queensland,2021-08-14,2.619,2.5,4.4444,3.1878,high
Queensland,2021-08-15,2.619,2.5,4.4444,3.1878,high
Queensland,2021-08-16,2.619,2.5,4.4444,3.1878,high
Queensland,2021-08-17,2.619,2.5,4.4444,3.1878,high
Queensland,2021-08-18,2.619,2.5,4.4444,3.1878,high
Queensland,2021-08-19,2.619,2.5,4.4444,3.1878,high
Queensland,2021-08-20,2.4405,2.5,4.4444,3.1283,high
Queensland,2021-08-21,2.4405,2.5,4.4444,3.1283,high
Queensland,2021-08-22,2.4405,2.5,4.4444,3.1283,high
Queensland,2021-08-23,2.4405,2.5,4.4444,3.1283,high
Queensland,2021-08-24,2.4405,2.5,4.4444,3.1283,high
Queensland,2021-08-25,2.4405,2.5,4.4444,3.1283,high
Queensland,2021-08-26,2.4405,2.5,4.4444,3.1283,high
Queensland,2021-08-27,2.4405,2.5,4.4444,3.1283,high
Queensland,2021-08-28,2.4405,2.5,4.4444,3.1283,high
Queensland,2021-08-29,2.4405,2.5,4.4444,3.1283,high
Queensland,2021-08-30,2.4405,2.5,4.4444,3.1283,high
Queensland,2021-08-31,2.4405,2.5,4.4444,3.1283,high
Queensland,2021-09-01,2.619,1.25,4.2361,2.7017,medium
Queensland,2021-09-02,2.619,1.25,4.2361,2.7017,medium
Queensland,2021-09-03,2.619,1.25,4.2361,2.7017,medium
Queensland,2021-09-04,2.619,1.25,4.2361,2.7017,medium
Queensland,2021-09-05,2.619,1.25,4.2361,2.7017,medium
Queensland,2021-09-06,2.619,1.25,4.2361,2.7017,medium
Queensland,2021-09-07,2.619,1.25,4.2361,2.7017,medium
Queensland,2021-09-08,2.619,1.25,4.2361,2.7017,medium
Queensland,2021-09-09,2.619,1.25,4.2361,2.7017,medium
Queensland,2021-09-10,2.619,1.25,4.2361,2.7017,medium
Queensland,2021-09-11,2.619,1.25,4.2361,2.7017,medium
Queensland,2021-09-12,2.619,1.25,4.2361,2.7017,medium
Queensland,2021-09-13,2.619,1.25,4.2361,2.7017,medium
Queensland,2021-09-14,2.619,1.25,4.2361,2.7017,medium
Queensland,2021-09-15,2.619,1.25,4.2361,2.7017,medium
Queensland,2021-09-16,2.619,1.25,4.2361,2.7017,medium
Queensland,2021-09-17,2.619,1.25,4.2361,2.7017,medium
Queensland,2021-09-18,2.619,1.25,4.2361,2.7017,medium
Queensland,2021-09-19,2.619,1.25,4.2361,2.7017,medium
Queensland,2021-09-20,2.619,1.25,4.2361,2.7017,medium
Queensland,2021-09-21,2.619,1.25,4.2361,2.7017,medium
Queensland,2021-09-22,2.619,1.25,4.2361,2.7017,medium
Queensland,2021-09-23,2.619,1.25,4.2361,2.7017,medium
Queensland,2021-09-24,2.619,1.25,4.2361,2.7017,medium
Queensland,2021-09-25,2.619,1.25,4.2361,2.7017,medium
Queensland,2021-09-26,2.619,1.25,4.2361,2.7017,medium
Queensland,2021-09-27,2.619,1.25,4.2361,2.7017,medium
Queensland,2021-09-28,2.619,1.25,4.2361,2.7017,medium
Queensland,2021-09-29,2.619,1.25,4.2361,2.7017,medium
Queensland,2021-09-30,2.7976,1.25,4.2361,2.7612,medium
Queensland,2021-10-01,2.7976,1.25,4.2361,2.7612,medium
Queensland,2021-10-02,2.7976,1.25,4.2361,2.7612,medium
Queensland,2021-10-03,2.7976,1.25,4.2361,2.7612,medium
Queensland,2021-10-04,2.7976,1.25,4.2361,2.7612,medium
Queensland,2021-10-05,2.7976,1.25,4.2361,2.7612,medium
Queensland,2021-10-06,2.7976,1.25,4.2361,2.7612,medium
Queensland,2021-10-07,2.7976,1.25,4.2361,2.7612,medium
Queensland,2021-10-08,2.7976,2.5,4.2361,3.1779,high
Queensland,2021-10-09,2.7976,2.5,4.2361,3.1779,high
Queensland,2021-10-10,2.7976,2.5,4.2361,3.1779,high
Queensland,2021-10-11,2.7976,2.5,4.2361,3.1779,high
Queensland,2021-10-12,2.7976,2.5,4.2361,3.1779,high
Queensland,2021-10-13,2.7976,2.5,4.2361,3.1779,high
Queensland,2021-10-14,2.7976,2.5,4.2361,3.1779,high
Queensland,2021-10-15,2.7976,2.5,4.2361,3.1779,high
Queensland,2021-10-16,2.7976,2.5,4.2361,3.1779,high
Queensland,2021-10-17,2.7976,2.5,4.2361,3.1779,high
Queensland,2021-10-18,2.7976,2.5,4.2361,3.1779,high
Queensland,2021-10-19,2.7976,2.5,4.2361,3.1779,high
Queensland,2021-10-20,2.619,2.5,4.2361,3.1184,high
Queensland,2021-10-21,2.619,2.5,4.2361,3.1184,high
Queensland,2021-10-22,2.619,2.5,4.2361,3.1184,high
Queensland,2021-10-23,2.619,2.5,4.2361,3.1184,high
Queensland,2021-10-24,2.619,2.5,4.2361,3.1184,high
Queensland,2021-10-25,2.619,2.5,4.2361,3.1184,high
Queensland,2021-10-26,2.619,2.5,4.2361,3.1184,high
Queensland,2021-10-27,2.619,2.5,4.2361,3.1184,high
Queensland,2021-10-28,2.619,2.5,4.2361,3.1184,high
Queensland,2021-10-29,2.619,2.5,4.2361,3.1184,high
Queensland,2021-10-30,2.619,2.5,4.2361,3.1184,high
Queensland,2021-10-31,2.619,2.5,4.2361,3.1184,high
Queensland,2021-11-01,2.2619,1.25,4.2361,2.5827,medium
Queensland,2021-11-02,2.2619,1.25,4.2361,2.5827,medium
Queensland,2021-11-03,2.2619,1.25,4.2361,2.5827,medium
Queensland,2021-11-04,2.2619,1.25,4.2361,2.5827,medium
Queensland,2021-11-05,2.2619,1.25,4.2361,2.5827,medium
Queensland,2021-11-06,2.2619,1.25,4.2361,2.5827,medium
Queensland,2021-11-07,2.2619,1.25,4.2361,2.5827,medium
Queensland,2021-11-08,2.2619,1.25,4.2361,2.5827,medium
Queensland,2021-11-09,2.2619,1.25,4.2361,2.5827,medium
Queensland,2021-11-10,2.2619,1.25,4.2361,2.5827,medium
Queensland,2021-11-11,2.2619,1.25,4.2361,2.5827,medium
Queensland,2021-11-12,2.2619,1.25,4.2361,2.5827,medium
Queensland,2021-11-13,2.2619,1.25,4.2361,2.5827,medium
Queensland,2021-11-14,2.2619,1.25,4.2361,2.5827,medium
Queensland,2021-11-15,2.2619,1.25,4.2361,2.5827,medium
Queensland,2021-11-16,2.2619,1.25,4.0278,2.5132,medium
Queensland,2021-11-17,2.2619,1.25,4.0278,2.5132,medium
Queensland,2021-11-18,2.2619,1.25,4.0278,2.5132,medium
Queensland,2021-11-19,2.2619,1.25,4.0278,2.5132,medium
Queensland,2021-11-20,2.2619,1.25,4.0278,2.5132,medium
Queensland,2021-11-21,2.2619,1.25,4.0278,2.5132,medium
Queensland,2021-11-22,2.2619,1.25,4.0278,2.5132,medium
Queensland,2021-11-23,2.2619,1.25,4.0278,2.5132,medium
Queensland,2021-11-24,2.2619,1.25,4.0278,2.5132,medium
Queensland,2021-11-25,2.2619,1.25,4.0278,2.5132,medium
Queensland,2021-11-26,2.2619,1.25,4.0278,2.5132,medium
Queensland,2021-11-27,2.619,1.25,4.0278,2.6323,medium
Queensland,2021-11-28,2.619,1.25,4.0278,2.6323,medium
Queensland,2021-11-29,2.619,1.25,4.0278,2.6323,medium
Queensland,2021-11-30,2.619,1.25,4.0278,2.6323,medium
Queensland,2021-12-01,2.619,1.25,4.0278,2.6323,medium
Queensland,2021-12-02,2.619,1.25,4.0278,2.6323,medium
Queensland,2021-12-03,2.619,1.25,4.0278,2.6323,medium
Queensland,2021-12-04,2.619,1.25,4.0278,2.6323,medium
Queensland,2021-12-05,2.619,1.25,4.0278,2.6323,medium
Queensland,2021-12-06,2.619,1.25,4.0278,2.6323,medium
Queensland,2021-12-07,2.619,1.25,4.0278,2.6323,medium
Queensland,2021-12-08,2.619,1.25,4.0278,2.6323,medium
Queensland,2021-12-09,2.619,1.25,4.0278,2.6323,medium
Queensland,2021-12-10,2.619,1.25,4.0278,2.6323,medium
Queensland,2021-12-11,2.619,1.25,4.0278,2.6323,medium
Queensland,2021-12-12,2.619,1.25,4.0278,2.6323,medium
Queensland,2021-12-13,2.619,1.25,4.0278,2.6323,medium
Queensland,2021-12-14,2.619,1.25,4.0278,2.6323,medium
Queensland,2021-12-15,2.619,1.25,4.0278,2.6323,medium
Queensland,2021-12-16,2.2619,1.25,4.0278,2.5132,medium
Queensland,2021-12-17,2.2619,1.25,4.0278,2.5132,medium
Queensland,2021-12-18,2.2619,2.5,3.6111,2.791,medium
Queensland,2021-12-19,2.2619,2.5,3.6111,2.791,medium
Queensland,2021-12-20,2.2619,2.5,3.6111,2.791,medium
Queensland,2021-12-21,2.2619,2.5,3.6111,2.791,medium
Queensland,2021-12-22,2.2619,2.5,3.6111,2.791,medium
Queensland,2021-12-23,2.2619,2.5,3.6111,2.791,medium
Queensland,2021-12-24,2.2619,2.5,3.6111,2.791,medium
Queensland,2021-12-25,2.2619,2.5,3.6111,2.791,medium
Queensland,2021-12-26,2.2619,2.5,3.6111,2.791,medium
Queensland,2021-12-27,2.2619,2.5,3.6111,2.791,medium
Queensland,2021-12-28,2.2619,2.5,3.6111,2.791,medium
Queensland,2021-12-29,2.2619,2.5,4.3056,3.0225,medium
Queensland,2021-12-30,2.2619,2.5,4.3056,3.0225,medium
Queensland,2021-12-31,2.2619,2.5,3.8889,2.8836,medium
Queensland,2022-01-01,2.2619,2.5,3.8889,2.8836,medium
Queensland,2022-01-02,2.2619,2.5,3.8889,2.8836,medium
Queensland,2022-01-03,2.2619,2.5,3.8889,2.8836,medium
Queensland,2022-01-04,2.2619,2.5,3.8889,2.8836,medium
Queensland,2022-01-05,2.2619,2.5,3.8889,2.8836,medium
Queensland,2022-01-06,1.6667,2.5,3.8889,2.6852,medium
Queensland,2022-01-07,1.6667,2.5,3.8889,2.6852,medium
Queensland,2022-01-08,1.6667,2.5,3.8889,2.6852,medium
Queensland,2022-01-09,1.6667,2.5,3.8889,2.6852,medium
Queensland,2022-01-10,1.6667,2.5,3.8889,2.6852,medium
Queensland,2022-01-11,1.6667,2.5,3.8889,2.6852,medium
Queensland,2022-01-12,1.6667,2.5,3.8889,2.6852,medium
Queensland,2022-01-13,1.6667,2.5,3.8889,2.6852,medium
Queensland,2022-01-14,0.9524,2.5,4.0972,2.5165,medium
Queensland,2022-01-15,0.9524,2.5,4.0972,2.5165,medium
Queensland,2022-01-16,0.9524,2.5,4.0972,2.5165,medium
Queensland,2022-01-17,0.9524,2.5,4.0972,2.5165,medium
Queensland,2022-01-18,0.9524,2.5,4.0972,2.5165,medium
Queensland,2022-01-19,0.9524,2.5,4.0972,2.5165,medium
Queensland,2022-01-20,0.9524,2.5,4.0972,2.5165,medium
Queensland,2022-01-21,0.9524,2.5,4.0972,2.5165,medium
Queensland,2022-01-22,0.9524,2.5,3.8889,2.4471,medium
Queensland,2022-01-23,0.9524,2.5,3.8889,2.4471,medium
Queensland,2022-01-24,0.9524,2.5,3.8889,2.4471,medium
Queensland,2022-01-25,0.9524,2.5,3.8889,2.4471,medium
Queensland,2022-01-26,0.9524,2.5,3.8889,2.4471,medium
Queensland,2022-01-27,0.9524,2.5,3.8889,2.4471,medium
Queensland,2022-01-28,0.9524,2.5,3.8889,2.4471,medium
Queensland,2022-01-29,0.9524,2.5,3.8889,2.4471,medium
Queensland,2022-01-30,1.6667,2.5,3.6111,2.5926,medium
Queensland,2022-01-31,1.6667,2.5,3.6111,2.5926,medium
Queensland,2022-02-01,1.6667,2.5,3.6111,2.5926,medium
Queensland,2022-02-02,1.6667,2.5,3.6111,2.5926,medium
Queensland,2022-02-03,1.6667,2.5,3.6111,2.5926,medium
Queensland,2022-02-04,1.6667,2.5,3.6111,2.5926,medium
Queensland,2022-02-05,1.6667,2.5,3.6111,2.5926,medium
Queensland,2022-02-06,1.6667,2.5,3.8194,2.662,medium
Queensland,2022-02-07,1.1905,2.5,3.8194,2.5033,medium
Queensland,2022-02-08,1.1905,2.5,3.8194,2.5033,medium
Queensland,2022-02-09,1.1905,2.5,3.8194,2.5033,medium
Queensland,2022-02-10,1.1905,2.5,3.8194,2.5033,medium
Queensland,2022-02-11,1.1905,2.5,3.8194,2.5033,medium
Queensland,2022-02-12,1.1905,2.5,3.8194,2.5033,medium
Queensland,2022-02-13,1.1905,2.5,3.8194,2.5033,medium
Queensland,2022-02-14,1.1905,2.5,3.8194,2.5033,medium
Queensland,2022-02-15,1.1905,2.5,3.8194,2.5033,medium
Queensland,2022-02-16,1.1905,2.5,3.8194,2.5033,medium
Queensland,2022-02-17,1.1905,2.5,3.8194,2.5033,medium
Queensland,2022-02-18,1.1905,2.5,3.8194,2.5033,medium
Queensland,2022-02-19,1.1905,2.5,3.8194,2.5033,medium
Queensland,2022-02-20,1.1905,2.5,3.8194,2.5033,medium
Queensland,2022-02-21,1.1905,2.5,3.8194,2.5033,medium
Queensland,2022-02-22,1.1905,2.5,3.8194,2.5033,medium
Queensland,2022-02-23,1.1905,2.5,3.8194,2.5033,medium
Queensland,2022-02-24,1.1905,2.5,3.8194,2.5033,medium
Queensland,2022-02-25,1.1905,2.5,3.8194,2.5033,medium
Queensland,2022-02-26,1.1905,2.5,3.8194,2.5033,medium
Queensland,2022-02-27,1.1905,2.5,3.8194,2.5033,medium
Queensland,2022-02-28,1.1905,2.5,3.8194,2.5033,medium
Queensland,2022-03-01,1.1905,2.5,3.8194,2.5033,medium
Queensland,2022-03-02,1.1905,2.5,3.8194,2.5033,medium
Queensland,2022-03-03,1.1905,2.5,3.8194,2.5033,medium
Queensland,2022-03-04,0.6548,2.5,3.6111,2.2553,low
Queensland,2022-03-05,0.6548,2.5,3.6111,2.2553,low
Queensland,2022-03-06,0.6548,2.5,3.6111,2.2553,low
Queensland,2022-03-07,0.6548,2.5,3.6111,2.2553,low
Queensland,2022-03-08,0.6548,2.5,3.6111,2.2553,low
Queensland,2022-03-09,0.6548,2.5,3.6111,2.2553,low
Queensland,2022-03-10,0.6548,2.5,3.6111,2.2553,low
Queensland,2022-03-11,0.6548,2.5,3.6111,2.2553,low
Queensland,2022-03-12,0.6548,2.5,3.6111,2.2553,low
Queensland,2022-03-13,0.6548,2.5,3.6111,2.2553,low
Queensland,2022-03-14,0.6548,2.5,3.6111,2.2553,low
Queensland,2022-03-15,0.6548,2.5,3.6111,2.2553,low
Queensland,2022-03-16,0.6548,2.5,3.6111,2.2553,low
Queensland,2022-03-17,0.6548,2.5,3.6111,2.2553,low
Queensland,2022-03-18,0.6548,2.5,3.6111,2.2553,low
Queensland,2022-03-19,0.6548,2.5,3.6111,2.2553,low
Queensland,2022-03-20,0.6548,2.5,3.6111,2.2553,low
Queensland,2022-03-21,0.6548,2.5,3.6111,2.2553,low
Queensland,2022-03-22,0.6548,2.5,3.6111,2.2553,low
Queensland,2022-03-23,0.6548,2.5,3.6111,2.2553,low
Queensland,2022-03-24,0.6548,2.5,3.6111,2.2553,low
Queensland,2022-03-25,0.6548,2.5,3.6111,2.2553,low
Queensland,2022-03-26,0.6548,2.5,3.6111,2.2553,low
Queensland,2022-03-27,0.6548,2.5,3.6111,2.2553,low
Queensland,2022-03-28,0.6548,2.5,3.6111,2.2553,low
Queensland,2022-03-29,0.6548,2.5,3.6111,2.2553,low
Queensland,2022-03-30,0.6548,2.5,3.6111,2.2553,low
Queensland,2022-03-31,0.6548,2.5,3.6111,2.2553,low
Queensland,2022-04-01,0.6548,2.5,3.6111,2.2553,low
Queensland,2022-04-02,0.6548,2.5,3.6111,2.2553,low
Queensland,2022-04-03,0.6548,2.5,3.6111,2.2553,low
Queensland,2022-04-04,0.6548,2.5,3.6111,2.2553,low
Queensland,2022-04-05,1.0119,2.5,3.6111,2.3743,medium
Queensland,2022-04-06,1.0119,2.5,3.6111,2.3743,medium
Queensland,2022-04-07,1.0119,2.5,3.6111,2.3743,medium
Queensland,2022-04-08,1.0119,2.5,3.6111,2.3743,medium
Queensland,2022-04-09,1.0119,2.5,3.6111,2.3743,medium
Queensland,2022-04-10,1.0119,2.5,3.6111,2.3743,medium
Queensland,2022-04-11,1.0119,2.5,3.6111,2.3743,medium
Queensland,2022-04-12,0.6548,3.75,3.6111,2.672,medium
Queensland,2022-04-13,0.6548,3.75,3.6111,2.672,medium
Queensland,2022-04-14,0.4167,3.75,3.6111,2.5926,medium
Queensland,2022-04-15,0.4167,3.75,3.6111,2.5926,medium
Queensland,2022-04-16,0.4167,3.75,3.6111,2.5926,medium
Queensland,2022-04-17,0.4167,3.75,3.6111,2.5926,medium
Queensland,2022-04-18,0.4167,3.75,3.6111,2.5926,medium
Queensland,2022-04-19,0.4167,3.75,3.6111,2.5926,medium
Queensland,2022-04-20,0.7738,2.5,3.6111,2.295,medium
Queensland,2022-04-21,0.7738,2.5,3.6111,2.295,medium
Queensland,2022-04-22,0.7738,2.5,3.6111,2.295,medium
Queensland,2022-04-23,0.7738,2.5,3.6111,2.295,medium
Queensland,2022-04-24,0.7738,2.5,3.6111,2.295,medium
Queensland,2022-04-25,0.7738,2.5,3.6111,2.295,medium
Queensland,2022-04-26,0.7738,2.5,3.6111,2.295,medium
Queensland,2022-04-27,0.7738,2.5,3.6111,2.295,medium
Queensland,2022-04-28,0.4167,3.75,3.6111,2.5926,medium
Queensland,2022-04-29,0.4167,3.75,3.6111,2.5926,medium
Queensland,2022-04-30,0.4167,3.75,3.6111,2.5926,medium
Queensland,2022-05-01,0.4167,2.5,3.6111,2.1759,low
Queensland,2022-05-02,0.4167,2.5,3.6111,2.1759,low
Queensland,2022-05-03,0.4167,2.5,3.6111,2.1759,low
Queensland,2022-05-04,0.4167,2.5,3.6111,2.1759,low
Queensland,2022-05-05,0.4167,1.25,3.8889,1.8519,low
Queensland,2022-05-06,0.4167,1.25,3.8889,1.8519,low
Queensland,2022-05-07,0.4167,1.25,3.8889,1.8519,low
Queensland,2022-05-08,0.4167,1.25,3.8889,1.8519,low
Queensland,2022-05-09,0.4167,1.25,3.8889,1.8519,low
Queensland,2022-05-10,0.4167,1.25,3.8889,1.8519,low
Queensland,2022-05-11,0.4167,1.25,3.8889,1.8519,low
Queensland,2022-05-12,0.4167,2.5,3.6111,2.1759,low
Queensland,2022-05-13,0.4167,2.5,3.6111,2.1759,low
Queensland,2022-05-14,0.4167,2.5,3.6111,2.1759,low
Queensland,2022-05-15,0.4167,2.5,3.6111,2.1759,low
Queensland,2022-05-16,0.4167,2.5,3.6111,2.1759,low
Queensland,2022-05-17,0.4167,2.5,3.6111,2.1759,low
Queensland,2022-05-18,0.4167,2.5,3.6111,2.1759,low
Queensland,2022-05-19,0.4167,2.5,3.6111,2.1759,low
Queensland,2022-05-20,0.4167,2.5,3.6111,2.1759,low
Queensland,2022-05-21,0.4167,2.5,3.6111,2.1759,low
Queensland,2022-05-22,0.4167,2.5,3.6111,2.1759,low
Queensland,2022-05-23,0.4167,2.5,3.6111,2.1759,low
Queensland,2022-05-24,0.4167,2.5,3.6111,2.1759,low
Queensland,2022-05-25,0.4167,2.5,3.6111,2.1759,low
Queensland,2022-05-26,0.4167,2.5,3.6111,2.1759,low
Queensland,2022-05-27,0.4167,2.5,3.6111,2.1759,low
Queensland,2022-05-28,0.4167,2.5,3.6111,2.1759,low
Queensland,2022-05-29,0.4167,2.5,3.6111,2.1759,low
Queensland,2022-05-30,0.4167,2.5,3.6111,2.1759,low
Queensland,2022-05-31,0.4167,2.5,3.6111,2.1759,low
Queensland,2022-06-01,0.4167,2.5,3.6111,2.1759,low
Queensland,2022-06-02,0.4167,2.5,3.6111,2.1759,low
Queensland,2022-06-03,0.4167,2.5,3.6111,2.1759,low
Queensland,2022-06-04,0.4167,2.5,3.6111,2.1759,low
Queensland,2022-06-05,0.4167,2.5,3.6111,2.1759,low
Queensland,2022-06-06,0.4167,2.5,3.6111,2.1759,low
Queensland,2022-06-07,0.4167,2.5,3.6111,2.1759,low
Queensland,2022-06-08,0.4167,2.5,3.6111,2.1759,low
Queensland,2022-06-09,0.4167,2.5,3.6111,2.1759,low
Queensland,2022-06-10,1.0119,2.5,3.6111,2.3743,medium
Queensland,2022-06-11,1.0119,2.5,3.6111,2.3743,medium
Queensland,2022-06-12,1.0119,2.5,3.6111,2.3743,medium
Queensland,2022-06-13,1.0119,2.5,3.6111,2.3743,medium
Queensland,2022-06-14,1.0119,2.5,3.6111,2.3743,medium
Queensland,2022-06-15,1.0119,2.5,3.6111,2.3743,medium
Queensland,2022-06-16,1.0119,2.5,3.6111,2.3743,medium
Queensland,2022-06-17,0.4167,2.5,3.6111,2.1759,low
Queensland,2022-06-18,0.4167,2.5,3.6111,2.1759,low
Queensland,2022-06-19,0.4167,2.5,3.6111,2.1759,low
Queensland,2022-06-20,0.4167,2.5,3.6111,2.1759,low
Queensland,2022-06-21,0.4167,2.5,3.6111,2.1759,low
Queensland,2022-06-22,0.4167,2.5,3.6111,2.1759,low
Queensland,2022-06-23,0.4167,2.5,3.6111,2.1759,low
Queensland,2022-06-24,0.4167,2.5,3.6111,2.1759,low
Queensland,2022-06-25,0.4167,2.5,3.6111,2.1759,low
Queensland,2022-06-26,0.4167,2.5,3.6111,2.1759,low
Queensland,2022-06-27,0.4167,2.5,3.6111,2.1759,low
Queensland,2022-06-28,0.4167,2.5,3.6111,2.1759,low
Queensland,2022-06-29,0.4167,2.5,3.6111,2.1759,low
Queensland,2022-06-30,0.4167,2.5,3.6111,2.1759,low
Queensland,2022-07-01,0.6548,2.5,3.0556,2.0701,low
Queensland,2022-07-02,0.6548,2.5,3.0556,2.0701,low
Queensland,2022-07-03,0.6548,2.5,3.0556,2.0701,low
Queensland,2022-07-04,0.6548,2.5,3.0556,2.0701,low
Queensland,2022-07-05,0.6548,2.5,3.0556,2.0701,low
Queensland,2022-07-06,0.6548,2.5,3.0556,2.0701,low
Queensland,2022-07-07,0.6548,2.5,3.0556,2.0701,low
Queensland,2022-07-08,0.4762,2.5,3.0556,2.0106,low
Queensland,2022-07-09,0.4762,2.5,3.0556,2.0106,low
Queensland,2022-07-10,0.4762,2.5,3.0556,2.0106,low
Queensland,2022-07-11,0.4762,2.5,3.0556,2.0106,low
Queensland,2022-07-12,0.4762,2.5,3.0556,2.0106,low
Queensland,2022-07-13,0.4762,2.5,3.0556,2.0106,low
Queensland,2022-07-14,0.4762,2.5,3.0556,2.0106,low
Queensland,2022-07-15,0.6548,2.5,3.0556,2.0701,low
Queensland,2022-07-16,0.6548,2.5,3.0556,2.0701,low
Queensland,2022-07-17,0.6548,2.5,3.0556,2.0701,low
Queensland,2022-07-18,0.6548,2.5,3.0556,2.0701,low
Queensland,2022-07-19,0.6548,2.5,3.0556,2.0701,low
Queensland,2022-07-20,0.6548,2.5,3.0556,2.0701,low
Queensland,2022-07-21,0.6548,2.5,3.0556,2.0701,low
Queensland,2022-07-22,0.4762,2.5,3.6111,2.1958,low
Queensland,2022-07-23,0.4762,2.5,3.6111,2.1958,low
Queensland,2022-07-24,0.4762,2.5,3.6111,2.1958,low
Queensland,2022-07-25,0.4762,2.5,3.6111,2.1958,low
Queensland,2022-07-26,0.4762,2.5,3.6111,2.1958,low
Queensland,2022-07-27,0.4762,2.5,3.6111,2.1958,low
Queensland,2022-07-28,0.4762,2.5,3.6111,2.1958,low
Queensland,2022-07-29,0.4762,2.5,3.4028,2.1263,low
Queensland,2022-07-30,0.4762,2.5,3.4028,2.1263,low
Queensland,2022-07-31,0.4762,2.5,3.4028,2.1263,low
Queensland,2022-08-01,0.4762,2.5,3.4028,2.1263,low
Queensland,2022-08-02,0.4762,2.5,3.4028,2.1263,low
Queensland,2022-08-03,0.4762,2.5,3.4028,2.1263,low
Queensland,2022-08-04,0.4762,2.5,3.4028,2.1263,low
Queensland,2022-08-05,0.4762,2.5,3.4028,2.1263,low
Queensland,2022-08-06,0.4762,2.5,3.6111,2.1958,low
Queensland,2022-08-07,0.4762,2.5,3.6111,2.1958,low
Queensland,2022-08-08,0.4762,2.5,3.6111,2.1958,low
Queensland,2022-08-09,0.4762,2.5,3.6111,2.1958,low
Queensland,2022-08-10,0.4762,2.5,3.6111,2.1958,low
Queensland,2022-08-11,0.4762,2.5,3.6111,2.1958,low
Queensland,2022-08-12,0.4762,2.5,3.6111,2.1958,low
Queensland,2022-08-13,0.4762,2.5,4.0278,2.3347,medium
Queensland,2022-08-14,0.4762,2.5,4.0278,2.3347,medium
Queensland,2022-08-15,0.4762,2.5,4.0278,2.3347,medium
Queensland,2022-08-16,0.4762,2.5,4.0278,2.3347,medium
Queensland,2022-08-17,0.4762,2.5,4.0278,2.3347,medium
Queensland,2022-08-18,0.4762,2.5,4.0278,2.3347,medium
Queensland,2022-08-19,0.4762,2.5,4.0278,2.3347,medium
Queensland,2022-08-20,0.4762,2.5,4.0278,2.3347,medium
Queensland,2022-08-21,0.4762,2.5,4.0278,2.3347,medium
Queensland,2022-08-22,0.4762,2.5,4.0278,2.3347,medium
Queensland,2022-08-23,0.4762,2.5,4.0278,2.3347,medium
Queensland,2022-08-24,0.4762,2.5,4.0278,2.3347,medium
Queensland,2022-08-25,0.4762,2.5,4.0278,2.3347,medium
Queensland,2022-08-26,0.4762,2.5,4.0278,2.3347,medium
Queensland,2022-08-27,0.4762,2.5,4.0278,2.3347,medium
Queensland,2022-08-28,0.4762,2.5,4.0278,2.3347,medium
Queensland,2022-08-29,0.4762,2.5,4.0278,2.3347,medium
Queensland,2022-08-30,0.4762,2.5,4.0278,2.3347,medium
Queensland,2022-08-31,0.4762,2.5,4.0278,2.3347,medium
Queensland,2022-09-01,0.4762,2.5,4.0278,2.3347,medium
Queensland,2022-09-02,0.4762,2.5,4.0278,2.3347,medium
Queensland,2022-09-03,0.4762,2.5,4.0278,2.3347,medium
Queensland,2022-09-04,0.4762,2.5,4.0278,2.3347,medium
Queensland,2022-09-05,0.4762,2.5,4.0278,2.3347,medium
Queensland,2022-09-06,0.4762,2.5,4.0278,2.3347,medium
Queensland,2022-09-07,0.4762,2.5,4.0278,2.3347,medium
Queensland,2022-09-08,0.4762,2.5,4.0278,2.3347,medium
Queensland,2022-09-09,0.4762,2.5,4.0278,2.3347,medium
Queensland,2022-09-10,0.4762,2.5,4.0278,2.3347,medium
Queensland,2022-09-11,0.4762,2.5,3.6111,2.1958,low
Queensland,2022-09-12,0.4762,2.5,3.6111,2.1958,low
Queensland,2022-09-13,0.4762,2.5,3.6111,2.1958,low
Queensland,2022-09-14,0.4762,2.5,3.6111,2.1958,low
Queensland,2022-09-15,0.4762,2.5,3.6111,2.1958,low
Queensland,2022-09-16,0.4762,2.5,3.6111,2.1958,low
Queensland,2022-09-17,0.4762,2.5,3.6111,2.1958,low
Queensland,2022-09-18,0.4762,2.5,3.6111,2.1958,low
Queensland,2022-09-19,0.4762,2.5,3.6111,2.1958,low
Queensland,2022-09-20,0.4762,2.5,3.6111,2.1958,low
Queensland,2022-09-21,0.4762,2.5,3.6111,2.1958,low
Queensland,2022-09-22,0.4762,2.5,3.6111,2.1958,low
Queensland,2022-09-23,0.4762,2.5,3.6111,2.1958,low
Queensland,2022-09-24,0.4762,2.5,3.6111,2.1958,low
Queensland,2022-09-25,0.4762,2.5,3.6111,2.1958,low
Queensland,2022-09-26,0.4762,2.5,3.6111,2.1958,low
Queensland,2022-09-27,0.4762,2.5,3.6111,2.1958,low
Queensland,2022-09-28,0.4762,2.5,3.6111,2.1958,low
Queensland,2022-09-29,0.4762,2.5,3.6111,2.1958,low
Queensland,2022-09-30,0.4762,2.5,3.6111,2.1958,low
Queensland,2022-10-01,0.4762,2.5,3.6111,2.1958,low
Queensland,2022-10-02,0.4762,2.5,3.6111,2.1958,low
Queensland,2022-10-03,0.4762,2.5,3.6111,2.1958,low
Queensland,2022-10-04,0.4762,2.5,3.6111,2.1958,low
Queensland,2022-10-05,0.4762,2.5,3.6111,2.1958,low
Queensland,2022-10-06,0.4762,2.5,3.6111,2.1958,low
Queensland,2022-10-07,0.4762,2.5,3.6111,2.1958,low
Queensland,2022-10-08,0.4762,2.5,3.6111,2.1958,low
Queensland,2022-10-09,0.4762,2.5,3.6111,2.1958,low
Queensland,2022-10-10,0.4762,2.5,3.6111,2.1958,low
Queensland,2022-10-11,0.4762,2.5,3.6111,2.1958,low
Queensland,2022-10-12,0.4762,2.5,3.6111,2.1958,low
Queensland,2022-10-13,0.4762,2.5,3.6111,2.1958,low
Queensland,2022-10-14,0.4762,2.5,3.6111,2.1958,low
Queensland,2022-10-15,0.4762,1.25,3.6111,1.7791,low
Queensland,2022-10-16,0.4762,1.25,3.6111,1.7791,low
Queensland,2022-10-17,0.4762,1.25,3.6111,1.7791,low
Queensland,2022-10-18,0.4762,1.25,3.6111,1.7791,low
Queensland,2022-10-19,0.4762,1.25,3.6111,1.7791,low
Queensland,2022-10-20,0.4762,1.25,3.6111,1.7791,low
Queensland,2022-10-21,0.4762,1.25,3.6111,1.7791,low
Queensland,2022-10-22,0.4762,1.25,3.6111,1.7791,low
Queensland,2022-10-23,0.4762,1.25,3.6111,1.7791,low
Queensland,2022-10-24,0.4762,1.25,3.6111,1.7791,low
Queensland,2022-10-25,0.4762,1.25,3.6111,1.7791,low
Queensland,2022-10-26,0.4762,1.25,3.6111,1.7791,low
Queensland,2022-10-27,0.4762,1.25,3.6111,1.7791,low
Queensland,2022-10-28,0.4762,1.25,3.6111,1.7791,low
Queensland,2022-10-29,0.4762,1.25,3.6111,1.7791,low
Queensland,2022-10-30,0.4762,1.25,3.6111,1.7791,low
Queensland,2022-10-31,0.4762,1.25,3.4028,1.7097,low
Queensland,2022-11-01,0.4762,1.25,3.4028,1.7097,low
Queensland,2022-11-02,0.4762,1.25,3.4028,1.7097,low
Queensland,2022-11-03,0.4762,1.25,3.4028,1.7097,low
Queensland,2022-11-04,0.4762,1.25,3.4028,1.7097,low
Queensland,2022-11-05,0.4762,1.25,3.4028,1.7097,low
Queensland,2022-11-06,0.4762,1.25,3.4028,1.7097,low
Queensland,2022-11-07,0.4762,1.25,3.4028,1.7097,low
Queensland,2022-11-08,0.4762,1.25,3.4028,1.7097,low
Queensland,2022-11-09,0.4762,1.25,3.4028,1.7097,low
Queensland,2022-11-10,0.4762,1.25,3.4028,1.7097,low
Queensland,2022-11-11,0.4762,1.25,3.4028,1.7097,low
Queensland,2022-11-12,0.4762,1.25,3.4028,1.7097,low
Queensland,2022-11-13,0.4762,1.25,3.4028,1.7097,low
Queensland,2022-11-14,0.4762,1.25,3.4028,1.7097,low
Queensland,2022-11-15,0.4762,1.25,3.4028,1.7097,low
Queensland,2022-11-16,0.4762,1.25,3.4028,1.7097,low
Queensland,2022-11-17,0.4762,1.25,3.4028,1.7097,low
Queensland,2022-11-18,0.4762,1.25,3.4028,1.7097,low
Queensland,2022-11-19,0.4762,1.25,3.4028,1.7097,low
Queensland,2022-11-20,0.4762,1.25,3.4028,1.7097,low
Queensland,2022-11-21,0.4762,1.25,3.4028,1.7097,low
Queensland,2022-11-22,0.4762,1.25,3.4028,1.7097,low
Queensland,2022-11-23,0.4762,1.25,3.4028,1.7097,low
Queensland,2022-11-24,0.4762,1.25,3.4028,1.7097,low
Queensland,2022-11-25,0.4762,1.25,3.4028,1.7097,low
Queensland,2022-11-26,0.4762,1.25,3.4028,1.7097,low
Queensland,2022-11-27,0.4762,1.25,3.4028,1.7097,low
Queensland,2022-11-28,0.4762,1.25,3.4028,1.7097,low
Queensland,2022-11-29,0.4762,1.25,3.4028,1.7097,low
Queensland,2022-11-30,0.4762,1.25,3.4028,1.7097,low
Queensland,2022-12-01,0.4762,0.0,3.4028,1.293,low
Queensland,2022-12-02,0.4762,0.0,3.4028,1.293,low
Queensland,2022-12-03,0.4762,0.0,3.4028,1.293,low
Queensland,2022-12-04,0.4762,0.0,3.4028,1.293,low
Queensland,2022-12-05,0.4762,0.0,3.4028,1.293,low
Queensland,2022-12-06,0.4762,0.0,3.4028,1.293,low
Queensland,2022-12-07,0.4762,0.0,3.4028,1.293,low
Queensland,2022-12-08,0.4762,0.0,3.4028,1.293,low
Queensland,2022-12-09,0.2381,0.0,3.4028,1.2136,low
Queensland,2022-12-10,0.2381,0.0,3.4028,1.2136,low
Queensland,2022-12-11,0.2381,0.0,3.4028,1.2136,low
Queensland,2022-12-12,0.2381,0.0,3.4028,1.2136,low
Queensland,2022-12-13,0.2381,0.0,3.4028,1.2136,low
Queensland,2022-12-14,0.2381,0.0,3.4028,1.2136,low
Queensland,2022-12-15,0.2381,0.0,3.4028,1.2136,low
Queensland,2022-12-16,0.2381,0.0,3.4028,1.2136,low
Queensland,2022-12-17,0.2381,0.0,3.4028,1.2136,low
Queensland,2022-12-18,0.2381,0.0,3.4028,1.2136,low
Queensland,2022-12-19,0.2381,0.0,3.4028,1.2136,low
Queensland,2022-12-20,0.2381,0.0,3.4028,1.2136,low
Queensland,2022-12-21,0.2381,0.0,3.4028,1.2136,low
Queensland,2022-12-22,0.2381,0.0,3.4028,1.2136,low
Queensland,2022-12-23,0.2381,0.0,3.4028,1.2136,low
Queensland,2022-12-24,0.2381,0.0,3.4028,1.2136,low
Queensland,2022-12-25,0.2381,0.0,3.4028,1.2136,low
Queensland,2022-12-26,0.2381,0.0,3.4028,1.2136,low
Queensland,2022-12-27,0.2381,0.0,3.4028,1.2136,low
Queensland,2022-12-28,0.2381,0.0,3.4028,1.2136,low
Queensland,2022-12-29,0.2381,0.0,3.4028,1.2136,low
Queensland,2022-12-30,0.2381,0.0,3.4028,1.2136,low
Queensland,2022-12-31,0.2381,0.0,3.4028,1.2136,low
South Australia,2020-01-01,0.0,0.0,0.0,0.0,low
South Australia,2020-01-02,0.0,0.0,0.0,0.0,low
South Australia,2020-01-03,0.0,0.0,0.0,0.0,low
South Australia,2020-01-04,0.0,0.0,0.0,0.0,low
South Australia,2020-01-05,0.0,0.0,0.0,0.0,low
South Australia,2020-01-06,0.0,0.0,0.0,0.0,low
South Australia,2020-01-07,0.0,0.0,0.0,0.0,low
South Australia,2020-01-08,0.0,0.0,0.0,0.0,low
South Australia,2020-01-09,0.0,0.0,0.0,0.0,low
South Australia,2020-01-10,0.0,0.0,0.0,0.0,low
South Australia,2020-01-11,0.0,0.0,0.0,0.0,low
South Australia,2020-01-12,0.0,0.0,0.0,0.0,low
South Australia,2020-01-13,0.0,0.0,0.0,0.0,low
South Australia,2020-01-14,0.0,0.0,0.0,0.0,low
South Australia,2020-01-15,0.0,0.0,0.0,0.0,low
South Australia,2020-01-16,0.0,0.0,0.0,0.0,low
South Australia,2020-01-17,0.0,0.0,0.0,0.0,low
South Australia,2020-01-18,0.0,0.0,0.0,0.0,low
South Australia,2020-01-19,0.0,0.0,0.0,0.0,low
South Australia,2020-01-20,0.0,0.0,0.0,0.0,low
South Australia,2020-01-21,0.0,0.0,0.0,0.0,low
South Australia,2020-01-22,0.0,0.0,0.0,0.0,low
South Australia,2020-01-23,0.0,0.0,0.0,0.0,low
South Australia,2020-01-24,0.0,0.0,0.0,0.0,low
South Australia,2020-01-25,0.0,0.0,0.0,0.0,low
South Australia,2020-01-26,0.0,0.0,0.0,0.0,low
South Australia,2020-01-27,0.0,0.0,0.0,0.0,low
South Australia,2020-01-28,0.0,0.0,0.0,0.0,low
South Australia,2020-01-29,0.0,0.0,0.0,0.0,low
South Australia,2020-01-30,0.0,0.0,0.0,0.0,low
South Australia,2020-01-31,0.0,0.0,0.0,0.0,low
South Australia,2020-02-01,0.5357,0.0,0.0,0.1786,low
South Australia,2020-02-02,0.5357,0.0,0.0,0.1786,low
South Australia,2020-02-03,0.5357,0.0,0.0,0.1786,low
South Australia,2020-02-04,0.5357,0.0,0.0,0.1786,low
South Australia,2020-02-05,0.5357,0.0,0.0,0.1786,low
South Australia,2020-02-06,0.5357,0.0,0.0,0.1786,low
South Australia,2020-02-07,0.5357,0.0,0.0,0.1786,low
South Australia,2020-02-08,0.5357,0.0,0.0,0.1786,low
South Australia,2020-02-09,0.5357,0.0,0.0,0.1786,low
South Australia,2020-02-10,0.5357,0.0,0.0,0.1786,low
South Australia,2020-02-11,0.5357,0.0,0.0,0.1786,low
South Australia,2020-02-12,0.5357,0.0,0.0,0.1786,low
South Australia,2020-02-13,0.5357,0.0,0.0,0.1786,low
South Australia,2020-02-14,0.5357,0.0,0.0,0.1786,low
South Australia,2020-02-15,0.5357,0.0,0.0,0.1786,low
South Australia,2020-02-16,0.5357,0.0,0.0,0.1786,low
South Australia,2020-02-17,0.5357,0.0,0.0,0.1786,low
South Australia,2020-02-18,0.5357,0.0,0.0,0.1786,low
South Australia,2020-02-19,0.5357,0.0,0.0,0.1786,low
South Australia,2020-02-20,0.5357,0.0,0.0,0.1786,low
South Australia,2020-02-21,0.5357,0.0,0.0,0.1786,low
South Australia,2020-02-22,0.5357,0.0,0.0,0.1786,low
South Australia,2020-02-23,0.5357,0.0,0.0,0.1786,low
South Australia,2020-02-24,0.5357,0.0,0.0,0.1786,low
South Australia,2020-02-25,0.5357,0.0,0.0,0.1786,low
South Australia,2020-02-26,0.5357,0.0,0.0,0.1786,low
South Australia,2020-02-27,0.5357,0.0,0.0,0.1786,low
South Australia,2020-02-28,0.5357,0.0,0.0,0.1786,low
South Australia,2020-02-29,0.5357,0.0,0.0,0.1786,low
South Australia,2020-03-01,0.5357,0.0,1.5278,0.6878,low
South Australia,2020-03-02,0.5357,0.0,1.5278,0.6878,low
South Australia,2020-03-03,0.5357,0.0,1.5278,0.6878,low
South Australia,2020-03-04,0.5357,0.0,1.5278,0.6878,low
South Australia,2020-03-05,0.5357,0.0,1.5278,0.6878,low
South Australia,2020-03-06,0.5357,0.0,1.5278,0.6878,low
South Australia,2020-03-07,0.5357,0.0,1.5278,0.6878,low
South Australia,2020-03-08,0.5357,0.0,1.5278,0.6878,low
South Australia,2020-03-09,0.5357,0.0,1.5278,0.6878,low
South Australia,2020-03-10,0.5357,0.0,1.5278,0.6878,low
South Australia,2020-03-11,0.5357,0.0,1.5278,0.6878,low
South Australia,2020-03-12,0.5357,0.0,1.5278,0.6878,low
South Australia,2020-03-13,1.0119,0.0,1.5278,0.8466,low
South Australia,2020-03-14,1.0119,0.0,1.5278,0.8466,low
South Australia,2020-03-15,1.5476,0.0,1.5278,1.0251,low
South Australia,2020-03-16,1.5476,0.0,1.5278,1.0251,low
South Australia,2020-03-17,1.5476,0.0,2.0833,1.2103,low
South Australia,2020-03-18,1.5476,0.0,2.0833,1.2103,low
South Australia,2020-03-19,1.5476,0.0,2.0833,1.2103,low
South Australia,2020-03-20,1.7262,0.0,2.0833,1.2698,low
South Australia,2020-03-21,1.7262,0.0,2.0833,1.2698,low
South Australia,2020-03-22,1.7262,0.0,2.0833,1.2698,low
South Australia,2020-03-23,2.2024,0.0,2.0833,1.4286,low
South Australia,2020-03-24,2.9167,0.0,2.0833,1.6667,low
South Australia,2020-03-25,2.9167,1.25,2.0833,2.0833,low
South Australia,2020-03-26,3.3333,1.25,2.0833,2.2222,low
South Australia,2020-03-27,3.3333,1.25,2.0833,2.2222,low
South Australia,2020-03-28,3.3333,1.25,2.0833,2.2222,low
South Australia,2020-03-29,3.8095,1.25,2.0833,2.3809,medium
South Australia,2020-03-30,4.0476,3.75,2.0833,3.2936,high
South Australia,2020-03-31,3.8095,3.75,2.0833,3.2143,high
South Australia,2020-04-01,3.8095,3.75,2.0833,3.2143,high
South Australia,2020-04-02,3.8095,3.75,2.0833,3.2143,high
South Australia,2020-04-03,4.1667,3.75,2.0833,3.3333,high
South Australia,2020-04-04,4.1667,3.75,2.0833,3.3333,high
South Australia,2020-04-05,4.1667,3.75,2.0833,3.3333,high
South Australia,2020-04-06,4.1667,3.75,2.0833,3.3333,high
South Australia,2020-04-07,4.1667,3.75,2.0833,3.3333,high
South Australia,2020-04-08,4.1667,3.75,2.0833,3.3333,high
South Australia,2020-04-09,4.1667,3.75,2.0833,3.3333,high
South Australia,2020-04-10,4.1667,3.75,2.0833,3.3333,high
South Australia,2020-04-11,4.1667,3.75,2.0833,3.3333,high
South Australia,2020-04-12,4.1667,3.75,2.0833,3.3333,high
South Australia,2020-04-13,4.1667,3.75,2.0833,3.3333,high
South Australia,2020-04-14,4.1667,3.75,2.0833,3.3333,high
South Australia,2020-04-15,4.1667,3.75,2.0833,3.3333,high
South Australia,2020-04-16,4.1667,3.75,2.3611,3.4259,high
South Australia,2020-04-17,4.1667,3.75,2.3611,3.4259,high
South Australia,2020-04-18,4.1667,3.75,2.3611,3.4259,high
South Australia,2020-04-19,4.1667,3.75,2.3611,3.4259,high
South Australia,2020-04-20,4.1667,3.75,2.3611,3.4259,high
South Australia,2020-04-21,4.1667,3.75,2.3611,3.4259,high
South Australia,2020-04-22,4.1667,3.75,2.3611,3.4259,high
South Australia,2020-04-23,4.1667,3.75,2.3611,3.4259,high
South Australia,2020-04-24,4.1667,3.75,2.3611,3.4259,high
South Australia,2020-04-25,4.1667,3.75,2.3611,3.4259,high
South Australia,2020-04-26,4.1667,3.75,2.3611,3.4259,high
South Australia,2020-04-27,4.1667,3.75,2.3611,3.4259,high
South Australia,2020-04-28,4.1667,3.75,2.3611,3.4259,high
South Australia,2020-04-29,4.1667,3.75,2.3611,3.4259,high
South Australia,2020-04-30,4.1667,3.75,2.3611,3.4259,high
South Australia,2020-05-01,3.6905,3.75,2.7778,3.4061,high
South Australia,2020-05-02,3.6905,3.75,2.7778,3.4061,high
South Australia,2020-05-03,3.6905,3.75,2.7778,3.4061,high
South Australia,2020-05-04,3.6905,3.75,2.7778,3.4061,high
South Australia,2020-05-05,3.6905,3.75,2.7778,3.4061,high
South Australia,2020-05-06,3.6905,3.75,2.7778,3.4061,high
South Australia,2020-05-07,3.6905,3.75,2.7778,3.4061,high
South Australia,2020-05-08,3.9286,3.75,2.7778,3.4855,high
South Australia,2020-05-09,3.9286,3.75,2.7778,3.4855,high
South Australia,2020-05-10,3.9286,3.75,2.7778,3.4855,high
South Australia,2020-05-11,3.2143,3.75,2.7778,3.2474,high
South Australia,2020-05-12,3.2143,3.75,2.7778,3.2474,high
South Australia,2020-05-13,3.2143,3.75,2.7778,3.2474,high
South Australia,2020-05-14,3.2143,3.75,2.7778,3.2474,high
South Australia,2020-05-15,3.2143,3.75,2.7778,3.2474,high
South Australia,2020-05-16,3.2143,3.75,2.7778,3.2474,high
South Australia,2020-05-17,3.2143,3.75,2.7778,3.2474,high
South Australia,2020-05-18,3.2143,3.75,2.7778,3.2474,high
South Australia,2020-05-19,3.2143,3.75,2.7778,3.2474,high
South Australia,2020-05-20,3.2143,3.75,2.7778,3.2474,high
South Australia,2020-05-21,3.2143,3.75,2.7778,3.2474,high
South Australia,2020-05-22,1.9048,3.75,2.7778,2.8109,medium
South Australia,2020-05-23,1.9048,3.75,2.7778,2.8109,medium
South Australia,2020-05-24,1.9048,3.75,2.7778,2.8109,medium
South Australia,2020-05-25,1.9048,3.75,2.7778,2.8109,medium
South Australia,2020-05-26,1.9048,3.75,2.7778,2.8109,medium
South Australia,2020-05-27,1.9048,3.75,2.7778,2.8109,medium
South Australia,2020-05-28,1.9048,3.75,2.7778,2.8109,medium
South Australia,2020-05-29,1.9048,3.75,2.7778,2.8109,medium
South Australia,2020-05-30,2.2619,3.75,2.7778,2.9299,medium
South Australia,2020-05-31,2.2619,3.75,2.7778,2.9299,medium
South Australia,2020-06-01,2.0833,3.75,2.7778,2.8704,medium
South Australia,2020-06-02,2.0833,3.75,2.7778,2.8704,medium
South Australia,2020-06-03,2.0833,3.75,2.7778,2.8704,medium
South Australia,2020-06-04,2.0833,3.75,2.7778,2.8704,medium
South Australia,2020-06-05,2.0833,3.75,2.7778,2.8704,medium
South Australia,2020-06-06,3.0357,3.75,2.7778,3.1878,high
South Australia,2020-06-07,3.0357,3.75,2.7778,3.1878,high
South Australia,2020-06-08,3.0357,3.75,2.7778,3.1878,high
South Australia,2020-06-09,3.0357,3.75,2.7778,3.1878,high
South Australia,2020-06-10,3.0357,3.75,2.7778,3.1878,high
South Australia,2020-06-11,3.0357,3.75,2.7778,3.1878,high
South Australia,2020-06-12,3.0357,3.75,2.7778,3.1878,high
South Australia,2020-06-13,3.0357,3.75,2.7778,3.1878,high
South Australia,2020-06-14,3.0357,3.75,2.7778,3.1878,high
South Australia,2020-06-15,3.0357,3.75,2.7778,3.1878,high
South Australia,2020-06-16,3.0357,3.75,2.7778,3.1878,high
South Australia,2020-06-17,3.0357,3.75,2.7778,3.1878,high
South Australia,2020-06-18,3.0357,3.75,2.7778,3.1878,high
South Australia,2020-06-19,2.8571,3.75,2.7778,3.1283,high
South Australia,2020-06-20,2.8571,3.75,2.7778,3.1283,high
South Australia,2020-06-21,2.8571,3.75,2.7778,3.1283,high
South Australia,2020-06-22,2.8571,3.75,2.3611,2.9894,medium
South Australia,2020-06-23,2.8571,3.75,2.3611,2.9894,medium
South Australia,2020-06-24,2.8571,3.75,2.3611,2.9894,medium
South Australia,2020-06-25,2.8571,3.75,2.3611,2.9894,medium
South Australia,2020-06-26,2.8571,3.75,2.3611,2.9894,medium
South Australia,2020-06-27,2.8571,3.75,2.3611,2.9894,medium
South Australia,2020-06-28,2.8571,3.75,2.3611,2.9894,medium
South Australia,2020-06-29,2.2619,3.75,2.7778,2.9299,medium
South Australia,2020-06-30,2.2619,3.75,2.7778,2.9299,medium
South Australia,2020-07-01,1.9048,2.5,2.7778,2.3942,medium
South Australia,2020-07-02,1.9048,2.5,2.7778,2.3942,medium
South Australia,2020-07-03,1.9048,2.5,2.7778,2.3942,medium
South Australia,2020-07-04,1.9048,2.5,2.7778,2.3942,medium
South Australia,2020-07-05,1.9048,2.5,2.7778,2.3942,medium
South Australia,2020-07-06,1.9048,2.5,2.7778,2.3942,medium
South Australia,2020-07-07,1.9048,2.5,2.7778,2.3942,medium
South Australia,2020-07-08,1.9048,2.5,2.7778,2.3942,medium
South Australia,2020-07-09,1.9048,2.5,2.7778,2.3942,medium
South Australia,2020-07-10,1.1905,2.5,2.7778,2.1561,low
South Australia,2020-07-11,1.1905,2.5,2.7778,2.1561,low
South Australia,2020-07-12,1.1905,2.5,2.7778,2.1561,low
South Australia,2020-07-13,1.1905,2.5,2.7778,2.1561,low
South Australia,2020-07-14,1.1905,2.5,2.7778,2.1561,low
South Australia,2020-07-15,2.1429,2.5,2.3611,2.3347,medium
South Australia,2020-07-16,2.1429,2.5,2.3611,2.3347,medium
South Australia,2020-07-17,2.1429,2.5,2.3611,2.3347,medium
South Australia,2020-07-18,2.1429,2.5,2.3611,2.3347,medium
South Australia,2020-07-19,2.1429,2.5,2.3611,2.3347,medium
South Australia,2020-07-20,2.1429,2.5,2.3611,2.3347,medium
South Australia,2020-07-21,2.1429,2.5,2.3611,2.3347,medium
South Australia,2020-07-22,2.1429,2.5,2.3611,2.3347,medium
South Australia,2020-07-23,2.1429,2.5,2.3611,2.3347,medium
South Australia,2020-07-24,2.1429,2.5,2.3611,2.3347,medium
South Australia,2020-07-25,2.1429,2.5,2.3611,2.3347,medium
South Australia,2020-07-26,2.1429,2.5,2.3611,2.3347,medium
South Australia,2020-07-27,2.1429,2.5,2.3611,2.3347,medium
South Australia,2020-07-28,2.1429,2.5,2.3611,2.3347,medium
South Australia,2020-07-29,2.7976,3.75,2.7778,3.1085,high
South Australia,2020-07-30,2.7976,3.75,2.7778,3.1085,high
South Australia,2020-07-31,2.7976,3.75,2.7778,3.1085,high
South Australia,2020-08-01,2.7976,3.75,2.7778,3.1085,high
South Australia,2020-08-02,2.7976,3.75,2.7778,3.1085,high
South Australia,2020-08-03,2.7976,3.75,2.7778,3.1085,high
South Australia,2020-08-04,2.7976,3.75,2.7778,3.1085,high
South Australia,2020-08-05,2.7976,3.75,2.7778,3.1085,high
South Australia,2020-08-06,2.7976,3.75,2.7778,3.1085,high
South Australia,2020-08-07,2.7976,3.75,2.7778,3.1085,high
South Australia,2020-08-08,2.7976,3.75,2.7778,3.1085,high
South Australia,2020-08-09,2.7976,3.75,2.7778,3.1085,high
South Australia,2020-08-10,2.7976,3.75,2.7778,3.1085,high
South Australia,2020-08-11,2.7976,3.75,2.7778,3.1085,high
South Australia,2020-08-12,2.7976,3.75,2.7778,3.1085,high
South Australia,2020-08-13,2.7976,3.75,2.7778,3.1085,high
South Australia,2020-08-14,2.7976,3.75,2.7778,3.1085,high
South Australia,2020-08-15,2.7976,3.75,2.7778,3.1085,high
South Australia,2020-08-16,2.7976,3.75,2.7778,3.1085,high
South Australia,2020-08-17,2.7976,3.75,2.7778,3.1085,high
South Australia,2020-08-18,2.7976,3.75,2.7778,3.1085,high
South Australia,2020-08-19,2.7976,3.75,2.7778,3.1085,high
South Australia,2020-08-20,2.7976,3.75,2.7778,3.1085,high
South Australia,2020-08-21,2.7976,3.75,2.7778,3.1085,high
South Australia,2020-08-22,2.7976,3.75,2.7778,3.1085,high
South Australia,2020-08-23,2.7976,3.75,2.7778,3.1085,high
South Australia,2020-08-24,2.7976,3.75,2.7778,3.1085,high
South Australia,2020-08-25,2.7976,3.75,2.7778,3.1085,high
South Australia,2020-08-26,2.7976,3.75,2.7778,3.1085,high
South Australia,2020-08-27,2.7976,3.75,2.7778,3.1085,high
South Australia,2020-08-28,2.7976,3.75,2.7778,3.1085,high
South Australia,2020-08-29,2.7976,3.75,2.7778,3.1085,high
South Australia,2020-08-30,2.7976,3.75,2.7778,3.1085,high
South Australia,2020-08-31,2.7976,3.75,2.7778,3.1085,high
South Australia,2020-09-01,2.7976,3.75,2.7778,3.1085,high
South Australia,2020-09-02,2.7976,3.75,2.7778,3.1085,high
South Australia,2020-09-03,2.7976,3.75,2.7778,3.1085,high
South Australia,2020-09-04,2.7976,3.75,2.7778,3.1085,high
South Australia,2020-09-05,2.7976,3.75,2.7778,3.1085,high
South Australia,2020-09-06,2.7976,3.75,2.7778,3.1085,high
South Australia,2020-09-07,2.7976,3.75,2.7778,3.1085,high
South Australia,2020-09-08,2.7976,3.75,2.7778,3.1085,high
South Australia,2020-09-09,2.7976,3.75,2.7778,3.1085,high
South Australia,2020-09-10,2.7976,3.75,2.7778,3.1085,high
South Australia,2020-09-11,2.7976,3.75,2.7778,3.1085,high
South Australia,2020-09-12,2.7976,3.75,2.7778,3.1085,high
South Australia,2020-09-13,2.7976,3.75,2.7778,3.1085,high
South Australia,2020-09-14,2.7976,3.75,2.7778,3.1085,high
South Australia,2020-09-15,2.7976,3.75,2.7778,3.1085,high
South Australia,2020-09-16,2.7976,3.75,2.7778,3.1085,high
South Australia,2020-09-17,2.7976,3.75,2.7778,3.1085,high
South Australia,2020-09-18,2.7976,3.75,2.7778,3.1085,high
South Australia,2020-09-19,2.7976,3.75,2.7778,3.1085,high
South Australia,2020-09-20,2.7976,3.75,2.7778,3.1085,high
South Australia,2020-09-21,2.7976,3.75,2.7778,3.1085,high
South Australia,2020-09-22,2.7976,3.75,2.7778,3.1085,high
South Australia,2020-09-23,2.7976,3.75,2.7778,3.1085,high
South Australia,2020-09-24,2.7976,3.75,2.7778,3.1085,high
South Australia,2020-09-25,2.7976,2.5,2.7778,2.6918,medium
South Australia,2020-09-26,2.7976,2.5,2.7778,2.6918,medium
South Australia,2020-09-27,2.7976,2.5,2.7778,2.6918,medium
South Australia,2020-09-28,2.7976,2.5,2.7778,2.6918,medium
South Australia,2020-09-29,2.7976,2.5,2.7778,2.6918,medium
South Australia,2020-09-30,2.7976,2.5,2.7778,2.6918,medium
South Australia,2020-10-01,2.7976,3.75,2.7778,3.1085,high
South Australia,2020-10-02,2.7976,3.75,2.7778,3.1085,high
South Australia,2020-10-03,2.7976,3.75,2.7778,3.1085,high
South Australia,2020-10-04,2.7976,3.75,2.7778,3.1085,high
South Australia,2020-10-05,2.7976,3.75,2.7778,3.1085,high
South Australia,2020-10-06,2.7976,3.75,2.7778,3.1085,high
South Australia,2020-10-07,2.7976,3.75,2.7778,3.1085,high
South Australia,2020-10-08,2.7976,3.75,2.7778,3.1085,high
South Australia,2020-10-09,2.7976,3.75,2.7778,3.1085,high
South Australia,2020-10-10,2.7976,3.75,2.7778,3.1085,high
South Australia,2020-10-11,2.7976,3.75,2.7778,3.1085,high
South Australia,2020-10-12,2.7976,3.75,2.7778,3.1085,high
South Australia,2020-10-13,2.7976,3.75,2.7778,3.1085,high
South Australia,2020-10-14,2.7976,3.75,2.7778,3.1085,high
South Australia,2020-10-15,2.7976,3.75,2.7778,3.1085,high
South Australia,2020-10-16,2.7976,3.75,2.7778,3.1085,high
South Australia,2020-10-17,2.7976,3.75,2.7778,3.1085,high
South Australia,2020-10-18,2.7976,3.75,2.7778,3.1085,high
South Australia,2020-10-19,2.7976,3.75,2.7778,3.1085,high
South Australia,2020-10-20,2.7976,3.75,2.7778,3.1085,high
South Australia,2020-10-21,2.7976,3.75,2.7778,3.1085,high
South Australia,2020-10-22,2.7976,3.75,2.7778,3.1085,high
South Australia,2020-10-23,2.7976,3.75,2.7778,3.1085,high
South Australia,2020-10-24,2.7976,3.75,2.7778,3.1085,high
South Australia,2020-10-25,2.7976,3.75,2.7778,3.1085,high
South Australia,2020-10-26,2.7976,3.75,2.7778,3.1085,high
South Australia,2020-10-27,2.7976,3.75,2.7778,3.1085,high
South Australia,2020-10-28,2.7976,3.75,2.7778,3.1085,high
South Australia,2020-10-29,2.7976,3.75,2.7778,3.1085,high
South Australia,2020-10-30,2.7976,3.75,2.7778,3.1085,high
South Australia,2020-10-31,2.7976,3.75,2.7778,3.1085,high
South Australia,2020-11-01,2.5595,1.25,3.1944,2.3346,medium
South Australia,2020-11-02,2.5595,1.25,3.1944,2.3346,medium
South Australia,2020-11-03,2.5595,1.25,3.1944,2.3346,medium
South Australia,2020-11-04,2.5595,1.25,3.1944,2.3346,medium
South Australia,2020-11-05,2.5595,1.25,3.1944,2.3346,medium
South Australia,2020-11-06,2.5595,1.25,3.1944,2.3346,medium
South Australia,2020-11-07,2.5595,1.25,3.1944,2.3346,medium
South Australia,2020-11-08,2.5595,1.25,3.1944,2.3346,medium
South Australia,2020-11-09,2.5595,1.25,3.1944,2.3346,medium
South Australia,2020-11-10,2.5595,1.25,3.1944,2.3346,medium
South Australia,2020-11-11,2.5595,1.25,3.1944,2.3346,medium
South Australia,2020-11-12,2.5595,1.25,3.1944,2.3346,medium
South Australia,2020-11-13,2.5595,1.25,3.1944,2.3346,medium
South Australia,2020-11-14,2.5595,1.25,3.1944,2.3346,medium
South Australia,2020-11-15,2.5595,1.25,3.1944,2.3346,medium
South Australia,2020-11-16,2.5595,1.25,3.1944,2.3346,medium
South Australia,2020-11-17,2.5595,1.25,3.1944,2.3346,medium
South Australia,2020-11-18,2.5595,1.25,3.1944,2.3346,medium
South Australia,2020-11-19,3.6905,1.25,3.4722,2.8042,medium
South Australia,2020-11-20,3.6905,1.25,3.4722,2.8042,medium
South Australia,2020-11-21,3.6905,1.25,3.4722,2.8042,medium
South Australia,2020-11-22,2.5595,1.25,3.1944,2.3346,medium
South Australia,2020-11-23,2.5595,1.25,3.1944,2.3346,medium
South Australia,2020-11-24,2.5595,1.25,3.1944,2.3346,medium
South Australia,2020-11-25,2.5595,1.25,3.1944,2.3346,medium
South Australia,2020-11-26,2.5595,1.25,3.1944,2.3346,medium
South Australia,2020-11-27,2.5595,1.25,3.1944,2.3346,medium
South Australia,2020-11-28,2.5595,1.25,3.1944,2.3346,medium
South Australia,2020-11-29,2.5595,1.25,3.1944,2.3346,medium
South Australia,2020-11-30,2.5595,1.25,3.1944,2.3346,medium
South Australia,2020-12-01,2.0238,1.25,3.1944,2.1561,low
South Australia,2020-12-02,2.0238,1.25,3.1944,2.1561,low
South Australia,2020-12-03,2.0238,1.25,3.1944,2.1561,low
South Australia,2020-12-04,2.0238,1.25,3.1944,2.1561,low
South Australia,2020-12-05,2.0238,1.25,3.1944,2.1561,low
South Australia,2020-12-06,2.0238,1.25,3.1944,2.1561,low
South Australia,2020-12-07,2.0238,1.25,3.1944,2.1561,low
South Australia,2020-12-08,2.0238,1.25,3.1944,2.1561,low
South Australia,2020-12-09,2.0238,1.25,3.1944,2.1561,low
South Australia,2020-12-10,2.0238,1.25,3.1944,2.1561,low
South Australia,2020-12-11,2.0238,1.25,3.1944,2.1561,low
South Australia,2020-12-12,2.0238,1.25,3.1944,2.1561,low
South Australia,2020-12-13,2.0238,1.25,3.1944,2.1561,low
South Australia,2020-12-14,1.6071,1.25,3.1944,2.0172,low
South Australia,2020-12-15,1.6071,1.25,3.1944,2.0172,low
South Australia,2020-12-16,1.6071,1.25,3.1944,2.0172,low
South Australia,2020-12-17,1.6071,1.25,3.1944,2.0172,low
South Australia,2020-12-18,1.6071,1.25,3.1944,2.0172,low
South Australia,2020-12-19,1.6071,1.25,3.1944,2.0172,low
South Australia,2020-12-20,1.6071,1.25,3.1944,2.0172,low
South Australia,2020-12-21,2.3214,1.25,3.1944,2.2553,low
South Australia,2020-12-22,2.3214,1.25,3.1944,2.2553,low
South Australia,2020-12-23,2.3214,1.25,2.9861,2.1858,low
South Australia,2020-12-24,2.3214,1.25,2.9861,2.1858,low
South Australia,2020-12-25,2.3214,1.25,2.9861,2.1858,low
South Australia,2020-12-26,2.3214,1.25,2.9861,2.1858,low
South Australia,2020-12-27,2.3214,1.25,2.9861,2.1858,low
South Australia,2020-12-28,2.3214,1.25,2.9861,2.1858,low
South Australia,2020-12-29,2.3214,1.25,2.9861,2.1858,low
South Australia,2020-12-30,2.3214,1.25,2.9861,2.1858,low
South Australia,2020-12-31,2.3214,1.25,2.9861,2.1858,low
South Australia,2021-01-01,2.7976,1.25,2.9861,2.3446,medium
South Australia,2021-01-02,2.7976,1.25,2.9861,2.3446,medium
South Australia,2021-01-03,2.7976,1.25,2.9861,2.3446,medium
South Australia,2021-01-04,2.7976,1.25,2.9861,2.3446,medium
South Australia,2021-01-05,2.7976,1.25,2.9861,2.3446,medium
South Australia,2021-01-06,2.7976,1.25,2.9861,2.3446,medium
South Australia,2021-01-07,2.7976,1.25,2.9861,2.3446,medium
South Australia,2021-01-08,2.7976,1.25,2.9861,2.3446,medium
South Australia,2021-01-09,2.7976,1.25,2.9861,2.3446,medium
South Australia,2021-01-10,2.7976,1.25,2.9861,2.3446,medium
South Australia,2021-01-11,2.7976,1.25,2.9861,2.3446,medium
South Australia,2021-01-12,2.7976,1.25,2.9861,2.3446,medium
South Australia,2021-01-13,2.7976,1.25,2.9861,2.3446,medium
South Australia,2021-01-14,2.7976,1.25,2.9861,2.3446,medium
South Australia,2021-01-15,2.7976,1.25,2.9861,2.3446,medium
South Australia,2021-01-16,1.9048,1.25,3.1944,2.1164,low
South Australia,2021-01-17,1.9048,1.25,3.1944,2.1164,low
South Australia,2021-01-18,1.9048,1.25,3.1944,2.1164,low
South Australia,2021-01-19,1.9048,1.25,3.1944,2.1164,low
South Australia,2021-01-20,1.9048,1.25,3.1944,2.1164,low
South Australia,2021-01-21,1.9048,1.25,3.1944,2.1164,low
South Australia,2021-01-22,1.9048,1.25,3.1944,2.1164,low
South Australia,2021-01-23,1.9048,1.25,3.1944,2.1164,low
South Australia,2021-01-24,1.9048,1.25,3.1944,2.1164,low
South Australia,2021-01-25,1.9048,1.25,3.1944,2.1164,low
South Australia,2021-01-26,1.9048,1.25,3.1944,2.1164,low
South Australia,2021-01-27,1.9048,1.25,3.1944,2.1164,low
South Australia,2021-01-28,1.9048,1.25,3.1944,2.1164,low
South Australia,2021-01-29,1.9048,1.25,3.1944,2.1164,low
South Australia,2021-01-30,1.9048,1.25,3.1944,2.1164,low
South Australia,2021-01-31,1.9048,1.25,3.1944,2.1164,low
South Australia,2021-02-01,2.619,3.75,3.4722,3.2804,high
South Australia,2021-02-02,2.619,3.75,3.4722,3.2804,high
South Australia,2021-02-03,2.619,3.75,3.4722,3.2804,high
South Australia,2021-02-04,2.619,3.75,3.4722,3.2804,high
South Australia,2021-02-05,2.619,3.75,3.4722,3.2804,high
South Australia,2021-02-06,2.619,3.75,3.4722,3.2804,high
South Australia,2021-02-07,2.619,3.75,3.4722,3.2804,high
South Australia,2021-02-08,2.619,3.75,3.4722,3.2804,high
South Australia,2021-02-09,2.619,3.75,3.4722,3.2804,high
South Australia,2021-02-10,2.619,3.75,3.4722,3.2804,high
South Australia,2021-02-11,2.619,3.75,3.4722,3.2804,high
South Australia,2021-02-12,2.619,3.75,3.4722,3.2804,high
South Australia,2021-02-13,2.619,3.75,3.4722,3.2804,high
South Australia,2021-02-14,2.619,3.75,3.4722,3.2804,high
South Australia,2021-02-15,2.619,2.5,2.9861,2.7017,medium
South Australia,2021-02-16,2.619,2.5,2.9861,2.7017,medium
South Australia,2021-02-17,2.619,2.5,2.7083,2.6091,medium
South Australia,2021-02-18,2.619,2.5,2.7083,2.6091,medium
South Australia,2021-02-19,2.619,2.5,2.7083,2.6091,medium
South Australia,2021-02-20,2.619,2.5,2.7083,2.6091,medium
South Australia,2021-02-21,2.619,2.5,2.7083,2.6091,medium
South Australia,2021-02-22,2.619,2.5,3.375,2.8313,medium
South Australia,2021-02-23,2.619,2.5,3.375,2.8313,medium
South Australia,2021-02-24,2.619,2.5,3.375,2.8313,medium
South Australia,2021-02-25,2.619,2.5,3.375,2.8313,medium
South Australia,2021-02-26,2.619,2.5,3.375,2.8313,medium
South Australia,2021-02-27,2.619,2.5,3.375,2.8313,medium
South Australia,2021-02-28,2.619,2.5,3.375,2.8313,medium
South Australia,2021-03-01,1.6667,1.25,3.3194,2.0787,low
South Australia,2021-03-02,1.6667,1.25,3.3194,2.0787,low
South Australia,2021-03-03,1.6667,1.25,3.3194,2.0787,low
South Australia,2021-03-04,1.6667,1.25,3.3194,2.0787,low
South Australia,2021-03-05,1.6667,1.25,3.3194,2.0787,low
South Australia,2021-03-06,1.6667,1.25,3.3194,2.0787,low
South Australia,2021-03-07,1.6667,1.25,3.3194,2.0787,low
South Australia,2021-03-08,1.6667,1.25,3.3194,2.0787,low
South Australia,2021-03-09,1.6667,1.25,3.3194,2.0787,low
South Australia,2021-03-10,1.6667,1.25,3.3194,2.0787,low
South Australia,2021-03-11,1.6667,1.25,3.3194,2.0787,low
South Australia,2021-03-12,1.6667,1.25,3.3194,2.0787,low
South Australia,2021-03-13,1.6667,1.25,3.3194,2.0787,low
South Australia,2021-03-14,1.6667,1.25,3.3194,2.0787,low
South Australia,2021-03-15,1.6667,1.25,3.3194,2.0787,low
South Australia,2021-03-16,1.3095,1.25,3.3194,1.9596,low
South Australia,2021-03-17,1.3095,1.25,3.3194,1.9596,low
South Australia,2021-03-18,1.3095,1.25,3.3194,1.9596,low
South Australia,2021-03-19,1.3095,1.25,3.3194,1.9596,low
South Australia,2021-03-20,1.3095,1.25,3.3194,1.9596,low
South Australia,2021-03-21,1.3095,1.25,3.3194,1.9596,low
South Australia,2021-03-22,1.3095,1.25,3.6528,2.0708,low
South Australia,2021-03-23,1.3095,1.25,3.6528,2.0708,low
South Australia,2021-03-24,1.3095,1.25,3.6528,2.0708,low
South Australia,2021-03-25,1.3095,1.25,3.6528,2.0708,low
South Australia,2021-03-26,1.3095,1.25,3.6528,2.0708,low
South Australia,2021-03-27,1.3095,1.25,3.6528,2.0708,low
South Australia,2021-03-28,1.3095,1.25,3.6528,2.0708,low
South Australia,2021-03-29,2.0238,1.25,3.6528,2.3089,medium
South Australia,2021-03-30,2.0238,1.25,3.6528,2.3089,medium
South Australia,2021-03-31,2.0238,1.25,3.8611,2.3783,medium
South Australia,2021-04-01,1.7857,3.75,3.8611,3.1323,high
South Australia,2021-04-02,1.7857,3.75,3.8611,3.1323,high
South Australia,2021-04-03,1.7857,3.75,3.8611,3.1323,high
South Australia,2021-04-04,1.7857,3.75,3.8611,3.1323,high
South Australia,2021-04-05,1.7857,3.75,3.8611,3.1323,high
South Australia,2021-04-06,1.7857,3.75,3.8611,3.1323,high
South Australia,2021-04-07,1.7857,3.75,3.8611,3.1323,high
South Australia,2021-04-08,1.7857,3.75,3.8611,3.1323,high
South Australia,2021-04-09,1.7857,3.75,3.8611,3.1323,high
South Australia,2021-04-10,1.7857,3.75,3.8611,3.1323,high
South Australia,2021-04-11,1.7857,3.75,3.8611,3.1323,high
South Australia,2021-04-12,1.0714,3.75,3.8611,2.8942,medium
South Australia,2021-04-13,1.0714,3.75,3.8611,2.8942,medium
South Australia,2021-04-14,1.0714,3.75,3.8611,2.8942,medium
South Australia,2021-04-15,1.0714,3.75,3.8611,2.8942,medium
South Australia,2021-04-16,1.0714,3.75,3.8611,2.8942,medium
South Australia,2021-04-17,1.0714,3.75,3.8611,2.8942,medium
South Australia,2021-04-18,1.0714,3.75,3.8611,2.8942,medium
South Australia,2021-04-19,1.0714,3.75,3.8611,2.8942,medium
South Australia,2021-04-20,1.0714,3.75,3.8611,2.8942,medium
South Australia,2021-04-21,1.0714,3.75,3.8611,2.8942,medium
South Australia,2021-04-22,1.0714,3.75,3.8611,2.8942,medium
South Australia,2021-04-23,1.0714,3.75,3.8611,2.8942,medium
South Australia,2021-04-24,1.7857,3.75,3.8611,3.1323,high
South Australia,2021-04-25,1.7857,3.75,3.8611,3.1323,high
South Australia,2021-04-26,1.7857,3.75,3.8611,3.1323,high
South Australia,2021-04-27,1.7857,3.75,3.8611,3.1323,high
South Australia,2021-04-28,1.7857,3.75,3.8611,3.1323,high
South Australia,2021-04-29,1.7857,3.75,3.8611,3.1323,high
South Australia,2021-04-30,1.0714,3.75,3.8611,2.8942,medium
South Australia,2021-05-01,1.0714,3.75,3.8611,2.8942,medium
South Australia,2021-05-02,1.0714,3.75,3.8611,2.8942,medium
South Australia,2021-05-03,1.0714,3.75,3.8611,2.8942,medium
South Australia,2021-05-04,1.0714,3.75,3.8611,2.8942,medium
South Australia,2021-05-05,1.0714,3.75,3.8611,2.8942,medium
South Australia,2021-05-06,1.0714,3.75,3.8611,2.8942,medium
South Australia,2021-05-07,2.0238,3.75,3.8611,3.2116,high
South Australia,2021-05-08,2.0238,3.75,3.8611,3.2116,high
South Australia,2021-05-09,2.0238,3.75,3.8611,3.2116,high
South Australia,2021-05-10,2.0238,3.75,3.8611,3.2116,high
South Australia,2021-05-11,2.0238,3.75,3.8611,3.2116,high
South Australia,2021-05-12,2.0238,3.75,3.8611,3.2116,high
South Australia,2021-05-13,2.0238,3.75,3.8611,3.2116,high
South Australia,2021-05-14,2.0238,3.75,3.8611,3.2116,high
South Australia,2021-05-15,2.0238,3.75,3.8611,3.2116,high
South Australia,2021-05-16,2.0238,3.75,3.8611,3.2116,high
South Australia,2021-05-17,2.0238,3.75,3.8611,3.2116,high
South Australia,2021-05-18,2.0238,3.75,3.8611,3.2116,high
South Australia,2021-05-19,2.0238,3.75,3.8611,3.2116,high
South Australia,2021-05-20,2.0238,3.75,3.8611,3.2116,high
South Australia,2021-05-21,2.0238,3.75,3.8611,3.2116,high
South Australia,2021-05-22,1.3095,3.75,3.8611,2.9735,medium
South Australia,2021-05-23,1.3095,3.75,3.8611,2.9735,medium
South Australia,2021-05-24,2.0238,3.75,3.8611,3.2116,high
South Australia,2021-05-25,2.0238,3.75,3.8611,3.2116,high
South Australia,2021-05-26,2.0238,3.75,3.8611,3.2116,high
South Australia,2021-05-27,2.0238,3.75,3.8611,3.2116,high
South Australia,2021-05-28,2.0238,3.75,3.8611,3.2116,high
South Australia,2021-05-29,2.0238,3.75,3.8611,3.2116,high
South Australia,2021-05-30,2.0238,3.75,3.8611,3.2116,high
South Australia,2021-05-31,2.0238,3.75,3.8611,3.2116,high
South Australia,2021-06-01,2.0238,3.75,3.8611,3.2116,high
South Australia,2021-06-02,2.0238,3.75,3.8611,3.2116,high
South Australia,2021-06-03,2.0238,3.75,3.8611,3.2116,high
South Australia,2021-06-04,2.0238,3.75,3.8611,3.2116,high
South Australia,2021-06-05,2.0238,3.75,3.8611,3.2116,high
South Australia,2021-06-06,2.0238,3.75,4.1389,3.3042,high
South Australia,2021-06-07,2.0238,3.75,4.1389,3.3042,high
South Australia,2021-06-08,2.0238,3.75,4.1389,3.3042,high
South Australia,2021-06-09,2.0238,3.75,4.1389,3.3042,high
South Australia,2021-06-10,2.0238,3.75,4.1389,3.3042,high
South Australia,2021-06-11,2.0238,3.75,4.1389,3.3042,high
South Australia,2021-06-12,2.0238,3.75,4.1389,3.3042,high
South Australia,2021-06-13,2.0238,3.75,4.1389,3.3042,high
South Australia,2021-06-14,2.0238,3.75,4.1389,3.3042,high
South Australia,2021-06-15,2.0238,3.75,4.1389,3.3042,high
South Australia,2021-06-16,2.0238,3.75,4.1389,3.3042,high
South Australia,2021-06-17,2.0238,3.75,4.1389,3.3042,high
South Australia,2021-06-18,2.0238,3.75,4.1389,3.3042,high
South Australia,2021-06-19,2.0238,3.75,4.1389,3.3042,high
South Australia,2021-06-20,2.0238,3.75,4.1389,3.3042,high
South Australia,2021-06-21,2.0238,3.75,4.1389,3.3042,high
South Australia,2021-06-22,2.0238,3.75,4.1389,3.3042,high
South Australia,2021-06-23,2.0238,3.75,4.1389,3.3042,high
South Australia,2021-06-24,2.0238,3.75,4.1389,3.3042,high
South Australia,2021-06-25,2.0238,3.75,4.1389,3.3042,high
South Australia,2021-06-26,2.0238,3.75,4.1389,3.3042,high
South Australia,2021-06-27,2.0238,3.75,4.1389,3.3042,high
South Australia,2021-06-28,2.0238,3.75,4.1389,3.3042,high
South Australia,2021-06-29,2.2024,3.75,4.1389,3.3638,high
South Australia,2021-06-30,2.2024,3.75,4.1389,3.3638,high
South Australia,2021-07-01,2.9762,3.75,4.1389,3.6217,high
South Australia,2021-07-02,2.9762,3.75,4.1389,3.6217,high
South Australia,2021-07-03,2.9762,3.75,4.1389,3.6217,high
South Australia,2021-07-04,2.9762,3.75,4.1389,3.6217,high
South Australia,2021-07-05,2.619,3.75,4.1389,3.5026,high
South Australia,2021-07-06,2.619,3.75,4.1389,3.5026,high
South Australia,2021-07-07,2.619,3.75,4.1389,3.5026,high
South Australia,2021-07-08,2.619,3.75,4.1389,3.5026,high
South Australia,2021-07-09,2.619,3.75,4.1389,3.5026,high
South Australia,2021-07-10,2.619,3.75,4.1389,3.5026,high
South Australia,2021-07-11,2.619,3.75,4.1389,3.5026,high
South Australia,2021-07-12,2.619,3.75,4.1389,3.5026,high
South Australia,2021-07-13,2.619,3.75,4.1389,3.5026,high
South Australia,2021-07-14,2.619,3.75,4.1389,3.5026,high
South Australia,2021-07-15,2.619,3.75,4.1389,3.5026,high
South Australia,2021-07-16,2.619,3.75,4.1389,3.5026,high
South Australia,2021-07-17,2.619,3.75,4.1389,3.5026,high
South Australia,2021-07-18,2.619,3.75,4.1389,3.5026,high
South Australia,2021-07-19,2.619,3.75,4.1389,3.5026,high
South Australia,2021-07-20,4.7619,3.75,4.5556,4.3558,high
South Australia,2021-07-21,4.7619,3.75,4.5556,4.3558,high
South Australia,2021-07-22,4.7619,3.75,4.5556,4.3558,high
South Australia,2021-07-23,4.7619,3.75,4.5556,4.3558,high
South Australia,2021-07-24,4.7619,3.75,4.5556,4.3558,high
South Australia,2021-07-25,4.7619,3.75,4.5556,4.3558,high
South Australia,2021-07-26,4.7619,3.75,4.5556,4.3558,high
South Australia,2021-07-27,4.7619,3.75,4.5556,4.3558,high
South Australia,2021-07-28,2.9762,3.75,4.3472,3.6911,high
South Australia,2021-07-29,2.9762,3.75,4.3472,3.6911,high
South Australia,2021-07-30,2.9762,3.75,4.3472,3.6911,high
South Australia,2021-07-31,2.9762,3.75,4.3472,3.6911,high
South Australia,2021-08-01,2.9762,3.75,4.3472,3.6911,high
South Australia,2021-08-02,2.9762,3.75,4.3472,3.6911,high
South Australia,2021-08-03,2.9762,3.75,4.3472,3.6911,high
South Australia,2021-08-04,2.9762,3.75,4.3472,3.6911,high
South Australia,2021-08-05,2.9762,3.75,4.0694,3.5985,high
South Australia,2021-08-06,2.9762,3.75,4.3472,3.6911,high
South Australia,2021-08-07,2.9762,3.75,4.3472,3.6911,high
South Australia,2021-08-08,2.9762,3.75,4.3472,3.6911,high
South Australia,2021-08-09,2.9762,3.75,4.3472,3.6911,high
South Australia,2021-08-10,2.619,3.75,4.3472,3.5721,high
South Australia,2021-08-11,2.619,3.75,4.3472,3.5721,high
South Australia,2021-08-12,2.619,3.75,4.3472,3.5721,high
South Australia,2021-08-13,2.619,3.75,4.3472,3.5721,high
South Australia,2021-08-14,2.619,3.75,4.3472,3.5721,high
South Australia,2021-08-15,2.619,3.75,4.3472,3.5721,high
South Australia,2021-08-16,2.619,3.75,4.0694,3.4795,high
South Australia,2021-08-17,2.619,3.75,4.0694,3.4795,high
South Australia,2021-08-18,2.619,3.75,4.0694,3.4795,high
South Australia,2021-08-19,2.619,3.75,4.0694,3.4795,high
South Australia,2021-08-20,2.619,3.75,4.0694,3.4795,high
South Australia,2021-08-21,2.619,3.75,4.0694,3.4795,high
South Australia,2021-08-22,2.619,3.75,4.2361,3.535,high
South Australia,2021-08-23,2.619,3.75,4.2361,3.535,high
South Australia,2021-08-24,2.619,3.75,4.2361,3.535,high
South Australia,2021-08-25,2.619,3.75,4.2361,3.535,high
South Australia,2021-08-26,2.619,3.75,4.2361,3.535,high
South Australia,2021-08-27,2.619,3.75,4.2361,3.535,high
South Australia,2021-08-28,2.619,3.75,4.2361,3.535,high
South Australia,2021-08-29,2.619,3.75,4.2361,3.535,high
South Australia,2021-08-30,2.619,3.75,4.2361,3.535,high
South Australia,2021-08-31,2.619,3.75,4.2361,3.535,high
South Australia,2021-09-01,2.7976,3.75,4.5139,3.6872,high
South Australia,2021-09-02,2.7976,3.75,4.5139,3.6872,high
South Australia,2021-09-03,2.7976,3.75,4.5139,3.6872,high
South Australia,2021-09-04,2.7976,3.75,4.5139,3.6872,high
South Australia,2021-09-05,2.7976,3.75,4.5139,3.6872,high
South Australia,2021-09-06,2.7976,3.75,4.5139,3.6872,high
South Australia,2021-09-07,2.7976,3.75,4.5139,3.6872,high
South Australia,2021-09-08,2.7976,3.75,4.5139,3.6872,high
South Australia,2021-09-09,2.7976,3.75,4.5139,3.6872,high
South Australia,2021-09-10,2.7976,3.75,4.5139,3.6872,high
South Australia,2021-09-11,2.7976,3.75,4.5139,3.6872,high
South Australia,2021-09-12,2.7976,3.75,4.5139,3.6872,high
South Australia,2021-09-13,2.7976,3.75,4.5139,3.6872,high
South Australia,2021-09-14,2.7976,3.75,4.5139,3.6872,high
South Australia,2021-09-15,2.7976,3.75,4.5139,3.6872,high
South Australia,2021-09-16,2.7976,3.75,4.5139,3.6872,high
South Australia,2021-09-17,2.7976,3.75,4.5139,3.6872,high
South Australia,2021-09-18,2.7976,3.75,4.5139,3.6872,high
South Australia,2021-09-19,2.7976,3.75,4.5139,3.6872,high
South Australia,2021-09-20,2.7976,3.75,4.5139,3.6872,high
South Australia,2021-09-21,2.7976,3.75,4.5139,3.6872,high
South Australia,2021-09-22,2.7976,3.75,4.5139,3.6872,high
South Australia,2021-09-23,2.7976,3.75,4.5139,3.6872,high
South Australia,2021-09-24,2.7976,3.75,4.5139,3.6872,high
South Australia,2021-09-25,2.7976,3.75,4.5139,3.6872,high
South Australia,2021-09-26,2.7976,3.75,4.5139,3.6872,high
South Australia,2021-09-27,2.7976,3.75,4.5139,3.6872,high
South Australia,2021-09-28,2.7976,3.75,4.5139,3.6872,high
South Australia,2021-09-29,2.7976,3.75,4.5139,3.6872,high
South Australia,2021-09-30,2.7976,3.75,4.5139,3.6872,high
South Australia,2021-10-01,2.7976,3.75,4.5139,3.6872,high
South Australia,2021-10-02,2.7976,3.75,4.5139,3.6872,high
South Australia,2021-10-03,2.7976,3.75,4.5139,3.6872,high
South Australia,2021-10-04,2.9762,3.75,4.5139,3.7467,high
South Australia,2021-10-05,2.9762,3.75,4.5139,3.7467,high
South Australia,2021-10-06,2.9762,3.75,4.5139,3.7467,high
South Australia,2021-10-07,2.9762,3.75,4.5139,3.7467,high
South Australia,2021-10-08,2.9762,5.0,4.5139,4.1634,high
South Australia,2021-10-09,2.7976,5.0,4.5139,4.1038,high
South Australia,2021-10-10,2.7976,5.0,4.5139,4.1038,high
South Australia,2021-10-11,2.7976,5.0,4.5139,4.1038,high
South Australia,2021-10-12,2.7976,5.0,4.5139,4.1038,high
South Australia,2021-10-13,2.7976,5.0,4.5139,4.1038,high
South Australia,2021-10-14,2.7976,5.0,4.5139,4.1038,high
South Australia,2021-10-15,2.7976,5.0,4.5139,4.1038,high
South Australia,2021-10-16,2.7976,5.0,4.5139,4.1038,high
South Australia,2021-10-17,2.7976,5.0,4.5139,4.1038,high
South Australia,2021-10-18,2.7976,5.0,4.5139,4.1038,high
South Australia,2021-10-19,2.7976,5.0,4.5139,4.1038,high
South Australia,2021-10-20,2.619,5.0,4.5139,4.0443,high
South Australia,2021-10-21,2.619,5.0,4.5139,4.0443,high
South Australia,2021-10-22,2.619,5.0,4.5139,4.0443,high
South Australia,2021-10-23,2.619,5.0,4.5139,4.0443,high
South Australia,2021-10-24,2.619,5.0,4.5139,4.0443,high
South Australia,2021-10-25,2.619,5.0,4.5139,4.0443,high
South Australia,2021-10-26,2.619,5.0,4.5139,4.0443,high
South Australia,2021-10-27,2.619,5.0,4.5139,4.0443,high
South Australia,2021-10-28,2.619,5.0,4.5139,4.0443,high
South Australia,2021-10-29,2.619,5.0,4.5139,4.0443,high
South Australia,2021-10-30,2.619,5.0,4.5139,4.0443,high
South Australia,2021-10-31,2.619,5.0,4.5139,4.0443,high
South Australia,2021-11-01,2.2619,3.75,4.3056,3.4392,high
South Australia,2021-11-02,2.2619,3.75,4.3056,3.4392,high
South Australia,2021-11-03,2.2619,3.75,4.3056,3.4392,high
South Australia,2021-11-04,2.2619,3.75,4.3056,3.4392,high
South Australia,2021-11-05,2.2619,3.75,4.3056,3.4392,high
South Australia,2021-11-06,2.2619,3.75,4.3056,3.4392,high
South Australia,2021-11-07,2.2619,3.75,4.3056,3.4392,high
South Australia,2021-11-08,2.2619,3.75,4.3056,3.4392,high
South Australia,2021-11-09,2.2619,3.75,4.3056,3.4392,high
South Australia,2021-11-10,2.2619,3.75,4.3056,3.4392,high
South Australia,2021-11-11,2.2619,3.75,4.3056,3.4392,high
South Australia,2021-11-12,2.2619,3.75,4.3056,3.4392,high
South Australia,2021-11-13,2.2619,3.75,4.3056,3.4392,high
South Australia,2021-11-14,2.2619,3.75,4.3056,3.4392,high
South Australia,2021-11-15,2.2619,3.75,4.3056,3.4392,high
South Australia,2021-11-16,2.2619,3.75,4.3056,3.4392,high
South Australia,2021-11-17,2.2619,3.75,4.3056,3.4392,high
South Australia,2021-11-18,2.2619,3.75,4.3056,3.4392,high
South Australia,2021-11-19,2.2619,3.75,4.3056,3.4392,high
South Australia,2021-11-20,2.2619,3.75,4.3056,3.4392,high
South Australia,2021-11-21,2.2619,3.75,4.3056,3.4392,high
South Australia,2021-11-22,2.2619,3.75,4.3056,3.4392,high
South Australia,2021-11-23,2.2619,3.75,4.3056,3.4392,high
South Australia,2021-11-24,2.2619,3.75,4.3056,3.4392,high
South Australia,2021-11-25,2.2619,3.75,4.3056,3.4392,high
South Australia,2021-11-26,2.2619,3.75,4.3056,3.4392,high
South Australia,2021-11-27,2.619,3.75,4.3056,3.5582,high
South Australia,2021-11-28,2.619,3.75,4.3056,3.5582,high
South Australia,2021-11-29,2.619,3.75,4.3056,3.5582,high
South Australia,2021-11-30,2.619,3.75,4.3056,3.5582,high
South Australia,2021-12-01,2.619,1.25,4.3056,2.7249,medium
South Australia,2021-12-02,2.619,1.25,4.3056,2.7249,medium
South Australia,2021-12-03,2.619,1.25,4.3056,2.7249,medium
South Australia,2021-12-04,2.619,1.25,4.3056,2.7249,medium
South Australia,2021-12-05,2.619,1.25,4.3056,2.7249,medium
South Australia,2021-12-06,2.619,1.25,4.3056,2.7249,medium
South Australia,2021-12-07,2.619,1.25,4.3056,2.7249,medium
South Australia,2021-12-08,2.619,1.25,4.3056,2.7249,medium
South Australia,2021-12-09,2.619,1.25,4.3056,2.7249,medium
South Australia,2021-12-10,2.2619,1.25,4.3056,2.6058,medium
South Australia,2021-12-11,2.2619,1.25,4.3056,2.6058,medium
South Australia,2021-12-12,2.2619,1.25,4.3056,2.6058,medium
South Australia,2021-12-13,2.2619,1.25,4.3056,2.6058,medium
South Australia,2021-12-14,2.2619,1.25,4.3056,2.6058,medium
South Australia,2021-12-15,2.2619,1.25,4.3056,2.6058,medium
South Australia,2021-12-16,1.9048,1.25,4.3056,2.4868,medium
South Australia,2021-12-17,1.9048,1.25,4.3056,2.4868,medium
South Australia,2021-12-18,1.9048,1.25,4.3056,2.4868,medium
South Australia,2021-12-19,1.9048,1.25,4.3056,2.4868,medium
South Australia,2021-12-20,1.9048,1.25,4.3056,2.4868,medium
South Australia,2021-12-21,1.9048,1.25,4.3056,2.4868,medium
South Australia,2021-12-22,2.2619,1.25,4.3056,2.6058,medium
South Australia,2021-12-23,2.2619,1.25,4.3056,2.6058,medium
South Australia,2021-12-24,2.2619,1.25,4.3056,2.6058,medium
South Australia,2021-12-25,2.2619,1.25,4.3056,2.6058,medium
South Australia,2021-12-26,2.2619,1.25,4.3056,2.6058,medium
South Australia,2021-12-27,2.4405,1.25,4.3056,2.6654,medium
South Australia,2021-12-28,2.4405,1.25,4.3056,2.6654,medium
South Australia,2021-12-29,2.0833,1.25,4.3056,2.5463,medium
South Australia,2021-12-30,2.0833,1.25,4.3056,2.5463,medium
South Australia,2021-12-31,2.0833,1.25,4.3056,2.5463,medium
South Australia,2022-01-01,2.0833,1.25,4.3056,2.5463,medium
South Australia,2022-01-02,2.0833,1.25,4.3056,2.5463,medium
South Australia,2022-01-03,2.0833,1.25,4.3056,2.5463,medium
South Australia,2022-01-04,2.0833,1.25,4.3056,2.5463,medium
South Australia,2022-01-05,2.0833,1.25,4.3056,2.5463,medium
South Australia,2022-01-06,2.0833,2.5,4.3056,2.963,medium
South Australia,2022-01-07,2.0833,2.5,4.3056,2.963,medium
South Australia,2022-01-08,2.0833,2.5,4.3056,2.963,medium
South Australia,2022-01-09,2.0833,2.5,4.3056,2.963,medium
South Australia,2022-01-10,2.0833,2.5,4.3056,2.963,medium
South Australia,2022-01-11,2.0833,2.5,4.3056,2.963,medium
South Australia,2022-01-12,2.0833,2.5,4.3056,2.963,medium
South Australia,2022-01-13,2.0833,2.5,4.3056,2.963,medium
South Australia,2022-01-14,2.0833,2.5,4.5139,3.0324,medium
South Australia,2022-01-15,2.0833,2.5,4.5139,3.0324,medium
South Australia,2022-01-16,2.0833,2.5,4.5139,3.0324,medium
South Australia,2022-01-17,2.0833,2.5,4.5139,3.0324,medium
South Australia,2022-01-18,2.0833,2.5,4.5139,3.0324,medium
South Australia,2022-01-19,2.0833,2.5,4.5139,3.0324,medium
South Australia,2022-01-20,2.0833,2.5,4.5139,3.0324,medium
South Australia,2022-01-21,2.0833,2.5,4.5139,3.0324,medium
South Australia,2022-01-22,2.0833,2.5,4.3056,2.963,medium
South Australia,2022-01-23,2.0833,2.5,4.3056,2.963,medium
South Australia,2022-01-24,2.0833,2.5,4.3056,2.963,medium
South Australia,2022-01-25,2.0833,2.5,4.3056,2.963,medium
South Australia,2022-01-26,2.0833,2.5,4.3056,2.963,medium
South Australia,2022-01-27,2.0833,2.5,4.3056,2.963,medium
South Australia,2022-01-28,2.0833,2.5,4.3056,2.963,medium
South Australia,2022-01-29,2.0833,2.5,4.0278,2.8704,medium
South Australia,2022-01-30,1.7262,2.5,3.6111,2.6124,medium
South Australia,2022-01-31,1.7262,2.5,3.6111,2.6124,medium
South Australia,2022-02-01,1.7262,2.5,3.6111,2.6124,medium
South Australia,2022-02-02,1.7262,2.5,3.6111,2.6124,medium
South Australia,2022-02-03,1.7262,2.5,3.6111,2.6124,medium
South Australia,2022-02-04,1.7262,2.5,3.6111,2.6124,medium
South Australia,2022-02-05,1.7262,2.5,3.6111,2.6124,medium
South Australia,2022-02-06,1.7262,2.5,3.6111,2.6124,medium
South Australia,2022-02-07,1.7262,2.5,3.6111,2.6124,medium
South Australia,2022-02-08,1.7262,2.5,3.6111,2.6124,medium
South Australia,2022-02-09,1.7262,2.5,3.6111,2.6124,medium
South Australia,2022-02-10,1.7262,2.5,3.6111,2.6124,medium
South Australia,2022-02-11,1.5476,2.5,3.6111,2.5529,medium
South Australia,2022-02-12,1.5476,2.5,3.6111,2.5529,medium
South Australia,2022-02-13,2.2619,2.5,3.6111,2.791,medium
South Australia,2022-02-14,2.2619,2.5,3.6111,2.791,medium
South Australia,2022-02-15,2.2619,2.5,3.6111,2.791,medium
South Australia,2022-02-16,2.2619,2.5,3.6111,2.791,medium
South Australia,2022-02-17,2.2619,2.5,3.6111,2.791,medium
South Australia,2022-02-18,2.2619,2.5,3.6111,2.791,medium
South Australia,2022-02-19,2.2619,2.5,3.6111,2.791,medium
South Australia,2022-02-20,2.2619,2.5,3.6111,2.791,medium
South Australia,2022-02-21,2.2619,2.5,3.6111,2.791,medium
South Australia,2022-02-22,2.2619,2.5,3.6111,2.791,medium
South Australia,2022-02-23,2.2619,2.5,3.6111,2.791,medium
South Australia,2022-02-24,2.2619,2.5,3.6111,2.791,medium
South Australia,2022-02-25,2.2619,2.5,3.6111,2.791,medium
South Australia,2022-02-26,2.2619,2.5,3.6111,2.791,medium
South Australia,2022-02-27,2.2619,2.5,3.6111,2.791,medium
South Australia,2022-02-28,2.2619,2.5,3.6111,2.791,medium
South Australia,2022-03-01,2.2619,2.5,3.6111,2.791,medium
South Australia,2022-03-02,2.2619,2.5,3.6111,2.791,medium
South Australia,2022-03-03,2.2619,2.5,3.6111,2.791,medium
South Australia,2022-03-04,2.2619,2.5,3.6111,2.791,medium
South Australia,2022-03-05,2.2619,2.5,3.6111,2.791,medium
South Australia,2022-03-06,2.2619,2.5,3.6111,2.791,medium
South Australia,2022-03-07,2.2619,2.5,3.6111,2.791,medium
South Australia,2022-03-08,2.2619,2.5,3.6111,2.791,medium
South Australia,2022-03-09,2.2619,2.5,3.6111,2.791,medium
South Australia,2022-03-10,2.2619,2.5,3.6111,2.791,medium
South Australia,2022-03-11,2.2619,2.5,3.6111,2.791,medium
South Australia,2022-03-12,1.4881,2.5,3.6111,2.5331,medium
South Australia,2022-03-13,1.4881,2.5,3.6111,2.5331,medium
South Australia,2022-03-14,1.4881,2.5,3.6111,2.5331,medium
South Australia,2022-03-15,0.7738,2.5,4.0278,2.4339,medium
South Australia,2022-03-16,0.7738,2.5,4.0278,2.4339,medium
South Australia,2022-03-17,0.7738,2.5,4.0278,2.4339,medium
South Australia,2022-03-18,0.7738,2.5,4.0278,2.4339,medium
South Australia,2022-03-19,0.7738,2.5,4.0278,2.4339,medium
South Australia,2022-03-20,0.7738,2.5,4.0278,2.4339,medium
South Australia,2022-03-21,0.7738,2.5,4.0278,2.4339,medium
South Australia,2022-03-22,0.7738,2.5,4.0278,2.4339,medium
South Australia,2022-03-23,0.7738,2.5,4.0278,2.4339,medium
South Australia,2022-03-24,0.7738,2.5,4.0278,2.4339,medium
South Australia,2022-03-25,0.7738,2.5,4.0278,2.4339,medium
South Australia,2022-03-26,0.7738,2.5,4.0278,2.4339,medium
South Australia,2022-03-27,0.7738,2.5,4.0278,2.4339,medium
South Australia,2022-03-28,0.7738,2.5,4.0278,2.4339,medium
South Australia,2022-03-29,0.7738,2.5,4.0278,2.4339,medium
South Australia,2022-03-30,0.7738,2.5,4.0278,2.4339,medium
South Australia,2022-03-31,0.7738,2.5,4.0278,2.4339,medium
South Australia,2022-04-01,0.7738,2.5,4.0278,2.4339,medium
South Australia,2022-04-02,0.7738,2.5,4.0278,2.4339,medium
South Australia,2022-04-03,0.7738,2.5,4.0278,2.4339,medium
South Australia,2022-04-04,0.7738,2.5,4.0278,2.4339,medium
South Australia,2022-04-05,0.7738,2.5,4.0278,2.4339,medium
South Australia,2022-04-06,0.7738,2.5,4.0278,2.4339,medium
South Australia,2022-04-07,0.7738,2.5,4.0278,2.4339,medium
South Australia,2022-04-08,0.7738,2.5,4.0278,2.4339,medium
South Australia,2022-04-09,0.7738,2.5,4.0278,2.4339,medium
South Australia,2022-04-10,0.7738,2.5,4.0278,2.4339,medium
South Australia,2022-04-11,0.7738,2.5,4.0278,2.4339,medium
South Australia,2022-04-12,0.7738,2.5,4.0278,2.4339,medium
South Australia,2022-04-13,0.7738,2.5,4.0278,2.4339,medium
South Australia,2022-04-14,0.7738,2.5,4.0278,2.4339,medium
South Australia,2022-04-15,0.7738,2.5,4.0278,2.4339,medium
South Australia,2022-04-16,0.7738,2.5,4.0278,2.4339,medium
South Australia,2022-04-17,0.7738,2.5,4.0278,2.4339,medium
South Australia,2022-04-18,0.7738,2.5,4.0278,2.4339,medium
South Australia,2022-04-19,0.7738,2.5,4.0278,2.4339,medium
South Australia,2022-04-20,0.7738,2.5,4.0278,2.4339,medium
South Australia,2022-04-21,0.7738,2.5,4.0278,2.4339,medium
South Australia,2022-04-22,0.7738,2.5,4.0278,2.4339,medium
South Australia,2022-04-23,0.7738,2.5,4.0278,2.4339,medium
South Australia,2022-04-24,0.7738,2.5,4.0278,2.4339,medium
South Australia,2022-04-25,0.7738,2.5,4.0278,2.4339,medium
South Australia,2022-04-26,0.7738,2.5,4.0278,2.4339,medium
South Australia,2022-04-27,0.7738,2.5,4.0278,2.4339,medium
South Australia,2022-04-28,0.5952,2.5,4.0278,2.3743,medium
South Australia,2022-04-29,0.5952,2.5,4.0278,2.3743,medium
South Australia,2022-04-30,0.5952,2.5,4.0278,2.3743,medium
South Australia,2022-05-01,0.5952,2.5,4.0278,2.3743,medium
South Australia,2022-05-02,0.5952,2.5,4.0278,2.3743,medium
South Australia,2022-05-03,0.5952,2.5,4.0278,2.3743,medium
South Australia,2022-05-04,0.5952,2.5,4.0278,2.3743,medium
South Australia,2022-05-05,0.5952,2.5,4.0278,2.3743,medium
South Australia,2022-05-06,0.5952,2.5,4.0278,2.3743,medium
South Australia,2022-05-07,0.5952,2.5,4.0278,2.3743,medium
South Australia,2022-05-08,0.5952,2.5,4.0278,2.3743,medium
South Australia,2022-05-09,0.5952,2.5,4.0278,2.3743,medium
South Australia,2022-05-10,0.5952,2.5,4.0278,2.3743,medium
South Australia,2022-05-11,0.5952,2.5,4.0278,2.3743,medium
South Australia,2022-05-12,0.5952,1.25,4.0278,1.9577,low
South Australia,2022-05-13,0.5952,1.25,4.0278,1.9577,low
South Australia,2022-05-14,0.5952,1.25,4.0278,1.9577,low
South Australia,2022-05-15,0.5952,1.25,4.0278,1.9577,low
South Australia,2022-05-16,0.5952,1.25,4.0278,1.9577,low
South Australia,2022-05-17,0.5952,1.25,4.0278,1.9577,low
South Australia,2022-05-18,0.5952,1.25,4.0278,1.9577,low
South Australia,2022-05-19,0.5952,1.25,4.0278,1.9577,low
South Australia,2022-05-20,0.4167,1.25,4.0278,1.8982,low
South Australia,2022-05-21,0.4167,1.25,4.0278,1.8982,low
South Australia,2022-05-22,0.4167,1.25,4.0278,1.8982,low
South Australia,2022-05-23,0.4167,1.25,4.0278,1.8982,low
South Australia,2022-05-24,0.4167,1.25,4.0278,1.8982,low
South Australia,2022-05-25,0.4167,1.25,4.0278,1.8982,low
South Australia,2022-05-26,0.4167,1.25,4.0278,1.8982,low
South Australia,2022-05-27,0.4167,1.25,4.0278,1.8982,low
South Australia,2022-05-28,0.4167,1.25,4.0278,1.8982,low
South Australia,2022-05-29,0.4167,1.25,4.0278,1.8982,low
South Australia,2022-05-30,0.4167,1.25,4.0278,1.8982,low
South Australia,2022-05-31,0.4167,1.25,4.0278,1.8982,low
South Australia,2022-06-01,0.4167,1.25,4.0278,1.8982,low
South Australia,2022-06-02,0.4167,1.25,4.0278,1.8982,low
South Australia,2022-06-03,0.6548,1.25,4.0278,1.9775,low
South Australia,2022-06-04,0.6548,1.25,4.0278,1.9775,low
South Australia,2022-06-05,0.6548,1.25,4.0278,1.9775,low
South Australia,2022-06-06,0.6548,1.25,4.0278,1.9775,low
South Australia,2022-06-07,0.6548,1.25,4.0278,1.9775,low
South Australia,2022-06-08,0.6548,1.25,4.0278,1.9775,low
South Australia,2022-06-09,0.6548,1.25,4.0278,1.9775,low
South Australia,2022-06-10,0.4167,1.25,3.6111,1.7593,low
South Australia,2022-06-11,0.4167,1.25,3.6111,1.7593,low
South Australia,2022-06-12,0.4167,1.25,3.6111,1.7593,low
South Australia,2022-06-13,0.4167,1.25,3.6111,1.7593,low
South Australia,2022-06-14,0.4167,1.25,3.6111,1.7593,low
South Australia,2022-06-15,0.4167,1.25,3.6111,1.7593,low
South Australia,2022-06-16,0.4167,1.25,3.6111,1.7593,low
South Australia,2022-06-17,0.6548,1.25,4.0278,1.9775,low
South Australia,2022-06-18,0.6548,1.25,4.0278,1.9775,low
South Australia,2022-06-19,0.6548,1.25,4.0278,1.9775,low
South Australia,2022-06-20,0.6548,1.25,4.0278,1.9775,low
South Australia,2022-06-21,0.6548,1.25,4.0278,1.9775,low
South Australia,2022-06-22,0.6548,1.25,4.0278,1.9775,low
South Australia,2022-06-23,0.6548,1.25,4.0278,1.9775,low
South Australia,2022-06-24,0.6548,1.25,4.0278,1.9775,low
South Australia,2022-06-25,0.6548,1.25,4.0278,1.9775,low
South Australia,2022-06-26,0.6548,1.25,4.0278,1.9775,low
South Australia,2022-06-27,0.6548,1.25,4.0278,1.9775,low
South Australia,2022-06-28,0.6548,1.25,4.0278,1.9775,low
South Australia,2022-06-29,0.6548,1.25,4.0278,1.9775,low
South Australia,2022-06-30,0.6548,1.25,4.0278,1.9775,low
South Australia,2022-07-01,0.8333,1.25,4.0278,2.037,low
South Australia,2022-07-02,0.8333,1.25,4.0278,2.037,low
South Australia,2022-07-03,0.8333,1.25,4.0278,2.037,low
South Australia,2022-07-04,0.8333,1.25,4.0278,2.037,low
South Australia,2022-07-05,0.8333,1.25,4.0278,2.037,low
South Australia,2022-07-06,0.8333,1.25,4.0278,2.037,low
South Australia,2022-07-07,0.8333,1.25,4.0278,2.037,low
South Australia,2022-07-08,0.6548,1.25,4.3056,2.0701,low
South Australia,2022-07-09,0.6548,1.25,4.3056,2.0701,low
South Australia,2022-07-10,0.6548,1.25,4.3056,2.0701,low
South Australia,2022-07-11,0.6548,1.25,4.3056,2.0701,low
South Australia,2022-07-12,0.6548,1.25,4.3056,2.0701,low
South Australia,2022-07-13,0.6548,1.25,4.3056,2.0701,low
South Australia,2022-07-14,0.6548,1.25,4.3056,2.0701,low
South Australia,2022-07-15,0.6548,1.25,4.3056,2.0701,low
South Australia,2022-07-16,0.6548,1.25,4.3056,2.0701,low
South Australia,2022-07-17,0.6548,1.25,4.3056,2.0701,low
South Australia,2022-07-18,0.6548,1.25,4.3056,2.0701,low
South Australia,2022-07-19,0.6548,1.25,4.3056,2.0701,low
South Australia,2022-07-20,0.6548,1.25,4.3056,2.0701,low
South Australia,2022-07-21,0.6548,1.25,4.3056,2.0701,low
South Australia,2022-07-22,0.6548,1.25,4.3056,2.0701,low
South Australia,2022-07-23,0.6548,1.25,4.3056,2.0701,low
South Australia,2022-07-24,0.6548,1.25,4.3056,2.0701,low
South Australia,2022-07-25,0.6548,1.25,4.3056,2.0701,low
South Australia,2022-07-26,0.6548,1.25,4.3056,2.0701,low
South Australia,2022-07-27,0.6548,1.25,4.3056,2.0701,low
South Australia,2022-07-28,0.6548,1.25,4.3056,2.0701,low
South Australia,2022-07-29,0.6548,1.25,3.8889,1.9312,low
South Australia,2022-07-30,0.6548,1.25,3.8889,1.9312,low
South Australia,2022-07-31,0.6548,1.25,3.8889,1.9312,low
South Australia,2022-08-01,0.6548,1.25,3.8889,1.9312,low
South Australia,2022-08-02,0.6548,1.25,3.8889,1.9312,low
South Australia,2022-08-03,0.6548,1.25,3.8889,1.9312,low
South Australia,2022-08-04,0.6548,1.25,3.8889,1.9312,low
South Australia,2022-08-05,0.6548,1.25,3.8889,1.9312,low
South Australia,2022-08-06,0.4167,1.25,3.8889,1.8519,low
South Australia,2022-08-07,0.4167,1.25,3.8889,1.8519,low
South Australia,2022-08-08,0.4167,1.25,3.8889,1.8519,low
South Australia,2022-08-09,0.4167,1.25,3.8889,1.8519,low
South Australia,2022-08-10,0.4167,1.25,3.8889,1.8519,low
South Australia,2022-08-11,0.4167,1.25,3.8889,1.8519,low
South Australia,2022-08-12,0.4167,1.25,3.8889,1.8519,low
South Australia,2022-08-13,0.7738,1.25,3.8889,1.9709,low
South Australia,2022-08-14,0.7738,1.25,3.8889,1.9709,low
South Australia,2022-08-15,0.7738,1.25,3.8889,1.9709,low
South Australia,2022-08-16,0.7738,1.25,3.8889,1.9709,low
South Australia,2022-08-17,0.7738,1.25,3.8889,1.9709,low
South Australia,2022-08-18,0.7738,1.25,3.8889,1.9709,low
South Australia,2022-08-19,0.7738,1.25,3.8889,1.9709,low
South Australia,2022-08-20,0.7738,1.25,3.8889,1.9709,low
South Australia,2022-08-21,0.7738,1.25,3.8889,1.9709,low
South Australia,2022-08-22,0.7738,1.25,3.8889,1.9709,low
South Australia,2022-08-23,0.7738,1.25,3.8889,1.9709,low
South Australia,2022-08-24,0.7738,1.25,3.8889,1.9709,low
South Australia,2022-08-25,0.7738,1.25,3.8889,1.9709,low
South Australia,2022-08-26,0.7738,1.25,3.8889,1.9709,low
South Australia,2022-08-27,0.4167,1.25,3.8889,1.8519,low
South Australia,2022-08-28,0.4167,1.25,3.8889,1.8519,low
South Australia,2022-08-29,0.4167,1.25,3.8889,1.8519,low
South Australia,2022-08-30,0.4167,1.25,3.8889,1.8519,low
South Australia,2022-08-31,0.4167,1.25,3.8889,1.8519,low
South Australia,2022-09-01,0.4167,1.25,3.8889,1.8519,low
South Australia,2022-09-02,0.4167,1.25,3.8889,1.8519,low
South Australia,2022-09-03,0.4167,1.25,3.8889,1.8519,low
South Australia,2022-09-04,0.4167,1.25,3.8889,1.8519,low
South Australia,2022-09-05,0.4167,1.25,3.8889,1.8519,low
South Australia,2022-09-06,0.4167,1.25,3.8889,1.8519,low
South Australia,2022-09-07,0.4167,1.25,3.8889,1.8519,low
South Australia,2022-09-08,0.4167,1.25,3.8889,1.8519,low
South Australia,2022-09-09,0.4167,1.25,3.8889,1.8519,low
South Australia,2022-09-10,0.4167,1.25,3.8889,1.8519,low
South Australia,2022-09-11,0.4167,1.25,3.8889,1.8519,low
South Australia,2022-09-12,0.4167,1.25,3.8889,1.8519,low
South Australia,2022-09-13,0.4167,1.25,3.8889,1.8519,low
South Australia,2022-09-14,0.4167,1.25,3.8889,1.8519,low
South Australia,2022-09-15,0.4167,1.25,3.8889,1.8519,low
South Australia,2022-09-16,0.4167,1.25,3.8889,1.8519,low
South Australia,2022-09-17,0.4167,1.25,3.8889,1.8519,low
South Australia,2022-09-18,0.4167,1.25,3.8889,1.8519,low
South Australia,2022-09-19,0.4167,1.25,3.8889,1.8519,low
South Australia,2022-09-20,0.4167,1.25,3.8889,1.8519,low
South Australia,2022-09-21,0.4167,1.25,3.8889,1.8519,low
South Australia,2022-09-22,0.4167,1.25,3.8889,1.8519,low
South Australia,2022-09-23,0.4167,1.25,3.8889,1.8519,low
South Australia,2022-09-24,0.4167,1.25,3.8889,1.8519,low
South Australia,2022-09-25,0.4167,1.25,3.8889,1.8519,low
South Australia,2022-09-26,0.4167,1.25,3.8889,1.8519,low
South Australia,2022-09-27,0.4167,1.25,3.8889,1.8519,low
South Australia,2022-09-28,0.4167,1.25,3.8889,1.8519,low
South Australia,2022-09-29,0.4167,1.25,3.8889,1.8519,low
South Australia,2022-09-30,0.4167,1.25,3.8889,1.8519,low
South Australia,2022-10-01,0.2381,1.25,3.8889,1.7923,low
South Australia,2022-10-02,0.2381,1.25,3.8889,1.7923,low
South Australia,2022-10-03,0.2381,1.25,3.8889,1.7923,low
South Australia,2022-10-04,0.2381,1.25,3.8889,1.7923,low
South Australia,2022-10-05,0.2381,1.25,3.8889,1.7923,low
South Australia,2022-10-06,0.2381,1.25,3.8889,1.7923,low
South Australia,2022-10-07,0.2381,1.25,3.8889,1.7923,low
South Australia,2022-10-08,0.2381,1.25,3.8889,1.7923,low
South Australia,2022-10-09,0.2381,1.25,3.8889,1.7923,low
South Australia,2022-10-10,0.2381,1.25,3.8889,1.7923,low
South Australia,2022-10-11,0.2381,1.25,3.8889,1.7923,low
South Australia,2022-10-12,0.2381,1.25,3.8889,1.7923,low
South Australia,2022-10-13,0.2381,1.25,3.8889,1.7923,low
South Australia,2022-10-14,0.2381,0.0,3.8889,1.3757,low
South Australia,2022-10-15,0.2381,0.0,3.8889,1.3757,low
South Australia,2022-10-16,0.2381,0.0,3.8889,1.3757,low
South Australia,2022-10-17,0.2381,0.0,3.8889,1.3757,low
South Australia,2022-10-18,0.2381,0.0,3.8889,1.3757,low
South Australia,2022-10-19,0.2381,0.0,3.8889,1.3757,low
South Australia,2022-10-20,0.2381,0.0,3.8889,1.3757,low
South Australia,2022-10-21,0.2381,0.0,3.8889,1.3757,low
South Australia,2022-10-22,0.2381,0.0,3.8889,1.3757,low
South Australia,2022-10-23,0.2381,0.0,3.8889,1.3757,low
South Australia,2022-10-24,0.2381,0.0,3.8889,1.3757,low
South Australia,2022-10-25,0.2381,0.0,3.8889,1.3757,low
South Australia,2022-10-26,0.2381,0.0,3.8889,1.3757,low
South Australia,2022-10-27,0.2381,0.0,3.8889,1.3757,low
South Australia,2022-10-28,0.2381,0.0,3.8889,1.3757,low
South Australia,2022-10-29,0.2381,0.0,3.8889,1.3757,low
South Australia,2022-10-30,0.2381,0.0,3.8889,1.3757,low
South Australia,2022-10-31,0.2381,0.0,3.8889,1.3757,low
South Australia,2022-11-01,0.2381,0.0,3.8889,1.3757,low
South Australia,2022-11-02,0.2381,0.0,3.8889,1.3757,low
South Australia,2022-11-03,0.2381,0.0,3.8889,1.3757,low
South Australia,2022-11-04,0.2381,0.0,3.8889,1.3757,low
South Australia,2022-11-05,0.2381,0.0,3.8889,1.3757,low
South Australia,2022-11-06,0.2381,0.0,3.8889,1.3757,low
South Australia,2022-11-07,0.2381,0.0,3.8889,1.3757,low
South Australia,2022-11-08,0.2381,0.0,3.8889,1.3757,low
South Australia,2022-11-09,0.2381,0.0,3.8889,1.3757,low
South Australia,2022-11-10,0.2381,0.0,3.8889,1.3757,low
South Australia,2022-11-11,0.2381,0.0,3.8889,1.3757,low
South Australia,2022-11-12,0.2381,0.0,3.8889,1.3757,low
South Australia,2022-11-13,0.2381,0.0,3.8889,1.3757,low
South Australia,2022-11-14,0.2381,0.0,3.8889,1.3757,low
South Australia,2022-11-15,0.2381,0.0,3.8889,1.3757,low
South Australia,2022-11-16,0.2381,0.0,3.8889,1.3757,low
South Australia,2022-11-17,0.2381,0.0,3.8889,1.3757,low
South Australia,2022-11-18,0.2381,0.0,3.8889,1.3757,low
South Australia,2022-11-19,0.2381,0.0,3.8889,1.3757,low
South Australia,2022-11-20,0.2381,0.0,3.8889,1.3757,low
South Australia,2022-11-21,0.2381,0.0,3.8889,1.3757,low
South Australia,2022-11-22,0.2381,0.0,3.8889,1.3757,low
South Australia,2022-11-23,0.2381,0.0,3.8889,1.3757,low
South Australia,2022-11-24,0.2381,0.0,3.8889,1.3757,low
South Australia,2022-11-25,0.2381,0.0,3.8889,1.3757,low
South Australia,2022-11-26,0.2381,0.0,3.8889,1.3757,low
South Australia,2022-11-27,0.2381,0.0,3.8889,1.3757,low
South Australia,2022-11-28,0.2381,0.0,3.8889,1.3757,low
South Australia,2022-11-29,0.2381,0.0,3.8889,1.3757,low
South Australia,2022-11-30,0.2381,0.0,3.8889,1.3757,low
South Australia,2022-12-01,0.2381,0.0,3.8889,1.3757,low
South Australia,2022-12-02,0.2381,0.0,3.8889,1.3757,low
South Australia,2022-12-03,0.2381,0.0,3.8889,1.3757,low
South Australia,2022-12-04,0.2381,0.0,3.8889,1.3757,low
South Australia,2022-12-05,0.2381,0.0,3.8889,1.3757,low
South Australia,2022-12-06,0.2381,0.0,3.8889,1.3757,low
South Australia,2022-12-07,0.2381,0.0,3.8889,1.3757,low
South Australia,2022-12-08,0.2381,0.0,3.8889,1.3757,low
South Australia,2022-12-09,0.2381,0.0,3.8889,1.3757,low
South Australia,2022-12-10,0.2381,0.0,3.8889,1.3757,low
South Australia,2022-12-11,0.2381,0.0,3.8889,1.3757,low
South Australia,2022-12-12,0.2381,0.0,3.8889,1.3757,low
South Australia,2022-12-13,0.2381,0.0,3.8889,1.3757,low
South Australia,2022-12-14,0.2381,0.0,3.8889,1.3757,low
South Australia,2022-12-15,0.2381,0.0,3.8889,1.3757,low
South Australia,2022-12-16,0.2381,0.0,3.8889,1.3757,low
South Australia,2022-12-17,0.2381,0.0,3.8889,1.3757,low
South Australia,2022-12-18,0.2381,0.0,3.8889,1.3757,low
South Australia,2022-12-19,0.2381,0.0,3.8889,1.3757,low
South Australia,2022-12-20,0.2381,0.0,3.8889,1.3757,low
South Australia,2022-12-21,0.2381,0.0,3.8889,1.3757,low
South Australia,2022-12-22,0.2381,0.0,3.8889,1.3757,low
South Australia,2022-12-23,0.2381,0.0,3.8889,1.3757,low
South Australia,2022-12-24,0.2381,0.0,3.8889,1.3757,low
South Australia,2022-12-25,0.2381,0.0,3.8889,1.3757,low
South Australia,2022-12-26,0.2381,0.0,3.8889,1.3757,low
South Australia,2022-12-27,0.2381,0.0,3.8889,1.3757,low
South Australia,2022-12-28,0.2381,0.0,3.8889,1.3757,low
South Australia,2022-12-29,0.2381,0.0,3.8889,1.3757,low
South Australia,2022-12-30,0.2381,0.0,3.8889,1.3757,low
South Australia,2022-12-31,0.2381,0.0,3.8889,1.3757,low
Tasmania,2020-01-01,0.0,0.0,0.0,0.0,low
Tasmania,2020-01-02,0.0,0.0,0.0,0.0,low
Tasmania,2020-01-03,0.0,0.0,0.0,0.0,low
Tasmania,2020-01-04,0.0,0.0,0.0,0.0,low
Tasmania,2020-01-05,0.0,0.0,0.0,0.0,low
Tasmania,2020-01-06,0.0,0.0,0.0,0.0,low
Tasmania,2020-01-07,0.0,0.0,0.0,0.0,low
Tasmania,2020-01-08,0.0,0.0,0.0,0.0,low
Tasmania,2020-01-09,0.0,0.0,0.0,0.0,low
Tasmania,2020-01-10,0.0,0.0,0.0,0.0,low
Tasmania,2020-01-11,0.0,0.0,0.0,0.0,low
Tasmania,2020-01-12,0.0,0.0,0.0,0.0,low
Tasmania,2020-01-13,0.0,0.0,0.0,0.0,low
Tasmania,2020-01-14,0.0,0.0,0.0,0.0,low
Tasmania,2020-01-15,0.0,0.0,0.0,0.0,low
Tasmania,2020-01-16,0.0,0.0,0.0,0.0,low
Tasmania,2020-01-17,0.0,0.0,0.0,0.0,low
Tasmania,2020-01-18,0.0,0.0,0.0,0.0,low
Tasmania,2020-01-19,0.0,0.0,0.0,0.0,low
Tasmania,2020-01-20,0.0,0.0,0.0,0.0,low
Tasmania,2020-01-21,0.0,0.0,0.0,0.0,low
Tasmania,2020-01-22,0.0,0.0,0.0,0.0,low
Tasmania,2020-01-23,0.0,0.0,0.0,0.0,low
Tasmania,2020-01-24,0.0,0.0,0.0,0.0,low
Tasmania,2020-01-25,0.0,0.0,0.0,0.0,low
Tasmania,2020-01-26,0.0,0.0,0.0,0.0,low
Tasmania,2020-01-27,0.0,0.0,0.0,0.0,low
Tasmania,2020-01-28,0.0,0.0,0.0,0.0,low
Tasmania,2020-01-29,0.0,0.0,0.0,0.0,low
Tasmania,2020-01-30,0.0,0.0,0.0,0.0,low
Tasmania,2020-01-31,0.0,0.0,0.0,0.0,low
Tasmania,2020-02-01,0.5357,0.0,0.0,0.1786,low
Tasmania,2020-02-02,0.5357,0.0,0.0,0.1786,low
Tasmania,2020-02-03,0.5357,0.0,0.0,0.1786,low
Tasmania,2020-02-04,0.5357,0.0,0.0,0.1786,low
Tasmania,2020-02-05,0.5357,0.0,0.0,0.1786,low
Tasmania,2020-02-06,0.5357,0.0,0.0,0.1786,low
Tasmania,2020-02-07,0.5357,0.0,0.0,0.1786,low
Tasmania,2020-02-08,0.5357,0.0,0.0,0.1786,low
Tasmania,2020-02-09,0.5357,0.0,0.0,0.1786,low
Tasmania,2020-02-10,0.5357,0.0,0.0,0.1786,low
Tasmania,2020-02-11,0.5357,0.0,0.0,0.1786,low
Tasmania,2020-02-12,0.5357,0.0,0.0,0.1786,low
Tasmania,2020-02-13,0.5357,0.0,0.0,0.1786,low
Tasmania,2020-02-14,0.5357,0.0,0.0,0.1786,low
Tasmania,2020-02-15,0.5357,0.0,0.0,0.1786,low
Tasmania,2020-02-16,0.5357,0.0,0.0,0.1786,low
Tasmania,2020-02-17,0.5357,0.0,0.0,0.1786,low
Tasmania,2020-02-18,0.5357,0.0,0.0,0.1786,low
Tasmania,2020-02-19,0.5357,0.0,0.0,0.1786,low
Tasmania,2020-02-20,0.5357,0.0,0.0,0.1786,low
Tasmania,2020-02-21,0.5357,0.0,0.0,0.1786,low
Tasmania,2020-02-22,0.5357,0.0,0.0,0.1786,low
Tasmania,2020-02-23,0.5357,0.0,0.0,0.1786,low
Tasmania,2020-02-24,0.5357,0.0,0.0,0.1786,low
Tasmania,2020-02-25,0.5357,0.0,0.0,0.1786,low
Tasmania,2020-02-26,0.5357,0.0,0.0,0.1786,low
Tasmania,2020-02-27,0.5357,0.0,0.0,0.1786,low
Tasmania,2020-02-28,0.5357,0.0,0.0,0.1786,low
Tasmania,2020-02-29,0.5357,0.0,0.0,0.1786,low
Tasmania,2020-03-01,0.5357,0.0,1.5278,0.6878,low
Tasmania,2020-03-02,0.5357,0.0,1.5278,0.6878,low
Tasmania,2020-03-03,0.5357,0.0,1.5278,0.6878,low
Tasmania,2020-03-04,0.5357,0.0,1.5278,0.6878,low
Tasmania,2020-03-05,0.5357,0.0,1.5278,0.6878,low
Tasmania,2020-03-06,0.5357,0.0,1.5278,0.6878,low
Tasmania,2020-03-07,0.5357,0.0,1.5278,0.6878,low
Tasmania,2020-03-08,0.5357,0.0,1.5278,0.6878,low
Tasmania,2020-03-09,0.5357,0.0,1.5278,0.6878,low
Tasmania,2020-03-10,0.5357,0.0,1.5278,0.6878,low
Tasmania,2020-03-11,0.5357,0.0,1.5278,0.6878,low
Tasmania,2020-03-12,0.5357,0.0,1.5278,0.6878,low
Tasmania,2020-03-13,0.5357,0.0,1.5278,0.6878,low
Tasmania,2020-03-14,0.5357,0.0,1.5278,0.6878,low
Tasmania,2020-03-15,1.0714,0.0,1.5278,0.8664,low
Tasmania,2020-03-16,1.5476,0.0,1.3194,0.9557,low
Tasmania,2020-03-17,1.5476,0.0,1.875,1.1409,low
Tasmania,2020-03-18,1.5476,0.0,1.875,1.1409,low
Tasmania,2020-03-19,1.5476,0.0,1.875,1.1409,low
Tasmania,2020-03-20,2.4405,0.0,1.875,1.4385,low
Tasmania,2020-03-21,2.4405,0.0,1.875,1.4385,low
Tasmania,2020-03-22,2.4405,0.0,1.875,1.4385,low
Tasmania,2020-03-23,2.6786,0.0,2.1528,1.6105,low
Tasmania,2020-03-24,3.0357,0.0,2.1528,1.7295,low
Tasmania,2020-03-25,3.0357,1.25,2.1528,2.1462,low
Tasmania,2020-03-26,3.4524,1.25,1.9444,2.2156,low
Tasmania,2020-03-27,3.4524,1.25,1.9444,2.2156,low
Tasmania,2020-03-28,3.4524,1.25,1.9444,2.2156,low
Tasmania,2020-03-29,3.6905,1.25,1.9444,2.295,medium
Tasmania,2020-03-30,3.6905,3.75,1.9444,3.1283,high
Tasmania,2020-03-31,3.6905,3.75,1.9444,3.1283,high
Tasmania,2020-04-01,3.9286,5.0,2.5694,3.8327,high
Tasmania,2020-04-02,3.9286,5.0,2.5694,3.8327,high
Tasmania,2020-04-03,3.9286,5.0,2.5694,3.8327,high
Tasmania,2020-04-04,3.9286,5.0,2.5694,3.8327,high
Tasmania,2020-04-05,3.9286,5.0,2.5694,3.8327,high
Tasmania,2020-04-06,3.9286,5.0,2.5694,3.8327,high
Tasmania,2020-04-07,3.9286,5.0,2.5694,3.8327,high
Tasmania,2020-04-08,3.9286,5.0,2.5694,3.8327,high
Tasmania,2020-04-09,3.9286,5.0,2.5694,3.8327,high
Tasmania,2020-04-10,3.9286,5.0,2.5694,3.8327,high
Tasmania,2020-04-11,3.9286,5.0,2.5694,3.8327,high
Tasmania,2020-04-12,3.9286,5.0,2.5694,3.8327,high
Tasmania,2020-04-13,4.1667,5.0,2.5694,3.912,high
Tasmania,2020-04-14,4.1667,5.0,2.5694,3.912,high
Tasmania,2020-04-15,4.1667,5.0,2.5694,3.912,high
Tasmania,2020-04-16,4.1667,5.0,2.5694,3.912,high
Tasmania,2020-04-17,4.1667,5.0,2.5694,3.912,high
Tasmania,2020-04-18,4.1667,5.0,2.5694,3.912,high
Tasmania,2020-04-19,4.1667,5.0,2.5694,3.912,high
Tasmania,2020-04-20,4.1667,5.0,2.5694,3.912,high
Tasmania,2020-04-21,4.1667,5.0,2.5694,3.912,high
Tasmania,2020-04-22,4.1667,5.0,2.5694,3.912,high
Tasmania,2020-04-23,4.1667,5.0,2.5694,3.912,high
Tasmania,2020-04-24,4.1667,5.0,2.5694,3.912,high
Tasmania,2020-04-25,4.1667,5.0,2.5694,3.912,high
Tasmania,2020-04-26,4.1667,5.0,2.5694,3.912,high
Tasmania,2020-04-27,4.1667,5.0,2.5694,3.912,high
Tasmania,2020-04-28,4.1667,5.0,2.5694,3.912,high
Tasmania,2020-04-29,4.1667,5.0,2.5694,3.912,high
Tasmania,2020-04-30,4.1667,5.0,2.9861,4.0509,high
Tasmania,2020-05-01,4.1667,5.0,2.9861,4.0509,high
Tasmania,2020-05-02,4.1667,5.0,2.9861,4.0509,high
Tasmania,2020-05-03,4.1667,5.0,2.9861,4.0509,high
Tasmania,2020-05-04,4.1667,5.0,2.9861,4.0509,high
Tasmania,2020-05-05,4.1667,5.0,2.9861,4.0509,high
Tasmania,2020-05-06,4.1667,5.0,2.9861,4.0509,high
Tasmania,2020-05-07,4.1667,5.0,2.9861,4.0509,high
Tasmania,2020-05-08,4.1667,5.0,2.9861,4.0509,high
Tasmania,2020-05-09,4.1667,5.0,2.9861,4.0509,high
Tasmania,2020-05-10,4.1667,5.0,2.9861,4.0509,high
Tasmania,2020-05-11,4.1667,5.0,3.2639,4.1435,high
Tasmania,2020-05-12,4.1667,5.0,3.2639,4.1435,high
Tasmania,2020-05-13,4.1667,5.0,3.2639,4.1435,high
Tasmania,2020-05-14,4.1667,5.0,3.2639,4.1435,high
Tasmania,2020-05-15,4.1667,5.0,3.2639,4.1435,high
Tasmania,2020-05-16,4.1667,5.0,3.2639,4.1435,high
Tasmania,2020-05-17,4.1667,5.0,3.2639,4.1435,high
Tasmania,2020-05-18,4.1667,5.0,3.2639,4.1435,high
Tasmania,2020-05-19,4.1667,5.0,3.2639,4.1435,high
Tasmania,2020-05-20,4.1667,5.0,3.2639,4.1435,high
Tasmania,2020-05-21,3.4524,5.0,3.2639,3.9054,high
Tasmania,2020-05-22,3.4524,5.0,3.2639,3.9054,high
Tasmania,2020-05-23,3.4524,5.0,3.2639,3.9054,high
Tasmania,2020-05-24,3.4524,5.0,3.2639,3.9054,high
Tasmania,2020-05-25,3.4524,5.0,3.2639,3.9054,high
Tasmania,2020-05-26,3.4524,5.0,3.2639,3.9054,high
Tasmania,2020-05-27,3.4524,5.0,3.2639,3.9054,high
Tasmania,2020-05-28,3.4524,5.0,3.2639,3.9054,high
Tasmania,2020-05-29,3.4524,5.0,2.9861,3.8128,high
Tasmania,2020-05-30,3.4524,5.0,2.9861,3.8128,high
Tasmania,2020-05-31,3.4524,5.0,2.9861,3.8128,high
Tasmania,2020-06-01,3.4524,5.0,2.9861,3.8128,high
Tasmania,2020-06-02,3.4524,5.0,2.9861,3.8128,high
Tasmania,2020-06-03,3.4524,5.0,2.9861,3.8128,high
Tasmania,2020-06-04,3.4524,5.0,2.9861,3.8128,high
Tasmania,2020-06-05,3.4524,5.0,2.9861,3.8128,high
Tasmania,2020-06-06,3.4524,5.0,2.9861,3.8128,high
Tasmania,2020-06-07,3.4524,5.0,2.9861,3.8128,high
Tasmania,2020-06-08,3.4524,5.0,2.9861,3.8128,high
Tasmania,2020-06-09,3.2143,5.0,2.9861,3.7335,high
Tasmania,2020-06-10,3.2143,5.0,2.9861,3.7335,high
Tasmania,2020-06-11,3.2143,5.0,2.9861,3.7335,high
Tasmania,2020-06-12,3.2143,5.0,2.9861,3.7335,high
Tasmania,2020-06-13,3.2143,5.0,2.9861,3.7335,high
Tasmania,2020-06-14,3.2143,5.0,2.9861,3.7335,high
Tasmania,2020-06-15,3.2143,5.0,2.9861,3.7335,high
Tasmania,2020-06-16,3.2143,5.0,2.9861,3.7335,high
Tasmania,2020-06-17,3.0357,5.0,2.9861,3.6739,high
Tasmania,2020-06-18,3.0357,5.0,2.9861,3.6739,high
Tasmania,2020-06-19,3.0357,5.0,2.9861,3.6739,high
Tasmania,2020-06-20,3.0357,5.0,2.9861,3.6739,high
Tasmania,2020-06-21,3.0357,5.0,2.9861,3.6739,high
Tasmania,2020-06-22,3.0357,5.0,2.9861,3.6739,high
Tasmania,2020-06-23,3.0357,5.0,2.9861,3.6739,high
Tasmania,2020-06-24,3.0357,5.0,2.9861,3.6739,high
Tasmania,2020-06-25,3.0357,5.0,2.9861,3.6739,high
Tasmania,2020-06-26,2.7976,5.0,2.9861,3.5946,high
Tasmania,2020-06-27,2.7976,5.0,2.9861,3.5946,high
Tasmania,2020-06-28,2.7976,5.0,2.9861,3.5946,high
Tasmania,2020-06-29,2.7976,5.0,2.9861,3.5946,high
Tasmania,2020-06-30,2.7976,5.0,2.9861,3.5946,high
Tasmania,2020-07-01,2.7976,5.0,2.9861,3.5946,high
Tasmania,2020-07-02,2.7976,5.0,2.9861,3.5946,high
Tasmania,2020-07-03,2.7976,5.0,2.9861,3.5946,high
Tasmania,2020-07-04,2.7976,5.0,2.9861,3.5946,high
Tasmania,2020-07-05,2.7976,5.0,2.9861,3.5946,high
Tasmania,2020-07-06,2.7976,5.0,2.9861,3.5946,high
Tasmania,2020-07-07,2.7976,5.0,2.9861,3.5946,high
Tasmania,2020-07-08,2.7976,5.0,2.9861,3.5946,high
Tasmania,2020-07-09,2.7976,5.0,2.9861,3.5946,high
Tasmania,2020-07-10,2.7976,5.0,2.9861,3.5946,high
Tasmania,2020-07-11,2.7976,5.0,2.9861,3.5946,high
Tasmania,2020-07-12,2.7976,5.0,2.9861,3.5946,high
Tasmania,2020-07-13,2.7976,5.0,2.9861,3.5946,high
Tasmania,2020-07-14,2.7976,5.0,2.9861,3.5946,high
Tasmania,2020-07-15,2.7976,5.0,2.9861,3.5946,high
Tasmania,2020-07-16,2.7976,5.0,2.9861,3.5946,high
Tasmania,2020-07-17,2.7976,5.0,2.9861,3.5946,high
Tasmania,2020-07-18,2.7976,5.0,2.9861,3.5946,high
Tasmania,2020-07-19,2.7976,5.0,2.9861,3.5946,high
Tasmania,2020-07-20,2.7976,5.0,2.9861,3.5946,high
Tasmania,2020-07-21,2.7976,5.0,2.9861,3.5946,high
Tasmania,2020-07-22,2.7976,5.0,2.9861,3.5946,high
Tasmania,2020-07-23,2.7976,5.0,2.9861,3.5946,high
Tasmania,2020-07-24,2.7976,5.0,2.9861,3.5946,high
Tasmania,2020-07-25,2.7976,5.0,2.9861,3.5946,high
Tasmania,2020-07-26,2.7976,5.0,2.9861,3.5946,high
Tasmania,2020-07-27,2.7976,5.0,2.9861,3.5946,high
Tasmania,2020-07-28,2.619,5.0,2.9861,3.535,high
Tasmania,2020-07-29,2.619,5.0,2.9861,3.535,high
Tasmania,2020-07-30,2.619,5.0,2.9861,3.535,high
Tasmania,2020-07-31,2.619,5.0,2.9861,3.535,high
Tasmania,2020-08-01,2.619,5.0,2.9861,3.535,high
Tasmania,2020-08-02,2.619,5.0,2.9861,3.535,high
Tasmania,2020-08-03,2.619,5.0,2.9861,3.535,high
Tasmania,2020-08-04,2.619,5.0,2.9861,3.535,high
Tasmania,2020-08-05,2.619,5.0,2.9861,3.535,high
Tasmania,2020-08-06,2.619,5.0,2.9861,3.535,high
Tasmania,2020-08-07,2.619,5.0,2.9861,3.535,high
Tasmania,2020-08-08,2.619,5.0,2.9861,3.535,high
Tasmania,2020-08-09,2.619,5.0,2.9861,3.535,high
Tasmania,2020-08-10,2.619,5.0,2.9861,3.535,high
Tasmania,2020-08-11,2.619,5.0,2.9861,3.535,high
Tasmania,2020-08-12,2.619,5.0,2.9861,3.535,high
Tasmania,2020-08-13,2.619,5.0,2.9861,3.535,high
Tasmania,2020-08-14,2.619,5.0,2.9861,3.535,high
Tasmania,2020-08-15,2.619,5.0,2.9861,3.535,high
Tasmania,2020-08-16,2.619,5.0,2.9861,3.535,high
Tasmania,2020-08-17,2.619,5.0,2.9861,3.535,high
Tasmania,2020-08-18,2.619,5.0,2.9861,3.535,high
Tasmania,2020-08-19,2.619,5.0,2.9861,3.535,high
Tasmania,2020-08-20,2.619,5.0,2.9861,3.535,high
Tasmania,2020-08-21,2.619,5.0,2.9861,3.535,high
Tasmania,2020-08-22,2.619,5.0,2.9861,3.535,high
Tasmania,2020-08-23,2.619,5.0,2.9861,3.535,high
Tasmania,2020-08-24,2.619,5.0,2.9861,3.535,high
Tasmania,2020-08-25,2.619,5.0,2.9861,3.535,high
Tasmania,2020-08-26,2.619,5.0,2.9861,3.535,high
Tasmania,2020-08-27,2.619,5.0,2.9861,3.535,high
Tasmania,2020-08-28,2.619,5.0,2.9861,3.535,high
Tasmania,2020-08-29,2.619,5.0,2.9861,3.535,high
Tasmania,2020-08-30,2.619,5.0,2.9861,3.535,high
Tasmania,2020-08-31,2.619,5.0,2.9861,3.535,high
Tasmania,2020-09-01,2.619,5.0,2.9861,3.535,high
Tasmania,2020-09-02,2.619,5.0,2.9861,3.535,high
Tasmania,2020-09-03,2.619,5.0,2.9861,3.535,high
Tasmania,2020-09-04,2.619,5.0,2.9861,3.535,high
Tasmania,2020-09-05,2.619,5.0,2.9861,3.535,high
Tasmania,2020-09-06,2.619,5.0,2.9861,3.535,high
Tasmania,2020-09-07,2.619,5.0,2.9861,3.535,high
Tasmania,2020-09-08,2.619,5.0,2.9861,3.535,high
Tasmania,2020-09-09,2.7976,5.0,2.9861,3.5946,high
Tasmania,2020-09-10,2.7976,5.0,2.9861,3.5946,high
Tasmania,2020-09-11,2.7976,5.0,2.9861,3.5946,high
Tasmania,2020-09-12,2.7976,5.0,2.9861,3.5946,high
Tasmania,2020-09-13,2.7976,5.0,2.9861,3.5946,high
Tasmania,2020-09-14,2.7976,5.0,2.9861,3.5946,high
Tasmania,2020-09-15,2.7976,5.0,2.9861,3.5946,high
Tasmania,2020-09-16,2.7976,5.0,2.9861,3.5946,high
Tasmania,2020-09-17,2.7976,3.75,2.9861,3.1779,high
Tasmania,2020-09-18,2.7976,3.75,2.9861,3.1779,high
Tasmania,2020-09-19,2.7976,3.75,2.9861,3.1779,high
Tasmania,2020-09-20,2.7976,3.75,2.9861,3.1779,high
Tasmania,2020-09-21,2.7976,3.75,2.9861,3.1779,high
Tasmania,2020-09-22,2.7976,3.75,2.9861,3.1779,high
Tasmania,2020-09-23,2.7976,3.75,2.9861,3.1779,high
Tasmania,2020-09-24,2.7976,3.75,2.9861,3.1779,high
Tasmania,2020-09-25,2.7976,2.5,2.9861,2.7612,medium
Tasmania,2020-09-26,2.7976,2.5,2.9861,2.7612,medium
Tasmania,2020-09-27,2.7976,2.5,2.9861,2.7612,medium
Tasmania,2020-09-28,2.7976,2.5,2.9861,2.7612,medium
Tasmania,2020-09-29,2.7976,2.5,2.9861,2.7612,medium
Tasmania,2020-09-30,2.7976,2.5,2.9861,2.7612,medium
Tasmania,2020-10-01,2.7976,2.5,2.9861,2.7612,medium
Tasmania,2020-10-02,2.7976,2.5,2.9861,2.7612,medium
Tasmania,2020-10-03,2.7976,2.5,2.9861,2.7612,medium
Tasmania,2020-10-04,2.7976,2.5,2.9861,2.7612,medium
Tasmania,2020-10-05,2.7976,2.5,2.9861,2.7612,medium
Tasmania,2020-10-06,2.7976,2.5,2.9861,2.7612,medium
Tasmania,2020-10-07,2.7976,2.5,2.9861,2.7612,medium
Tasmania,2020-10-08,2.7976,2.5,2.9861,2.7612,medium
Tasmania,2020-10-09,2.7976,2.5,2.9861,2.7612,medium
Tasmania,2020-10-10,2.7976,2.5,2.9861,2.7612,medium
Tasmania,2020-10-11,2.7976,2.5,2.9861,2.7612,medium
Tasmania,2020-10-12,2.7976,2.5,2.9861,2.7612,medium
Tasmania,2020-10-13,2.7976,2.5,2.9861,2.7612,medium
Tasmania,2020-10-14,2.7976,2.5,2.9861,2.7612,medium
Tasmania,2020-10-15,2.7976,2.5,2.9861,2.7612,medium
Tasmania,2020-10-16,2.7976,2.5,2.9861,2.7612,medium
Tasmania,2020-10-17,2.7976,2.5,2.9861,2.7612,medium
Tasmania,2020-10-18,2.7976,2.5,2.9861,2.7612,medium
Tasmania,2020-10-19,2.7976,2.5,2.9861,2.7612,medium
Tasmania,2020-10-20,2.7976,2.5,2.9861,2.7612,medium
Tasmania,2020-10-21,2.7976,2.5,2.9861,2.7612,medium
Tasmania,2020-10-22,2.7976,2.5,2.9861,2.7612,medium
Tasmania,2020-10-23,2.7976,2.5,2.9861,2.7612,medium
Tasmania,2020-10-24,2.7976,2.5,2.9861,2.7612,medium
Tasmania,2020-10-25,2.7976,2.5,2.9861,2.7612,medium
Tasmania,2020-10-26,2.7976,2.5,2.9861,2.7612,medium
Tasmania,2020-10-27,2.7976,2.5,2.9861,2.7612,medium
Tasmania,2020-10-28,2.7976,2.5,2.9861,2.7612,medium
Tasmania,2020-10-29,2.7976,2.5,2.9861,2.7612,medium
Tasmania,2020-10-30,2.7976,2.5,2.9861,2.7612,medium
Tasmania,2020-10-31,2.7976,2.5,2.9861,2.7612,medium
Tasmania,2020-11-01,2.7976,2.5,2.9861,2.7612,medium
Tasmania,2020-11-02,2.7976,2.5,2.9861,2.7612,medium
Tasmania,2020-11-03,2.7976,2.5,2.9861,2.7612,medium
Tasmania,2020-11-04,2.7976,2.5,2.9861,2.7612,medium
Tasmania,2020-11-05,2.7976,2.5,2.9861,2.7612,medium
Tasmania,2020-11-06,2.7976,2.5,2.9861,2.7612,medium
Tasmania,2020-11-07,2.7976,2.5,2.9861,2.7612,medium
Tasmania,2020-11-08,2.7976,2.5,2.9861,2.7612,medium
Tasmania,2020-11-09,2.7976,2.5,2.9861,2.7612,medium
Tasmania,2020-11-10,2.7976,2.5,2.9861,2.7612,medium
Tasmania,2020-11-11,2.7976,2.5,2.9861,2.7612,medium
Tasmania,2020-11-12,2.7976,2.5,2.9861,2.7612,medium
Tasmania,2020-11-13,2.7976,2.5,2.9861,2.7612,medium
Tasmania,2020-11-14,2.7976,2.5,2.9861,2.7612,medium
Tasmania,2020-11-15,2.7976,2.5,2.9861,2.7612,medium
Tasmania,2020-11-16,2.7976,2.5,2.9861,2.7612,medium
Tasmania,2020-11-17,2.7976,2.5,2.9861,2.7612,medium
Tasmania,2020-11-18,2.7976,2.5,2.9861,2.7612,medium
Tasmania,2020-11-19,2.7976,2.5,2.9861,2.7612,medium
Tasmania,2020-11-20,2.7976,2.5,2.9861,2.7612,medium
Tasmania,2020-11-21,2.7976,2.5,2.9861,2.7612,medium
Tasmania,2020-11-22,2.7976,2.5,2.9861,2.7612,medium
Tasmania,2020-11-23,2.7976,2.5,2.9861,2.7612,medium
Tasmania,2020-11-24,2.7976,2.5,2.9861,2.7612,medium
Tasmania,2020-11-25,2.7976,2.5,2.9861,2.7612,medium
Tasmania,2020-11-26,2.7976,2.5,2.9861,2.7612,medium
Tasmania,2020-11-27,2.7976,2.5,2.9861,2.7612,medium
Tasmania,2020-11-28,2.7976,2.5,2.9861,2.7612,medium
Tasmania,2020-11-29,2.7976,2.5,2.9861,2.7612,medium
Tasmania,2020-11-30,2.7976,2.5,2.9861,2.7612,medium
Tasmania,2020-12-01,2.7976,2.5,2.9861,2.7612,medium
Tasmania,2020-12-02,2.7976,2.5,2.9861,2.7612,medium
Tasmania,2020-12-03,2.7976,2.5,2.9861,2.7612,medium
Tasmania,2020-12-04,2.7976,2.5,2.9861,2.7612,medium
Tasmania,2020-12-05,2.7976,2.5,2.9861,2.7612,medium
Tasmania,2020-12-06,2.7976,2.5,2.9861,2.7612,medium
Tasmania,2020-12-07,2.7976,2.5,2.9861,2.7612,medium
Tasmania,2020-12-08,2.7976,2.5,2.9861,2.7612,medium
Tasmania,2020-12-09,2.7976,2.5,2.9861,2.7612,medium
Tasmania,2020-12-10,2.7976,2.5,2.9861,2.7612,medium
Tasmania,2020-12-11,2.7976,2.5,2.9861,2.7612,medium
Tasmania,2020-12-12,2.7976,2.5,2.9861,2.7612,medium
Tasmania,2020-12-13,2.7976,2.5,2.9861,2.7612,medium
Tasmania,2020-12-14,2.7976,2.5,2.9861,2.7612,medium
Tasmania,2020-12-15,2.7976,2.5,2.9861,2.7612,medium
Tasmania,2020-12-16,2.7976,2.5,2.9861,2.7612,medium
Tasmania,2020-12-17,2.7976,2.5,2.9861,2.7612,medium
Tasmania,2020-12-18,2.7976,2.5,2.9861,2.7612,medium
Tasmania,2020-12-19,2.7976,2.5,2.9861,2.7612,medium
Tasmania,2020-12-20,2.7976,2.5,2.9861,2.7612,medium
Tasmania,2020-12-21,2.7976,2.5,2.9861,2.7612,medium
Tasmania,2020-12-22,2.7976,2.5,2.9861,2.7612,medium
Tasmania,2020-12-23,2.7976,2.5,2.9861,2.7612,medium
Tasmania,2020-12-24,2.7976,2.5,2.9861,2.7612,medium
Tasmania,2020-12-25,2.7976,2.5,2.9861,2.7612,medium
Tasmania,2020-12-26,2.7976,2.5,2.9861,2.7612,medium
Tasmania,2020-12-27,2.7976,2.5,2.9861,2.7612,medium
Tasmania,2020-12-28,2.7976,2.5,2.9861,2.7612,medium
Tasmania,2020-12-29,2.7976,2.5,2.9861,2.7612,medium
Tasmania,2020-12-30,2.7976,2.5,2.9861,2.7612,medium
Tasmania,2020-12-31,2.7976,2.5,2.9861,2.7612,medium
Tasmania,2021-01-01,2.619,2.5,2.9861,2.7017,medium
Tasmania,2021-01-02,2.619,2.5,2.9861,2.7017,medium
Tasmania,2021-01-03,2.619,2.5,2.9861,2.7017,medium
Tasmania,2021-01-04,2.619,2.5,2.9861,2.7017,medium
Tasmania,2021-01-05,2.619,2.5,2.9861,2.7017,medium
Tasmania,2021-01-06,2.619,2.5,2.9861,2.7017,medium
Tasmania,2021-01-07,2.619,2.5,2.9861,2.7017,medium
Tasmania,2021-01-08,2.619,2.5,2.9861,2.7017,medium
Tasmania,2021-01-09,2.619,2.5,2.9861,2.7017,medium
Tasmania,2021-01-10,2.619,2.5,2.9861,2.7017,medium
Tasmania,2021-01-11,2.619,2.5,2.9861,2.7017,medium
Tasmania,2021-01-12,2.619,2.5,2.9861,2.7017,medium
Tasmania,2021-01-13,2.619,2.5,2.9861,2.7017,medium
Tasmania,2021-01-14,2.619,2.5,2.9861,2.7017,medium
Tasmania,2021-01-15,2.619,2.5,2.9861,2.7017,medium
Tasmania,2021-01-16,2.619,2.5,2.9861,2.7017,medium
Tasmania,2021-01-17,2.619,2.5,2.9861,2.7017,medium
Tasmania,2021-01-18,2.619,2.5,2.9861,2.7017,medium
Tasmania,2021-01-19,2.619,2.5,2.9861,2.7017,medium
Tasmania,2021-01-20,2.619,2.5,2.9861,2.7017,medium
Tasmania,2021-01-21,2.619,2.5,2.9861,2.7017,medium
Tasmania,2021-01-22,2.619,2.5,3.1944,2.7711,medium
Tasmania,2021-01-23,2.619,2.5,3.1944,2.7711,medium
Tasmania,2021-01-24,2.619,2.5,3.1944,2.7711,medium
Tasmania,2021-01-25,2.619,2.5,3.1944,2.7711,medium
Tasmania,2021-01-26,2.619,2.5,3.1944,2.7711,medium
Tasmania,2021-01-27,2.619,2.5,3.1944,2.7711,medium
Tasmania,2021-01-28,2.619,2.5,3.1944,2.7711,medium
Tasmania,2021-01-29,2.619,2.5,3.1944,2.7711,medium
Tasmania,2021-01-30,2.619,2.5,3.1944,2.7711,medium
Tasmania,2021-01-31,2.2619,2.5,3.1944,2.6521,medium
Tasmania,2021-02-01,2.2619,2.5,3.1944,2.6521,medium
Tasmania,2021-02-02,2.2619,2.5,3.1944,2.6521,medium
Tasmania,2021-02-03,2.2619,2.5,3.1944,2.6521,medium
Tasmania,2021-02-04,2.2619,2.5,3.1944,2.6521,medium
Tasmania,2021-02-05,2.2619,2.5,3.1944,2.6521,medium
Tasmania,2021-02-06,2.2619,2.5,3.1944,2.6521,medium
Tasmania,2021-02-07,2.2619,2.5,3.1944,2.6521,medium
Tasmania,2021-02-08,2.2619,2.5,3.1944,2.6521,medium
Tasmania,2021-02-09,2.2619,2.5,3.1944,2.6521,medium
Tasmania,2021-02-10,2.2619,2.5,3.1944,2.6521,medium
Tasmania,2021-02-11,2.2619,2.5,3.1944,2.6521,medium
Tasmania,2021-02-12,2.2619,2.5,3.1944,2.6521,medium
Tasmania,2021-02-13,2.2619,2.5,3.1944,2.6521,medium
Tasmania,2021-02-14,2.2619,2.5,3.1944,2.6521,medium
Tasmania,2021-02-15,2.2619,2.5,3.1944,2.6521,medium
Tasmania,2021-02-16,2.2619,2.5,3.1944,2.6521,medium
Tasmania,2021-02-17,2.2619,2.5,3.1944,2.6521,medium
Tasmania,2021-02-18,2.2619,2.5,3.1944,2.6521,medium
Tasmania,2021-02-19,2.2619,2.5,3.1944,2.6521,medium
Tasmania,2021-02-20,2.2619,2.5,3.1944,2.6521,medium
Tasmania,2021-02-21,2.2619,2.5,3.1944,2.6521,medium
Tasmania,2021-02-22,2.2619,2.5,3.5278,2.7632,medium
Tasmania,2021-02-23,2.2619,2.5,3.5278,2.7632,medium
Tasmania,2021-02-24,2.2619,2.5,3.5278,2.7632,medium
Tasmania,2021-02-25,2.2619,2.5,3.5278,2.7632,medium
Tasmania,2021-02-26,2.2619,2.5,3.5278,2.7632,medium
Tasmania,2021-02-27,2.2619,2.5,3.5278,2.7632,medium
Tasmania,2021-02-28,2.2619,2.5,3.5278,2.7632,medium
Tasmania,2021-03-01,2.7976,2.5,3.8611,3.0529,high
Tasmania,2021-03-02,2.7976,2.5,3.8611,3.0529,high
Tasmania,2021-03-03,2.7976,2.5,3.8611,3.0529,high
Tasmania,2021-03-04,2.7976,2.5,3.8611,3.0529,high
Tasmania,2021-03-05,2.7976,2.5,3.8611,3.0529,high
Tasmania,2021-03-06,2.7976,2.5,3.8611,3.0529,high
Tasmania,2021-03-07,2.7976,2.5,3.8611,3.0529,high
Tasmania,2021-03-08,2.7976,2.5,3.8611,3.0529,high
Tasmania,2021-03-09,2.7976,2.5,3.8611,3.0529,high
Tasmania,2021-03-10,2.7976,2.5,3.8611,3.0529,high
Tasmania,2021-03-11,2.7976,2.5,3.8611,3.0529,high
Tasmania,2021-03-12,2.7976,2.5,3.8611,3.0529,high
Tasmania,2021-03-13,2.7976,2.5,3.8611,3.0529,high
Tasmania,2021-03-14,2.7976,2.5,3.8611,3.0529,high
Tasmania,2021-03-15,2.7976,2.5,3.8611,3.0529,high
Tasmania,2021-03-16,2.7976,2.5,3.8611,3.0529,high
Tasmania,2021-03-17,2.7976,2.5,3.8611,3.0529,high
Tasmania,2021-03-18,2.7976,2.5,3.8611,3.0529,high
Tasmania,2021-03-19,2.7976,2.5,3.8611,3.0529,high
Tasmania,2021-03-20,2.7976,2.5,3.8611,3.0529,high
Tasmania,2021-03-21,2.7976,2.5,3.8611,3.0529,high
Tasmania,2021-03-22,2.619,2.5,3.8611,2.9934,medium
Tasmania,2021-03-23,2.619,2.5,3.8611,2.9934,medium
Tasmania,2021-03-24,2.619,2.5,3.8611,2.9934,medium
Tasmania,2021-03-25,2.619,2.5,3.8611,2.9934,medium
Tasmania,2021-03-26,2.619,2.5,3.8611,2.9934,medium
Tasmania,2021-03-27,2.619,2.5,3.8611,2.9934,medium
Tasmania,2021-03-28,2.619,2.5,3.8611,2.9934,medium
Tasmania,2021-03-29,2.619,2.5,3.8611,2.9934,medium
Tasmania,2021-03-30,2.619,2.5,4.1389,3.086,high
Tasmania,2021-03-31,2.619,2.5,4.1389,3.086,high
Tasmania,2021-04-01,2.619,2.5,3.8611,2.9934,medium
Tasmania,2021-04-02,2.619,2.5,3.8611,2.9934,medium
Tasmania,2021-04-03,2.619,2.5,3.8611,2.9934,medium
Tasmania,2021-04-04,2.619,2.5,3.8611,2.9934,medium
Tasmania,2021-04-05,2.619,2.5,3.8611,2.9934,medium
Tasmania,2021-04-06,2.619,2.5,3.8611,2.9934,medium
Tasmania,2021-04-07,2.619,2.5,3.8611,2.9934,medium
Tasmania,2021-04-08,2.619,2.5,3.8611,2.9934,medium
Tasmania,2021-04-09,2.619,2.5,3.8611,2.9934,medium
Tasmania,2021-04-10,2.619,2.5,3.8611,2.9934,medium
Tasmania,2021-04-11,2.619,2.5,3.8611,2.9934,medium
Tasmania,2021-04-12,2.619,2.5,3.8611,2.9934,medium
Tasmania,2021-04-13,2.619,2.5,3.8611,2.9934,medium
Tasmania,2021-04-14,2.619,2.5,3.8611,2.9934,medium
Tasmania,2021-04-15,2.619,2.5,3.8611,2.9934,medium
Tasmania,2021-04-16,2.619,2.5,3.8611,2.9934,medium
Tasmania,2021-04-17,2.619,2.5,3.8611,2.9934,medium
Tasmania,2021-04-18,2.619,2.5,3.8611,2.9934,medium
Tasmania,2021-04-19,2.619,2.5,3.8611,2.9934,medium
Tasmania,2021-04-20,2.619,2.5,3.8611,2.9934,medium
Tasmania,2021-04-21,2.619,2.5,3.8611,2.9934,medium
Tasmania,2021-04-22,2.619,2.5,3.8611,2.9934,medium
Tasmania,2021-04-23,2.619,2.5,3.8611,2.9934,medium
Tasmania,2021-04-24,2.619,2.5,3.8611,2.9934,medium
Tasmania,2021-04-25,2.619,2.5,3.8611,2.9934,medium
Tasmania,2021-04-26,2.619,2.5,3.8611,2.9934,medium
Tasmania,2021-04-27,2.619,2.5,3.8611,2.9934,medium
Tasmania,2021-04-28,2.619,2.5,3.8611,2.9934,medium
Tasmania,2021-04-29,2.619,2.5,3.8611,2.9934,medium
Tasmania,2021-04-30,2.619,2.5,3.8611,2.9934,medium
Tasmania,2021-05-01,2.619,2.5,3.8611,2.9934,medium
Tasmania,2021-05-02,2.619,2.5,3.8611,2.9934,medium
Tasmania,2021-05-03,2.619,2.5,3.8611,2.9934,medium
Tasmania,2021-05-04,2.619,2.5,3.8611,2.9934,medium
Tasmania,2021-05-05,2.619,2.5,3.8611,2.9934,medium
Tasmania,2021-05-06,2.619,2.5,3.8611,2.9934,medium
Tasmania,2021-05-07,2.619,2.5,3.8611,2.9934,medium
Tasmania,2021-05-08,2.619,2.5,3.8611,2.9934,medium
Tasmania,2021-05-09,2.619,2.5,3.8611,2.9934,medium
Tasmania,2021-05-10,2.619,2.5,3.8611,2.9934,medium
Tasmania,2021-05-11,2.619,2.5,3.8611,2.9934,medium
Tasmania,2021-05-12,2.619,2.5,3.8611,2.9934,medium
Tasmania,2021-05-13,2.619,2.5,3.8611,2.9934,medium
Tasmania,2021-05-14,2.619,2.5,3.8611,2.9934,medium
Tasmania,2021-05-15,2.619,2.5,3.8611,2.9934,medium
Tasmania,2021-05-16,2.619,2.5,3.8611,2.9934,medium
Tasmania,2021-05-17,2.619,2.5,3.8611,2.9934,medium
Tasmania,2021-05-18,2.619,2.5,3.8611,2.9934,medium
Tasmania,2021-05-19,2.619,2.5,3.8611,2.9934,medium
Tasmania,2021-05-20,2.619,2.5,3.8611,2.9934,medium
Tasmania,2021-05-21,2.619,2.5,3.8611,2.9934,medium
Tasmania,2021-05-22,2.619,2.5,3.8611,2.9934,medium
Tasmania,2021-05-23,2.619,2.5,3.8611,2.9934,medium
Tasmania,2021-05-24,2.619,2.5,3.8611,2.9934,medium
Tasmania,2021-05-25,2.619,2.5,3.8611,2.9934,medium
Tasmania,2021-05-26,2.619,2.5,3.8611,2.9934,medium
Tasmania,2021-05-27,2.619,2.5,3.8611,2.9934,medium
Tasmania,2021-05-28,2.619,2.5,3.8611,2.9934,medium
Tasmania,2021-05-29,2.619,2.5,3.8611,2.9934,medium
Tasmania,2021-05-30,2.619,2.5,3.8611,2.9934,medium
Tasmania,2021-05-31,2.619,2.5,3.8611,2.9934,medium
Tasmania,2021-06-01,2.619,2.5,3.8611,2.9934,medium
Tasmania,2021-06-02,2.619,2.5,3.8611,2.9934,medium
Tasmania,2021-06-03,2.619,2.5,3.8611,2.9934,medium
Tasmania,2021-06-04,2.619,2.5,3.8611,2.9934,medium
Tasmania,2021-06-05,2.619,2.5,3.8611,2.9934,medium
Tasmania,2021-06-06,2.619,2.5,3.8611,2.9934,medium
Tasmania,2021-06-07,2.619,2.5,3.8611,2.9934,medium
Tasmania,2021-06-08,2.619,2.5,3.8611,2.9934,medium
Tasmania,2021-06-09,2.619,2.5,3.8611,2.9934,medium
Tasmania,2021-06-10,2.619,2.5,3.8611,2.9934,medium
Tasmania,2021-06-11,2.619,2.5,3.8611,2.9934,medium
Tasmania,2021-06-12,2.619,2.5,3.8611,2.9934,medium
Tasmania,2021-06-13,2.619,2.5,3.8611,2.9934,medium
Tasmania,2021-06-14,2.619,2.5,3.8611,2.9934,medium
Tasmania,2021-06-15,2.619,2.5,3.8611,2.9934,medium
Tasmania,2021-06-16,2.619,2.5,3.8611,2.9934,medium
Tasmania,2021-06-17,2.619,2.5,3.8611,2.9934,medium
Tasmania,2021-06-18,2.619,2.5,3.8611,2.9934,medium
Tasmania,2021-06-19,2.619,2.5,3.8611,2.9934,medium
Tasmania,2021-06-20,2.619,2.5,3.8611,2.9934,medium
Tasmania,2021-06-21,2.619,2.5,3.8611,2.9934,medium
Tasmania,2021-06-22,2.619,2.5,3.8611,2.9934,medium
Tasmania,2021-06-23,2.619,2.5,3.8611,2.9934,medium
Tasmania,2021-06-24,2.619,2.5,3.8611,2.9934,medium
Tasmania,2021-06-25,2.619,2.5,3.8611,2.9934,medium
Tasmania,2021-06-26,2.619,2.5,3.8611,2.9934,medium
Tasmania,2021-06-27,2.619,2.5,3.8611,2.9934,medium
Tasmania,2021-06-28,2.619,2.5,3.8611,2.9934,medium
Tasmania,2021-06-29,2.619,2.5,3.8611,2.9934,medium
Tasmania,2021-06-30,2.619,2.5,3.8611,2.9934,medium
Tasmania,2021-07-01,2.619,1.25,3.8611,2.5767,medium
Tasmania,2021-07-02,2.619,1.25,3.8611,2.5767,medium
Tasmania,2021-07-03,2.619,1.25,3.8611,2.5767,medium
Tasmania,2021-07-04,2.619,1.25,3.8611,2.5767,medium
Tasmania,2021-07-05,2.619,1.25,3.8611,2.5767,medium
Tasmania,2021-07-06,2.619,1.25,3.8611,2.5767,medium
Tasmania,2021-07-07,2.619,1.25,3.8611,2.5767,medium
Tasmania,2021-07-08,2.619,1.25,3.8611,2.5767,medium
Tasmania,2021-07-09,2.619,1.25,3.8611,2.5767,medium
Tasmania,2021-07-10,2.619,1.25,3.8611,2.5767,medium
Tasmania,2021-07-11,2.619,1.25,3.8611,2.5767,medium
Tasmania,2021-07-12,2.619,1.25,3.8611,2.5767,medium
Tasmania,2021-07-13,2.619,1.25,3.8611,2.5767,medium
Tasmania,2021-07-14,2.619,1.25,3.8611,2.5767,medium
Tasmania,2021-07-15,2.619,1.25,3.8611,2.5767,medium
Tasmania,2021-07-16,2.619,1.25,4.0694,2.6461,medium
Tasmania,2021-07-17,2.619,1.25,4.0694,2.6461,medium
Tasmania,2021-07-18,2.619,1.25,4.0694,2.6461,medium
Tasmania,2021-07-19,2.619,1.25,4.0694,2.6461,medium
Tasmania,2021-07-20,2.619,1.25,4.0694,2.6461,medium
Tasmania,2021-07-21,2.619,1.25,4.0694,2.6461,medium
Tasmania,2021-07-22,2.619,1.25,4.0694,2.6461,medium
Tasmania,2021-07-23,2.619,1.25,4.0694,2.6461,medium
Tasmania,2021-07-24,2.619,1.25,3.8611,2.5767,medium
Tasmania,2021-07-25,2.619,1.25,3.8611,2.5767,medium
Tasmania,2021-07-26,2.619,1.25,3.8611,2.5767,medium
Tasmania,2021-07-27,2.619,1.25,3.8611,2.5767,medium
Tasmania,2021-07-28,2.619,1.25,3.8611,2.5767,medium
Tasmania,2021-07-29,2.619,1.25,3.8611,2.5767,medium
Tasmania,2021-07-30,2.619,1.25,3.8611,2.5767,medium
Tasmania,2021-07-31,2.619,1.25,3.8611,2.5767,medium
Tasmania,2021-08-01,2.619,1.25,3.8611,2.5767,medium
Tasmania,2021-08-02,2.619,1.25,3.8611,2.5767,medium
Tasmania,2021-08-03,2.619,1.25,3.8611,2.5767,medium
Tasmania,2021-08-04,2.619,1.25,3.8611,2.5767,medium
Tasmania,2021-08-05,2.619,1.25,3.8611,2.5767,medium
Tasmania,2021-08-06,2.619,1.25,3.8611,2.5767,medium
Tasmania,2021-08-07,2.619,1.25,3.8611,2.5767,medium
Tasmania,2021-08-08,2.619,1.25,3.8611,2.5767,medium
Tasmania,2021-08-09,2.619,1.25,3.8611,2.5767,medium
Tasmania,2021-08-10,2.619,1.25,3.8611,2.5767,medium
Tasmania,2021-08-11,2.619,1.25,3.8611,2.5767,medium
Tasmania,2021-08-12,2.619,1.25,3.8611,2.5767,medium
Tasmania,2021-08-13,2.619,1.25,3.8611,2.5767,medium
Tasmania,2021-08-14,2.619,1.25,3.8611,2.5767,medium
Tasmania,2021-08-15,2.619,1.25,3.8611,2.5767,medium
Tasmania,2021-08-16,2.619,1.25,3.8611,2.5767,medium
Tasmania,2021-08-17,2.619,1.25,3.8611,2.5767,medium
Tasmania,2021-08-18,2.619,1.25,3.8611,2.5767,medium
Tasmania,2021-08-19,2.619,1.25,3.8611,2.5767,medium
Tasmania,2021-08-20,2.619,1.25,3.8611,2.5767,medium
Tasmania,2021-08-21,2.619,1.25,3.8611,2.5767,medium
Tasmania,2021-08-22,2.619,1.25,3.8611,2.5767,medium
Tasmania,2021-08-23,2.619,1.25,3.8611,2.5767,medium
Tasmania,2021-08-24,2.619,1.25,3.8611,2.5767,medium
Tasmania,2021-08-25,2.619,1.25,3.8611,2.5767,medium
Tasmania,2021-08-26,2.619,1.25,3.8611,2.5767,medium
Tasmania,2021-08-27,2.619,1.25,3.8611,2.5767,medium
Tasmania,2021-08-28,2.619,1.25,3.8611,2.5767,medium
Tasmania,2021-08-29,2.619,1.25,3.8611,2.5767,medium
Tasmania,2021-08-30,2.619,1.25,4.0278,2.6323,medium
Tasmania,2021-08-31,2.619,1.25,4.0278,2.6323,medium
Tasmania,2021-09-01,2.619,1.25,4.0278,2.6323,medium
Tasmania,2021-09-02,2.619,1.25,4.0278,2.6323,medium
Tasmania,2021-09-03,2.619,1.25,4.0278,2.6323,medium
Tasmania,2021-09-04,2.619,1.25,4.0278,2.6323,medium
Tasmania,2021-09-05,2.619,1.25,4.0278,2.6323,medium
Tasmania,2021-09-06,2.619,1.25,4.0278,2.6323,medium
Tasmania,2021-09-07,2.619,1.25,4.0278,2.6323,medium
Tasmania,2021-09-08,2.619,1.25,4.0278,2.6323,medium
Tasmania,2021-09-09,2.619,1.25,4.0278,2.6323,medium
Tasmania,2021-09-10,2.619,1.25,4.0278,2.6323,medium
Tasmania,2021-09-11,2.619,1.25,4.0278,2.6323,medium
Tasmania,2021-09-12,2.619,1.25,4.0278,2.6323,medium
Tasmania,2021-09-13,2.619,1.25,4.0278,2.6323,medium
Tasmania,2021-09-14,2.619,1.25,4.0278,2.6323,medium
Tasmania,2021-09-15,2.619,2.5,4.0278,3.0489,high
Tasmania,2021-09-16,2.619,2.5,4.0278,3.0489,high
Tasmania,2021-09-17,2.619,2.5,4.0278,3.0489,high
Tasmania,2021-09-18,2.619,2.5,4.0278,3.0489,high
Tasmania,2021-09-19,2.619,2.5,4.0278,3.0489,high
Tasmania,2021-09-20,2.619,2.5,4.0278,3.0489,high
Tasmania,2021-09-21,2.619,2.5,4.0278,3.0489,high
Tasmania,2021-09-22,2.619,2.5,4.0278,3.0489,high
Tasmania,2021-09-23,2.619,2.5,4.0278,3.0489,high
Tasmania,2021-09-24,2.619,2.5,4.0278,3.0489,high
Tasmania,2021-09-25,2.619,2.5,4.0278,3.0489,high
Tasmania,2021-09-26,2.619,2.5,4.0278,3.0489,high
Tasmania,2021-09-27,2.619,2.5,4.0278,3.0489,high
Tasmania,2021-09-28,2.619,2.5,4.0278,3.0489,high
Tasmania,2021-09-29,2.619,2.5,4.0278,3.0489,high
Tasmania,2021-09-30,2.619,2.5,4.0278,3.0489,high
Tasmania,2021-10-01,1.5476,2.5,3.75,2.5992,medium
Tasmania,2021-10-02,1.5476,2.5,3.75,2.5992,medium
Tasmania,2021-10-03,1.5476,2.5,3.75,2.5992,medium
Tasmania,2021-10-04,1.5476,2.5,3.75,2.5992,medium
Tasmania,2021-10-05,1.5476,2.5,3.75,2.5992,medium
Tasmania,2021-10-06,1.5476,2.5,3.75,2.5992,medium
Tasmania,2021-10-07,1.5476,2.5,3.75,2.5992,medium
Tasmania,2021-10-08,1.5476,3.75,3.75,3.0159,medium
Tasmania,2021-10-09,1.5476,3.75,3.75,3.0159,medium
Tasmania,2021-10-10,1.5476,3.75,3.75,3.0159,medium
Tasmania,2021-10-11,1.5476,3.75,3.75,3.0159,medium
Tasmania,2021-10-12,1.5476,3.75,3.75,3.0159,medium
Tasmania,2021-10-13,1.5476,3.75,3.75,3.0159,medium
Tasmania,2021-10-14,1.5476,3.75,3.75,3.0159,medium
Tasmania,2021-10-15,1.5476,3.75,4.1667,3.1548,high
Tasmania,2021-10-16,1.5476,3.75,4.1667,3.1548,high
Tasmania,2021-10-17,1.5476,3.75,4.1667,3.1548,high
Tasmania,2021-10-18,1.5476,3.75,4.1667,3.1548,high
Tasmania,2021-10-19,1.5476,3.75,4.1667,3.1548,high
Tasmania,2021-10-20,1.369,3.75,4.1667,3.0952,high
Tasmania,2021-10-21,1.369,3.75,4.1667,3.0952,high
Tasmania,2021-10-22,1.369,3.75,3.75,2.9563,medium
Tasmania,2021-10-23,1.369,3.75,3.75,2.9563,medium
Tasmania,2021-10-24,1.369,3.75,3.75,2.9563,medium
Tasmania,2021-10-25,1.369,3.75,3.75,2.9563,medium
Tasmania,2021-10-26,1.369,3.75,3.75,2.9563,medium
Tasmania,2021-10-27,1.369,3.75,3.75,2.9563,medium
Tasmania,2021-10-28,1.369,3.75,3.75,2.9563,medium
Tasmania,2021-10-29,1.369,3.75,3.75,2.9563,medium
Tasmania,2021-10-30,1.369,3.75,3.75,2.9563,medium
Tasmania,2021-10-31,1.369,3.75,3.75,2.9563,medium
Tasmania,2021-11-01,1.1905,2.5,3.75,2.4802,medium
Tasmania,2021-11-02,1.1905,2.5,3.75,2.4802,medium
Tasmania,2021-11-03,1.1905,2.5,3.75,2.4802,medium
Tasmania,2021-11-04,1.1905,2.5,3.75,2.4802,medium
Tasmania,2021-11-05,1.1905,2.5,3.75,2.4802,medium
Tasmania,2021-11-06,1.1905,2.5,3.75,2.4802,medium
Tasmania,2021-11-07,1.1905,2.5,3.75,2.4802,medium
Tasmania,2021-11-08,1.1905,2.5,3.75,2.4802,medium
Tasmania,2021-11-09,1.1905,2.5,3.75,2.4802,medium
Tasmania,2021-11-10,1.1905,2.5,3.75,2.4802,medium
Tasmania,2021-11-11,1.1905,2.5,3.75,2.4802,medium
Tasmania,2021-11-12,1.1905,2.5,3.75,2.4802,medium
Tasmania,2021-11-13,1.1905,2.5,3.75,2.4802,medium
Tasmania,2021-11-14,1.1905,2.5,3.75,2.4802,medium
Tasmania,2021-11-15,1.1905,2.5,3.75,2.4802,medium
Tasmania,2021-11-16,1.1905,2.5,3.75,2.4802,medium
Tasmania,2021-11-17,1.1905,2.5,3.75,2.4802,medium
Tasmania,2021-11-18,1.1905,2.5,3.75,2.4802,medium
Tasmania,2021-11-19,1.1905,2.5,3.75,2.4802,medium
Tasmania,2021-11-20,1.1905,2.5,3.75,2.4802,medium
Tasmania,2021-11-21,1.1905,2.5,3.75,2.4802,medium
Tasmania,2021-11-22,1.1905,2.5,3.75,2.4802,medium
Tasmania,2021-11-23,1.1905,2.5,3.75,2.4802,medium
Tasmania,2021-11-24,1.1905,2.5,3.75,2.4802,medium
Tasmania,2021-11-25,1.1905,2.5,3.75,2.4802,medium
Tasmania,2021-11-26,1.1905,2.5,3.75,2.4802,medium
Tasmania,2021-11-27,1.1905,2.5,3.75,2.4802,medium
Tasmania,2021-11-28,1.1905,2.5,3.75,2.4802,medium
Tasmania,2021-11-29,1.5476,2.5,3.75,2.5992,medium
Tasmania,2021-11-30,1.5476,2.5,3.75,2.5992,medium
Tasmania,2021-12-01,2.2619,2.5,4.0278,2.9299,medium
Tasmania,2021-12-02,2.2619,2.5,4.0278,2.9299,medium
Tasmania,2021-12-03,2.2619,2.5,4.0278,2.9299,medium
Tasmania,2021-12-04,2.2619,2.5,4.0278,2.9299,medium
Tasmania,2021-12-05,2.2619,2.5,4.0278,2.9299,medium
Tasmania,2021-12-06,2.2619,2.5,4.0278,2.9299,medium
Tasmania,2021-12-07,2.2619,2.5,4.0278,2.9299,medium
Tasmania,2021-12-08,2.2619,2.5,4.0278,2.9299,medium
Tasmania,2021-12-09,2.2619,2.5,4.0278,2.9299,medium
Tasmania,2021-12-10,2.2619,3.75,4.0278,3.3466,high
Tasmania,2021-12-11,2.2619,3.75,4.0278,3.3466,high
Tasmania,2021-12-12,2.2619,3.75,4.0278,3.3466,high
Tasmania,2021-12-13,2.2619,3.75,4.0278,3.3466,high
Tasmania,2021-12-14,2.2619,3.75,4.0278,3.3466,high
Tasmania,2021-12-15,2.4405,3.75,4.0278,3.4061,high
Tasmania,2021-12-16,2.0833,3.75,4.0278,3.287,high
Tasmania,2021-12-17,2.0833,3.75,4.0278,3.287,high
Tasmania,2021-12-18,2.0833,1.25,4.0278,2.4537,medium
Tasmania,2021-12-19,2.0833,1.25,4.0278,2.4537,medium
Tasmania,2021-12-20,2.0833,1.25,4.0278,2.4537,medium
Tasmania,2021-12-21,2.0833,1.25,4.0278,2.4537,medium
Tasmania,2021-12-22,2.0833,1.25,4.0278,2.4537,medium
Tasmania,2021-12-23,2.0833,1.25,4.0278,2.4537,medium
Tasmania,2021-12-24,2.0833,1.25,4.0278,2.4537,medium
Tasmania,2021-12-25,2.0833,1.25,4.0278,2.4537,medium
Tasmania,2021-12-26,2.0833,1.25,3.6111,2.3148,medium
Tasmania,2021-12-27,2.0833,1.25,3.6111,2.3148,medium
Tasmania,2021-12-28,2.0833,1.25,3.6111,2.3148,medium
Tasmania,2021-12-29,2.0833,1.25,3.6111,2.3148,medium
Tasmania,2021-12-30,2.0833,1.25,3.6111,2.3148,medium
Tasmania,2021-12-31,2.0833,1.25,3.6111,2.3148,medium
Tasmania,2022-01-01,2.0833,1.25,3.6111,2.3148,medium
Tasmania,2022-01-02,2.0833,1.25,3.6111,2.3148,medium
Tasmania,2022-01-03,2.0833,1.25,3.6111,2.3148,medium
Tasmania,2022-01-04,2.0833,1.25,3.6111,2.3148,medium
Tasmania,2022-01-05,2.0833,1.25,3.6111,2.3148,medium
Tasmania,2022-01-06,2.0833,1.25,3.6111,2.3148,medium
Tasmania,2022-01-07,2.0833,1.25,3.6111,2.3148,medium
Tasmania,2022-01-08,2.0833,1.25,3.6111,2.3148,medium
Tasmania,2022-01-09,2.0833,1.25,3.6111,2.3148,medium
Tasmania,2022-01-10,2.0833,1.25,3.6111,2.3148,medium
Tasmania,2022-01-11,2.0833,1.25,3.6111,2.3148,medium
Tasmania,2022-01-12,2.0833,1.25,3.6111,2.3148,medium
Tasmania,2022-01-13,2.0833,1.25,3.6111,2.3148,medium
Tasmania,2022-01-14,2.0833,1.25,3.8194,2.3842,medium
Tasmania,2022-01-15,2.0833,1.25,3.8194,2.3842,medium
Tasmania,2022-01-16,2.0833,1.25,3.8194,2.3842,medium
Tasmania,2022-01-17,2.0833,1.25,3.8194,2.3842,medium
Tasmania,2022-01-18,2.0833,1.25,3.8194,2.3842,medium
Tasmania,2022-01-19,1.369,1.25,3.8194,2.1461,low
Tasmania,2022-01-20,1.369,1.25,3.8194,2.1461,low
Tasmania,2022-01-21,1.369,1.25,3.8194,2.1461,low
Tasmania,2022-01-22,1.369,1.25,3.6111,2.0767,low
Tasmania,2022-01-23,1.369,1.25,3.6111,2.0767,low
Tasmania,2022-01-24,1.369,1.25,3.6111,2.0767,low
Tasmania,2022-01-25,1.369,1.25,3.6111,2.0767,low
Tasmania,2022-01-26,1.369,1.25,3.6111,2.0767,low
Tasmania,2022-01-27,1.369,1.25,3.6111,2.0767,low
Tasmania,2022-01-28,1.369,1.25,3.6111,2.0767,low
Tasmania,2022-01-29,1.369,1.25,3.6111,2.0767,low
Tasmania,2022-01-30,1.369,1.25,3.6111,2.0767,low
Tasmania,2022-01-31,1.369,1.25,3.6111,2.0767,low
Tasmania,2022-02-01,1.369,1.25,3.6111,2.0767,low
Tasmania,2022-02-02,1.369,1.25,3.6111,2.0767,low
Tasmania,2022-02-03,1.369,1.25,3.6111,2.0767,low
Tasmania,2022-02-04,1.369,1.25,3.6111,2.0767,low
Tasmania,2022-02-05,1.369,1.25,3.6111,2.0767,low
Tasmania,2022-02-06,1.7262,1.25,3.6111,2.1958,low
Tasmania,2022-02-07,1.7262,1.25,3.6111,2.1958,low
Tasmania,2022-02-08,1.7262,1.25,3.6111,2.1958,low
Tasmania,2022-02-09,1.7262,1.25,3.6111,2.1958,low
Tasmania,2022-02-10,1.7262,1.25,3.6111,2.1958,low
Tasmania,2022-02-11,1.7262,1.25,3.6111,2.1958,low
Tasmania,2022-02-12,1.7262,1.25,3.6111,2.1958,low
Tasmania,2022-02-13,1.7262,1.25,3.6111,2.1958,low
Tasmania,2022-02-14,1.7262,1.25,3.6111,2.1958,low
Tasmania,2022-02-15,1.7262,1.25,3.6111,2.1958,low
Tasmania,2022-02-16,1.7262,1.25,3.6111,2.1958,low
Tasmania,2022-02-17,1.7262,1.25,3.6111,2.1958,low
Tasmania,2022-02-18,1.7262,1.25,3.6111,2.1958,low
Tasmania,2022-02-19,1.7262,1.25,3.6111,2.1958,low
Tasmania,2022-02-20,1.7262,1.25,3.6111,2.1958,low
Tasmania,2022-02-21,1.7262,1.25,3.6111,2.1958,low
Tasmania,2022-02-22,1.7262,1.25,3.6111,2.1958,low
Tasmania,2022-02-23,1.7262,1.25,3.6111,2.1958,low
Tasmania,2022-02-24,1.7262,1.25,3.6111,2.1958,low
Tasmania,2022-02-25,1.7262,1.25,3.6111,2.1958,low
Tasmania,2022-02-26,1.369,1.25,3.6111,2.0767,low
Tasmania,2022-02-27,1.369,1.25,3.6111,2.0767,low
Tasmania,2022-02-28,1.369,1.25,3.6111,2.0767,low
Tasmania,2022-03-01,1.369,1.25,3.6111,2.0767,low
Tasmania,2022-03-02,1.369,1.25,3.6111,2.0767,low
Tasmania,2022-03-03,1.369,1.25,3.6111,2.0767,low
Tasmania,2022-03-04,1.369,1.25,3.6111,2.0767,low
Tasmania,2022-03-05,1.369,1.25,3.6111,2.0767,low
Tasmania,2022-03-06,1.369,1.25,3.6111,2.0767,low
Tasmania,2022-03-07,1.369,1.25,3.6111,2.0767,low
Tasmania,2022-03-08,1.0119,1.25,4.0278,2.0966,low
Tasmania,2022-03-09,1.0119,1.25,4.0278,2.0966,low
Tasmania,2022-03-10,1.0119,1.25,4.0278,2.0966,low
Tasmania,2022-03-11,1.0119,1.25,4.0278,2.0966,low
Tasmania,2022-03-12,1.0119,1.25,4.0278,2.0966,low
Tasmania,2022-03-13,1.0119,1.25,4.0278,2.0966,low
Tasmania,2022-03-14,1.0119,1.25,4.0278,2.0966,low
Tasmania,2022-03-15,1.0119,1.25,4.0278,2.0966,low
Tasmania,2022-03-16,1.0119,1.25,4.0278,2.0966,low
Tasmania,2022-03-17,1.0119,1.25,4.0278,2.0966,low
Tasmania,2022-03-18,1.0119,1.25,4.0278,2.0966,low
Tasmania,2022-03-19,1.0119,1.25,4.0278,2.0966,low
Tasmania,2022-03-20,1.0119,1.25,4.0278,2.0966,low
Tasmania,2022-03-21,1.0119,1.25,4.0278,2.0966,low
Tasmania,2022-03-22,1.0119,1.25,3.6111,1.9577,low
Tasmania,2022-03-23,1.0119,1.25,3.6111,1.9577,low
Tasmania,2022-03-24,1.0119,1.25,3.6111,1.9577,low
Tasmania,2022-03-25,1.0119,1.25,3.6111,1.9577,low
Tasmania,2022-03-26,1.0119,1.25,3.6111,1.9577,low
Tasmania,2022-03-27,1.0119,1.25,3.6111,1.9577,low
Tasmania,2022-03-28,1.0119,1.25,3.6111,1.9577,low
Tasmania,2022-03-29,1.0119,1.25,3.6111,1.9577,low
Tasmania,2022-03-30,1.0119,1.25,3.6111,1.9577,low
Tasmania,2022-03-31,1.0119,1.25,3.6111,1.9577,low
Tasmania,2022-04-01,1.369,1.25,3.6111,2.0767,low
Tasmania,2022-04-02,1.369,1.25,3.6111,2.0767,low
Tasmania,2022-04-03,1.369,1.25,3.6111,2.0767,low
Tasmania,2022-04-04,1.369,1.25,3.6111,2.0767,low
Tasmania,2022-04-05,1.369,1.25,3.6111,2.0767,low
Tasmania,2022-04-06,1.369,1.25,3.6111,2.0767,low
Tasmania,2022-04-07,1.369,1.25,3.6111,2.0767,low
Tasmania,2022-04-08,1.369,1.25,3.6111,2.0767,low
Tasmania,2022-04-09,1.369,1.25,3.6111,2.0767,low
Tasmania,2022-04-10,1.369,1.25,3.6111,2.0767,low
Tasmania,2022-04-11,1.369,1.25,3.6111,2.0767,low
Tasmania,2022-04-12,1.369,1.25,3.6111,2.0767,low
Tasmania,2022-04-13,1.369,1.25,3.6111,2.0767,low
Tasmania,2022-04-14,1.369,1.25,3.6111,2.0767,low
Tasmania,2022-04-15,1.369,1.25,3.6111,2.0767,low
Tasmania,2022-04-16,1.369,1.25,3.6111,2.0767,low
Tasmania,2022-04-17,1.369,1.25,3.6111,2.0767,low
Tasmania,2022-04-18,1.369,1.25,3.6111,2.0767,low
Tasmania,2022-04-19,1.369,1.25,3.6111,2.0767,low
Tasmania,2022-04-20,1.369,1.25,3.6111,2.0767,low
Tasmania,2022-04-21,1.369,1.25,3.6111,2.0767,low
Tasmania,2022-04-22,1.369,1.25,3.6111,2.0767,low
Tasmania,2022-04-23,1.369,1.25,3.6111,2.0767,low
Tasmania,2022-04-24,1.369,1.25,3.6111,2.0767,low
Tasmania,2022-04-25,1.369,1.25,3.6111,2.0767,low
Tasmania,2022-04-26,1.369,1.25,3.6111,2.0767,low
Tasmania,2022-04-27,1.369,1.25,3.6111,2.0767,low
Tasmania,2022-04-28,1.369,1.25,4.0278,2.2156,low
Tasmania,2022-04-29,1.369,1.25,4.0278,2.2156,low
Tasmania,2022-04-30,1.369,1.25,4.0278,2.2156,low
Tasmania,2022-05-01,1.369,1.25,4.0278,2.2156,low
Tasmania,2022-05-02,1.369,1.25,4.0278,2.2156,low
Tasmania,2022-05-03,1.369,1.25,4.0278,2.2156,low
Tasmania,2022-05-04,1.369,1.25,4.0278,2.2156,low
Tasmania,2022-05-05,1.369,1.25,4.0278,2.2156,low
Tasmania,2022-05-06,1.369,1.25,4.0278,2.2156,low
Tasmania,2022-05-07,1.369,1.25,4.0278,2.2156,low
Tasmania,2022-05-08,1.369,1.25,4.0278,2.2156,low
Tasmania,2022-05-09,1.369,1.25,4.0278,2.2156,low
Tasmania,2022-05-10,1.369,1.25,4.0278,2.2156,low
Tasmania,2022-05-11,1.369,1.25,4.0278,2.2156,low
Tasmania,2022-05-12,1.369,1.25,4.0278,2.2156,low
Tasmania,2022-05-13,1.369,1.25,4.0278,2.2156,low
Tasmania,2022-05-14,1.369,1.25,4.0278,2.2156,low
Tasmania,2022-05-15,1.369,1.25,4.0278,2.2156,low
Tasmania,2022-05-16,1.369,1.25,4.0278,2.2156,low
Tasmania,2022-05-17,1.369,1.25,4.0278,2.2156,low
Tasmania,2022-05-18,1.369,1.25,4.0278,2.2156,low
Tasmania,2022-05-19,1.369,1.25,4.0278,2.2156,low
Tasmania,2022-05-20,1.369,1.25,4.0278,2.2156,low
Tasmania,2022-05-21,1.369,1.25,4.0278,2.2156,low
Tasmania,2022-05-22,1.369,1.25,4.0278,2.2156,low
Tasmania,2022-05-23,1.369,1.25,4.0278,2.2156,low
Tasmania,2022-05-24,1.369,1.25,4.0278,2.2156,low
Tasmania,2022-05-25,1.369,1.25,4.0278,2.2156,low
Tasmania,2022-05-26,1.369,1.25,4.0278,2.2156,low
Tasmania,2022-05-27,1.369,1.25,4.0278,2.2156,low
Tasmania,2022-05-28,1.0119,1.25,4.0278,2.0966,low
Tasmania,2022-05-29,1.0119,1.25,4.0278,2.0966,low
Tasmania,2022-05-30,1.0119,1.25,4.0278,2.0966,low
Tasmania,2022-05-31,1.0119,1.25,4.0278,2.0966,low
Tasmania,2022-06-01,1.0119,1.25,4.0278,2.0966,low
Tasmania,2022-06-02,1.0119,1.25,4.0278,2.0966,low
Tasmania,2022-06-03,1.0119,2.5,4.0278,2.5132,medium
Tasmania,2022-06-04,1.0119,2.5,4.0278,2.5132,medium
Tasmania,2022-06-05,1.0119,2.5,4.0278,2.5132,medium
Tasmania,2022-06-06,1.0119,2.5,4.0278,2.5132,medium
Tasmania,2022-06-07,1.0119,2.5,4.0278,2.5132,medium
Tasmania,2022-06-08,1.0119,2.5,4.0278,2.5132,medium
Tasmania,2022-06-09,1.0119,2.5,4.0278,2.5132,medium
Tasmania,2022-06-10,1.0119,2.5,4.0278,2.5132,medium
Tasmania,2022-06-11,1.0119,2.5,4.0278,2.5132,medium
Tasmania,2022-06-12,1.0119,2.5,4.0278,2.5132,medium
Tasmania,2022-06-13,1.0119,2.5,4.0278,2.5132,medium
Tasmania,2022-06-14,1.0119,2.5,4.0278,2.5132,medium
Tasmania,2022-06-15,1.0119,2.5,4.0278,2.5132,medium
Tasmania,2022-06-16,1.0119,2.5,4.0278,2.5132,medium
Tasmania,2022-06-17,1.0714,2.5,4.0278,2.5331,medium
Tasmania,2022-06-18,1.0714,2.5,4.0278,2.5331,medium
Tasmania,2022-06-19,1.0714,2.5,4.0278,2.5331,medium
Tasmania,2022-06-20,1.0714,2.5,4.0278,2.5331,medium
Tasmania,2022-06-21,1.0714,2.5,4.0278,2.5331,medium
Tasmania,2022-06-22,1.0714,2.5,4.0278,2.5331,medium
Tasmania,2022-06-23,1.0714,2.5,4.0278,2.5331,medium
Tasmania,2022-06-24,0.8333,2.5,4.0278,2.4537,medium
Tasmania,2022-06-25,0.8333,2.5,4.0278,2.4537,medium
Tasmania,2022-06-26,0.8333,2.5,4.0278,2.4537,medium
Tasmania,2022-06-27,0.8333,2.5,4.0278,2.4537,medium
Tasmania,2022-06-28,0.8333,2.5,4.0278,2.4537,medium
Tasmania,2022-06-29,0.8333,2.5,4.0278,2.4537,medium
Tasmania,2022-06-30,0.8333,2.5,4.0278,2.4537,medium
Tasmania,2022-07-01,0.6548,2.5,4.0278,2.3942,medium
Tasmania,2022-07-02,0.6548,2.5,4.0278,2.3942,medium
Tasmania,2022-07-03,0.6548,2.5,4.0278,2.3942,medium
Tasmania,2022-07-04,0.6548,2.5,4.0278,2.3942,medium
Tasmania,2022-07-05,0.6548,2.5,4.0278,2.3942,medium
Tasmania,2022-07-06,0.6548,2.5,4.0278,2.3942,medium
Tasmania,2022-07-07,0.6548,2.5,4.0278,2.3942,medium
Tasmania,2022-07-08,0.6548,2.5,4.0278,2.3942,medium
Tasmania,2022-07-09,0.6548,2.5,4.0278,2.3942,medium
Tasmania,2022-07-10,0.6548,2.5,4.0278,2.3942,medium
Tasmania,2022-07-11,0.6548,2.5,4.0278,2.3942,medium
Tasmania,2022-07-12,0.6548,2.5,4.0278,2.3942,medium
Tasmania,2022-07-13,0.6548,2.5,4.0278,2.3942,medium
Tasmania,2022-07-14,0.6548,2.5,4.0278,2.3942,medium
Tasmania,2022-07-15,0.6548,2.5,4.0278,2.3942,medium
Tasmania,2022-07-16,0.6548,2.5,4.0278,2.3942,medium
Tasmania,2022-07-17,0.6548,2.5,4.0278,2.3942,medium
Tasmania,2022-07-18,0.6548,2.5,4.0278,2.3942,medium
Tasmania,2022-07-19,0.6548,2.5,4.0278,2.3942,medium
Tasmania,2022-07-20,0.6548,2.5,4.0278,2.3942,medium
Tasmania,2022-07-21,0.6548,2.5,4.0278,2.3942,medium
Tasmania,2022-07-22,0.6548,2.5,4.0278,2.3942,medium
Tasmania,2022-07-23,0.6548,2.5,4.0278,2.3942,medium
Tasmania,2022-07-24,0.6548,2.5,4.0278,2.3942,medium
Tasmania,2022-07-25,0.6548,2.5,4.0278,2.3942,medium
Tasmania,2022-07-26,0.6548,2.5,4.0278,2.3942,medium
Tasmania,2022-07-27,0.6548,2.5,4.0278,2.3942,medium
Tasmania,2022-07-28,0.6548,2.5,4.0278,2.3942,medium
Tasmania,2022-07-29,0.6548,2.5,4.0278,2.3942,medium
Tasmania,2022-07-30,0.6548,2.5,4.0278,2.3942,medium
Tasmania,2022-07-31,0.6548,2.5,4.0278,2.3942,medium
Tasmania,2022-08-01,0.6548,2.5,4.0278,2.3942,medium
Tasmania,2022-08-02,0.6548,2.5,4.0278,2.3942,medium
Tasmania,2022-08-03,0.6548,2.5,4.0278,2.3942,medium
Tasmania,2022-08-04,0.6548,2.5,4.0278,2.3942,medium
Tasmania,2022-08-05,0.6548,2.5,4.0278,2.3942,medium
Tasmania,2022-08-06,0.6548,2.5,4.0278,2.3942,medium
Tasmania,2022-08-07,0.6548,2.5,4.0278,2.3942,medium
Tasmania,2022-08-08,0.6548,2.5,4.0278,2.3942,medium
Tasmania,2022-08-09,0.6548,2.5,4.0278,2.3942,medium
Tasmania,2022-08-10,0.6548,2.5,4.0278,2.3942,medium
Tasmania,2022-08-11,0.6548,2.5,4.0278,2.3942,medium
Tasmania,2022-08-12,0.6548,2.5,4.0278,2.3942,medium
Tasmania,2022-08-13,0.6548,1.25,4.0278,1.9775,low
Tasmania,2022-08-14,0.6548,1.25,4.0278,1.9775,low
Tasmania,2022-08-15,0.6548,1.25,4.0278,1.9775,low
Tasmania,2022-08-16,0.6548,1.25,4.0278,1.9775,low
Tasmania,2022-08-17,0.6548,1.25,4.0278,1.9775,low
Tasmania,2022-08-18,0.6548,1.25,4.0278,1.9775,low
Tasmania,2022-08-19,0.6548,1.25,4.0278,1.9775,low
Tasmania,2022-08-20,0.6548,1.25,4.0278,1.9775,low
Tasmania,2022-08-21,0.6548,1.25,4.0278,1.9775,low
Tasmania,2022-08-22,0.6548,1.25,4.0278,1.9775,low
Tasmania,2022-08-23,0.6548,1.25,4.0278,1.9775,low
Tasmania,2022-08-24,0.6548,1.25,4.0278,1.9775,low
Tasmania,2022-08-25,0.6548,1.25,4.0278,1.9775,low
Tasmania,2022-08-26,0.6548,1.25,4.0278,1.9775,low
Tasmania,2022-08-27,0.6548,1.25,3.6111,1.8386,low
Tasmania,2022-08-28,0.6548,1.25,3.6111,1.8386,low
Tasmania,2022-08-29,0.6548,1.25,3.6111,1.8386,low
Tasmania,2022-08-30,0.6548,1.25,3.6111,1.8386,low
Tasmania,2022-08-31,0.6548,1.25,3.6111,1.8386,low
Tasmania,2022-09-01,0.6548,1.25,3.6111,1.8386,low
Tasmania,2022-09-02,0.6548,1.25,3.6111,1.8386,low
Tasmania,2022-09-03,0.6548,1.25,3.6111,1.8386,low
Tasmania,2022-09-04,0.6548,1.25,3.6111,1.8386,low
Tasmania,2022-09-05,0.6548,1.25,3.6111,1.8386,low
Tasmania,2022-09-06,0.6548,1.25,3.6111,1.8386,low
Tasmania,2022-09-07,0.6548,1.25,3.6111,1.8386,low
Tasmania,2022-09-08,0.6548,1.25,3.6111,1.8386,low
Tasmania,2022-09-09,0.6548,1.25,3.6111,1.8386,low
Tasmania,2022-09-10,0.6548,1.25,3.6111,1.8386,low
Tasmania,2022-09-11,0.6548,1.25,3.6111,1.8386,low
Tasmania,2022-09-12,0.6548,1.25,3.6111,1.8386,low
Tasmania,2022-09-13,0.6548,1.25,3.6111,1.8386,low
Tasmania,2022-09-14,0.6548,1.25,3.6111,1.8386,low
Tasmania,2022-09-15,0.6548,1.25,3.6111,1.8386,low
Tasmania,2022-09-16,0.6548,1.25,3.6111,1.8386,low
Tasmania,2022-09-17,0.6548,1.25,3.6111,1.8386,low
Tasmania,2022-09-18,0.6548,1.25,3.6111,1.8386,low
Tasmania,2022-09-19,0.6548,1.25,3.6111,1.8386,low
Tasmania,2022-09-20,0.6548,1.25,3.6111,1.8386,low
Tasmania,2022-09-21,0.6548,1.25,3.6111,1.8386,low
Tasmania,2022-09-22,0.6548,1.25,3.6111,1.8386,low
Tasmania,2022-09-23,0.6548,1.25,3.6111,1.8386,low
Tasmania,2022-09-24,0.6548,1.25,3.6111,1.8386,low
Tasmania,2022-09-25,0.6548,1.25,3.6111,1.8386,low
Tasmania,2022-09-26,0.6548,1.25,3.6111,1.8386,low
Tasmania,2022-09-27,0.6548,1.25,3.6111,1.8386,low
Tasmania,2022-09-28,0.6548,1.25,3.6111,1.8386,low
Tasmania,2022-09-29,0.6548,1.25,3.6111,1.8386,low
Tasmania,2022-09-30,0.6548,1.25,3.6111,1.8386,low
Tasmania,2022-10-01,0.6548,1.25,3.6111,1.8386,low
Tasmania,2022-10-02,0.6548,1.25,3.6111,1.8386,low
Tasmania,2022-10-03,0.6548,1.25,3.6111,1.8386,low
Tasmania,2022-10-04,0.6548,1.25,3.6111,1.8386,low
Tasmania,2022-10-05,0.6548,1.25,3.6111,1.8386,low
Tasmania,2022-10-06,0.6548,1.25,3.6111,1.8386,low
Tasmania,2022-10-07,0.6548,1.25,3.6111,1.8386,low
Tasmania,2022-10-08,0.6548,1.25,3.6111,1.8386,low
Tasmania,2022-10-09,0.6548,1.25,3.6111,1.8386,low
Tasmania,2022-10-10,0.6548,1.25,3.6111,1.8386,low
Tasmania,2022-10-11,0.6548,1.25,3.6111,1.8386,low
Tasmania,2022-10-12,0.6548,1.25,3.6111,1.8386,low
Tasmania,2022-10-13,0.6548,1.25,3.6111,1.8386,low
Tasmania,2022-10-14,0.6548,0.0,3.6111,1.422,low
Tasmania,2022-10-15,0.6548,0.0,3.6111,1.422,low
Tasmania,2022-10-16,0.6548,0.0,3.6111,1.422,low
Tasmania,2022-10-17,0.6548,0.0,3.6111,1.422,low
Tasmania,2022-10-18,0.6548,0.0,3.6111,1.422,low
Tasmania,2022-10-19,0.6548,0.0,3.6111,1.422,low
Tasmania,2022-10-20,0.6548,0.0,3.6111,1.422,low
Tasmania,2022-10-21,0.6548,0.0,3.6111,1.422,low
Tasmania,2022-10-22,0.6548,0.0,3.6111,1.422,low
Tasmania,2022-10-23,0.6548,0.0,3.6111,1.422,low
Tasmania,2022-10-24,0.6548,0.0,3.6111,1.422,low
Tasmania,2022-10-25,0.6548,0.0,3.6111,1.422,low
Tasmania,2022-10-26,0.6548,0.0,3.6111,1.422,low
Tasmania,2022-10-27,0.6548,0.0,3.6111,1.422,low
Tasmania,2022-10-28,0.6548,0.0,3.6111,1.422,low
Tasmania,2022-10-29,0.6548,0.0,3.6111,1.422,low
Tasmania,2022-10-30,0.6548,0.0,3.6111,1.422,low
Tasmania,2022-10-31,0.6548,0.0,3.6111,1.422,low
Tasmania,2022-11-01,0.6548,1.25,3.4028,1.7692,low
Tasmania,2022-11-02,0.6548,1.25,3.4028,1.7692,low
Tasmania,2022-11-03,0.6548,1.25,3.4028,1.7692,low
Tasmania,2022-11-04,0.6548,1.25,3.4028,1.7692,low
Tasmania,2022-11-05,0.6548,1.25,3.4028,1.7692,low
Tasmania,2022-11-06,0.6548,1.25,3.4028,1.7692,low
Tasmania,2022-11-07,0.6548,1.25,3.4028,1.7692,low
Tasmania,2022-11-08,0.6548,1.25,3.4028,1.7692,low
Tasmania,2022-11-09,0.6548,1.25,3.4028,1.7692,low
Tasmania,2022-11-10,0.6548,1.25,3.4028,1.7692,low
Tasmania,2022-11-11,0.6548,1.25,3.4028,1.7692,low
Tasmania,2022-11-12,0.6548,1.25,3.4028,1.7692,low
Tasmania,2022-11-13,0.6548,1.25,3.4028,1.7692,low
Tasmania,2022-11-14,0.6548,1.25,3.4028,1.7692,low
Tasmania,2022-11-15,0.6548,1.25,3.4028,1.7692,low
Tasmania,2022-11-16,0.6548,1.25,3.4028,1.7692,low
Tasmania,2022-11-17,0.6548,1.25,3.4028,1.7692,low
Tasmania,2022-11-18,0.6548,1.25,3.4028,1.7692,low
Tasmania,2022-11-19,0.6548,1.25,3.4028,1.7692,low
Tasmania,2022-11-20,0.6548,1.25,3.4028,1.7692,low
Tasmania,2022-11-21,0.6548,1.25,3.4028,1.7692,low
Tasmania,2022-11-22,0.6548,1.25,3.4028,1.7692,low
Tasmania,2022-11-23,0.6548,1.25,3.4028,1.7692,low
Tasmania,2022-11-24,0.6548,1.25,3.4028,1.7692,low
Tasmania,2022-11-25,0.6548,1.25,3.4028,1.7692,low
Tasmania,2022-11-26,0.6548,1.25,3.4028,1.7692,low
Tasmania,2022-11-27,0.6548,1.25,3.4028,1.7692,low
Tasmania,2022-11-28,0.6548,1.25,3.4028,1.7692,low
Tasmania,2022-11-29,0.6548,1.25,3.4028,1.7692,low
Tasmania,2022-11-30,0.6548,1.25,3.4028,1.7692,low
Tasmania,2022-12-01,0.4167,1.25,3.2639,1.6435,low
Tasmania,2022-12-02,0.4167,1.25,3.2639,1.6435,low
Tasmania,2022-12-03,0.4167,1.25,3.2639,1.6435,low
Tasmania,2022-12-04,0.4167,1.25,3.2639,1.6435,low
Tasmania,2022-12-05,0.4167,1.25,3.2639,1.6435,low
Tasmania,2022-12-06,0.4167,1.25,3.2639,1.6435,low
Tasmania,2022-12-07,0.4167,1.25,3.2639,1.6435,low
Tasmania,2022-12-08,0.4167,1.25,3.2639,1.6435,low
Tasmania,2022-12-09,0.4167,1.25,3.2639,1.6435,low
Tasmania,2022-12-10,0.4167,1.25,3.2639,1.6435,low
Tasmania,2022-12-11,0.4167,1.25,3.2639,1.6435,low
Tasmania,2022-12-12,0.4167,1.25,3.2639,1.6435,low
Tasmania,2022-12-13,0.4167,1.25,3.2639,1.6435,low
Tasmania,2022-12-14,0.4167,1.25,3.2639,1.6435,low
Tasmania,2022-12-15,0.4167,1.25,3.2639,1.6435,low
Tasmania,2022-12-16,0.4167,1.25,3.2639,1.6435,low
Tasmania,2022-12-17,0.4167,1.25,3.2639,1.6435,low
Tasmania,2022-12-18,0.4167,1.25,3.2639,1.6435,low
Tasmania,2022-12-19,0.4167,1.25,3.2639,1.6435,low
Tasmania,2022-12-20,0.4167,1.25,3.2639,1.6435,low
Tasmania,2022-12-21,0.4167,1.25,3.2639,1.6435,low
Tasmania,2022-12-22,0.4167,1.25,3.2639,1.6435,low
Tasmania,2022-12-23,0.4167,1.25,3.2639,1.6435,low
Tasmania,2022-12-24,0.4167,1.25,3.2639,1.6435,low
Tasmania,2022-12-25,0.4167,1.25,3.2639,1.6435,low
Tasmania,2022-12-26,0.4167,1.25,3.2639,1.6435,low
Tasmania,2022-12-27,0.4167,1.25,3.2639,1.6435,low
Tasmania,2022-12-28,0.4167,1.25,3.2639,1.6435,low
Tasmania,2022-12-29,0.4167,1.25,3.2639,1.6435,low
Tasmania,2022-12-30,0.4167,1.25,3.2639,1.6435,low
Tasmania,2022-12-31,0.4167,1.25,3.2639,1.6435,low
Victoria,2020-01-01,0.0,0.0,0.0,0.0,low
Victoria,2020-01-02,0.0,0.0,0.0,0.0,low
Victoria,2020-01-03,0.0,0.0,0.0,0.0,low
Victoria,2020-01-04,0.0,0.0,0.0,0.0,low
Victoria,2020-01-05,0.0,0.0,0.0,0.0,low
Victoria,2020-01-06,0.0,0.0,0.0,0.0,low
Victoria,2020-01-07,0.0,0.0,0.0,0.0,low
Victoria,2020-01-08,0.0,0.0,0.0,0.0,low
Victoria,2020-01-09,0.0,0.0,0.0,0.0,low
Victoria,2020-01-10,0.0,0.0,0.0,0.0,low
Victoria,2020-01-11,0.0,0.0,0.0,0.0,low
Victoria,2020-01-12,0.0,0.0,0.0,0.0,low
Victoria,2020-01-13,0.0,0.0,0.0,0.0,low
Victoria,2020-01-14,0.0,0.0,0.0,0.0,low
Victoria,2020-01-15,0.0,0.0,0.0,0.0,low
Victoria,2020-01-16,0.0,0.0,0.0,0.0,low
Victoria,2020-01-17,0.0,0.0,0.0,0.0,low
Victoria,2020-01-18,0.0,0.0,0.0,0.0,low
Victoria,2020-01-19,0.0,0.0,0.0,0.0,low
Victoria,2020-01-20,0.0,0.0,0.0,0.0,low
Victoria,2020-01-21,0.0,0.0,0.0,0.0,low
Victoria,2020-01-22,0.0,0.0,0.0,0.0,low
Victoria,2020-01-23,0.0,0.0,0.0,0.0,low
Victoria,2020-01-24,0.0,0.0,0.0,0.0,low
Victoria,2020-01-25,0.0,0.0,0.0,0.0,low
Victoria,2020-01-26,0.0,0.0,0.0,0.0,low
Victoria,2020-01-27,0.0,0.0,0.0,0.0,low
Victoria,2020-01-28,0.0,0.0,0.0,0.0,low
Victoria,2020-01-29,0.0,0.0,0.0,0.0,low
Victoria,2020-01-30,0.0,0.0,0.0,0.0,low
Victoria,2020-01-31,0.0,0.0,0.0,0.0,low
Victoria,2020-02-01,0.5357,0.0,0.0,0.1786,low
Victoria,2020-02-02,0.5357,0.0,0.0,0.1786,low
Victoria,2020-02-03,0.5357,0.0,0.0,0.1786,low
Victoria,2020-02-04,0.5357,0.0,0.0,0.1786,low
Victoria,2020-02-05,0.5357,0.0,0.0,0.1786,low
Victoria,2020-02-06,0.5357,0.0,0.0,0.1786,low
Victoria,2020-02-07,0.5357,0.0,0.0,0.1786,low
Victoria,2020-02-08,0.5357,0.0,0.0,0.1786,low
Victoria,2020-02-09,0.5357,0.0,0.0,0.1786,low
Victoria,2020-02-10,0.5357,0.0,0.0,0.1786,low
Victoria,2020-02-11,0.5357,0.0,0.0,0.1786,low
Victoria,2020-02-12,0.5357,0.0,0.0,0.1786,low
Victoria,2020-02-13,0.5357,0.0,0.0,0.1786,low
Victoria,2020-02-14,0.5357,0.0,0.0,0.1786,low
Victoria,2020-02-15,0.5357,0.0,0.0,0.1786,low
Victoria,2020-02-16,0.5357,0.0,0.0,0.1786,low
Victoria,2020-02-17,0.5357,0.0,0.0,0.1786,low
Victoria,2020-02-18,0.5357,0.0,0.0,0.1786,low
Victoria,2020-02-19,0.5357,0.0,0.0,0.1786,low
Victoria,2020-02-20,0.5357,0.0,0.0,0.1786,low
Victoria,2020-02-21,0.5357,0.0,0.0,0.1786,low
Victoria,2020-02-22,0.5357,0.0,0.0,0.1786,low
Victoria,2020-02-23,0.5357,0.0,0.0,0.1786,low
Victoria,2020-02-24,0.5357,0.0,0.0,0.1786,low
Victoria,2020-02-25,0.5357,0.0,0.0,0.1786,low
Victoria,2020-02-26,0.5357,0.0,0.0,0.1786,low
Victoria,2020-02-27,0.5357,0.0,0.0,0.1786,low
Victoria,2020-02-28,0.5357,0.0,0.0,0.1786,low
Victoria,2020-02-29,0.5357,0.0,0.0,0.1786,low
Victoria,2020-03-01,0.5357,0.0,2.2222,0.9193,low
Victoria,2020-03-02,0.5357,0.0,2.2222,0.9193,low
Victoria,2020-03-03,0.5357,0.0,2.2222,0.9193,low
Victoria,2020-03-04,0.5357,0.0,2.2222,0.9193,low
Victoria,2020-03-05,0.5357,0.0,2.2222,0.9193,low
Victoria,2020-03-06,0.5357,0.0,2.2222,0.9193,low
Victoria,2020-03-07,0.5357,0.0,2.2222,0.9193,low
Victoria,2020-03-08,0.5357,0.0,2.2222,0.9193,low
Victoria,2020-03-09,0.5357,0.0,2.2222,0.9193,low
Victoria,2020-03-10,0.5357,0.0,2.2222,0.9193,low
Victoria,2020-03-11,0.5357,0.0,2.2222,0.9193,low
Victoria,2020-03-12,0.5357,0.0,2.2222,0.9193,low
Victoria,2020-03-13,0.5357,0.0,2.2222,0.9193,low
Victoria,2020-03-14,0.5357,0.0,2.2222,0.9193,low
Victoria,2020-03-15,1.0714,0.0,1.9444,1.0053,low
Victoria,2020-03-16,1.0714,0.0,1.9444,1.0053,low
Victoria,2020-03-17,1.0714,0.0,2.5,1.1905,low
Victoria,2020-03-18,1.0714,0.0,2.5,1.1905,low
Victoria,2020-03-19,1.0714,0.0,2.5,1.1905,low
Victoria,2020-03-20,1.25,0.0,2.5,1.25,low
Victoria,2020-03-21,1.25,0.0,2.5,1.25,low
Victoria,2020-03-22,1.25,0.0,2.5,1.25,low
Victoria,2020-03-23,1.7262,0.0,2.5,1.4087,low
Victoria,2020-03-24,2.6786,0.0,2.5,1.7262,low
Victoria,2020-03-25,3.0357,1.25,2.5,2.2619,low
Victoria,2020-03-26,3.2143,1.25,2.5,2.3214,medium
Victoria,2020-03-27,3.2143,1.25,2.5,2.3214,medium
Victoria,2020-03-28,3.2143,1.25,2.5,2.3214,medium
Victoria,2020-03-29,4.4048,1.25,2.5,2.7183,medium
Victoria,2020-03-30,4.4048,3.75,2.5,3.5516,high
Victoria,2020-03-31,4.4048,3.75,2.5,3.5516,high
Victoria,2020-04-01,4.4048,3.75,2.5,3.5516,high
Victoria,2020-04-02,4.4048,3.75,2.5,3.5516,high
Victoria,2020-04-03,4.4048,3.75,2.5,3.5516,high
Victoria,2020-04-04,4.4048,3.75,2.5,3.5516,high
Victoria,2020-04-05,4.4048,3.75,2.5,3.5516,high
Victoria,2020-04-06,4.4048,3.75,2.5,3.5516,high
Victoria,2020-04-07,4.4048,3.75,2.5,3.5516,high
Victoria,2020-04-08,4.4048,3.75,2.5,3.5516,high
Victoria,2020-04-09,4.4048,3.75,2.5,3.5516,high
Victoria,2020-04-10,4.4048,3.75,2.5,3.5516,high
Victoria,2020-04-11,4.4048,3.75,2.5,3.5516,high
Victoria,2020-04-12,4.4048,3.75,2.5,3.5516,high
Victoria,2020-04-13,4.4048,3.75,2.5,3.5516,high
Victoria,2020-04-14,4.4048,3.75,2.7778,3.6442,high
Victoria,2020-04-15,4.4048,3.75,2.7778,3.6442,high
Victoria,2020-04-16,4.4048,3.75,2.7778,3.6442,high
Victoria,2020-04-17,4.4048,3.75,2.7778,3.6442,high
Victoria,2020-04-18,4.4048,3.75,2.7778,3.6442,high
Victoria,2020-04-19,4.4048,3.75,2.7778,3.6442,high
Victoria,2020-04-20,4.4048,3.75,2.7778,3.6442,high
Victoria,2020-04-21,4.4048,3.75,2.7778,3.6442,high
Victoria,2020-04-22,4.4048,3.75,2.7778,3.6442,high
Victoria,2020-04-23,4.4048,3.75,2.7778,3.6442,high
Victoria,2020-04-24,4.4048,3.75,2.7778,3.6442,high
Victoria,2020-04-25,4.4048,3.75,2.7778,3.6442,high
Victoria,2020-04-26,4.4048,3.75,2.7778,3.6442,high
Victoria,2020-04-27,4.4048,3.75,2.7778,3.6442,high
Victoria,2020-04-28,4.4048,3.75,2.7778,3.6442,high
Victoria,2020-04-29,4.4048,3.75,2.7778,3.6442,high
Victoria,2020-04-30,4.4048,3.75,2.7778,3.6442,high
Victoria,2020-05-01,4.4048,3.75,2.7778,3.6442,high
Victoria,2020-05-02,4.4048,3.75,2.7778,3.6442,high
Victoria,2020-05-03,4.4048,3.75,2.7778,3.6442,high
Victoria,2020-05-04,4.4048,3.75,2.7778,3.6442,high
Victoria,2020-05-05,4.4048,3.75,2.7778,3.6442,high
Victoria,2020-05-06,4.4048,3.75,2.3611,3.5053,high
Victoria,2020-05-07,4.4048,3.75,2.3611,3.5053,high
Victoria,2020-05-08,3.8095,3.75,2.3611,3.3069,high
Victoria,2020-05-09,3.8095,3.75,2.3611,3.3069,high
Victoria,2020-05-10,3.8095,3.75,2.3611,3.3069,high
Victoria,2020-05-11,3.8095,3.75,2.3611,3.3069,high
Victoria,2020-05-12,3.8095,3.75,2.3611,3.3069,high
Victoria,2020-05-13,3.8095,3.75,2.3611,3.3069,high
Victoria,2020-05-14,3.8095,3.75,2.3611,3.3069,high
Victoria,2020-05-15,3.8095,3.75,2.3611,3.3069,high
Victoria,2020-05-16,3.8095,3.75,2.3611,3.3069,high
Victoria,2020-05-17,3.8095,3.75,2.3611,3.3069,high
Victoria,2020-05-18,3.8095,3.75,2.3611,3.3069,high
Victoria,2020-05-19,3.8095,3.75,2.3611,3.3069,high
Victoria,2020-05-20,3.8095,3.75,2.3611,3.3069,high
Victoria,2020-05-21,3.8095,3.75,2.3611,3.3069,high
Victoria,2020-05-22,3.8095,3.75,2.3611,3.3069,high
Victoria,2020-05-23,3.8095,3.75,2.3611,3.3069,high
Victoria,2020-05-24,3.8095,3.75,2.3611,3.3069,high
Victoria,2020-05-25,3.8095,3.75,2.3611,3.3069,high
Victoria,2020-05-26,3.5714,3.75,2.3611,3.2275,high
Victoria,2020-05-27,3.5714,3.75,2.3611,3.2275,high
Victoria,2020-05-28,3.5714,3.75,2.7778,3.3664,high
Victoria,2020-05-29,3.5714,3.75,2.7778,3.3664,high
Victoria,2020-05-30,3.5714,3.75,2.7778,3.3664,high
Victoria,2020-05-31,3.5714,3.75,2.7778,3.3664,high
Victoria,2020-06-01,3.1548,3.75,2.7778,3.2275,high
Victoria,2020-06-02,3.1548,3.75,2.7778,3.2275,high
Victoria,2020-06-03,3.1548,3.75,2.7778,3.2275,high
Victoria,2020-06-04,3.1548,3.75,2.7778,3.2275,high
Victoria,2020-06-05,3.1548,3.75,2.7778,3.2275,high
Victoria,2020-06-06,3.1548,3.75,2.7778,3.2275,high
Victoria,2020-06-07,3.1548,3.75,2.7778,3.2275,high
Victoria,2020-06-08,3.1548,3.75,2.7778,3.2275,high
Victoria,2020-06-09,3.1548,3.75,2.7778,3.2275,high
Victoria,2020-06-10,3.1548,3.75,2.7778,3.2275,high
Victoria,2020-06-11,3.1548,3.75,2.7778,3.2275,high
Victoria,2020-06-12,3.1548,3.75,2.7778,3.2275,high
Victoria,2020-06-13,3.1548,3.75,2.7778,3.2275,high
Victoria,2020-06-14,3.1548,3.75,2.7778,3.2275,high
Victoria,2020-06-15,3.1548,3.75,2.7778,3.2275,high
Victoria,2020-06-16,3.1548,3.75,2.7778,3.2275,high
Victoria,2020-06-17,3.1548,3.75,2.7778,3.2275,high
Victoria,2020-06-18,3.1548,3.75,2.7778,3.2275,high
Victoria,2020-06-19,3.1548,3.75,2.7778,3.2275,high
Victoria,2020-06-20,3.1548,3.75,2.7778,3.2275,high
Victoria,2020-06-21,3.1548,3.75,2.7778,3.2275,high
Victoria,2020-06-22,3.3333,3.75,2.7778,3.287,high
Victoria,2020-06-23,3.3333,3.75,2.7778,3.287,high
Victoria,2020-06-24,3.3333,3.75,2.7778,3.287,high
Victoria,2020-06-25,3.3333,3.75,2.7778,3.287,high
Victoria,2020-06-26,3.3333,3.75,2.7778,3.287,high
Victoria,2020-06-27,3.3333,3.75,2.7778,3.287,high
Victoria,2020-06-28,3.3333,3.75,2.7778,3.287,high
Victoria,2020-06-29,3.3333,3.75,2.7778,3.287,high
Victoria,2020-06-30,3.3333,3.75,2.7778,3.287,high
Victoria,2020-07-01,3.3333,3.75,2.7778,3.287,high
Victoria,2020-07-02,4.1667,3.75,2.7778,3.5648,high
Victoria,2020-07-03,4.1667,3.75,2.7778,3.5648,high
Victoria,2020-07-04,4.1667,3.75,2.7778,3.5648,high
Victoria,2020-07-05,4.1667,3.75,2.7778,3.5648,high
Victoria,2020-07-06,4.1667,3.75,2.7778,3.5648,high
Victoria,2020-07-07,4.1667,3.75,2.7778,3.5648,high
Victoria,2020-07-08,4.1667,3.75,3.4028,3.7732,high
Victoria,2020-07-09,4.1667,3.75,3.4028,3.7732,high
Victoria,2020-07-10,4.1667,3.75,3.4028,3.7732,high
Victoria,2020-07-11,4.1667,3.75,3.4028,3.7732,high
Victoria,2020-07-12,4.1667,3.75,3.4028,3.7732,high
Victoria,2020-07-13,4.1667,3.75,3.4028,3.7732,high
Victoria,2020-07-14,4.1667,3.75,3.4028,3.7732,high
Victoria,2020-07-15,4.1667,3.75,3.4028,3.7732,high
Victoria,2020-07-16,4.1667,3.75,3.4028,3.7732,high
Victoria,2020-07-17,4.1667,3.75,3.4028,3.7732,high
Victoria,2020-07-18,4.1667,3.75,3.4028,3.7732,high
Victoria,2020-07-19,4.1667,3.75,3.4028,3.7732,high
Victoria,2020-07-20,4.1667,3.75,3.4028,3.7732,high
Victoria,2020-07-21,4.1667,3.75,3.4028,3.7732,high
Victoria,2020-07-22,4.1667,3.75,3.4028,3.7732,high
Victoria,2020-07-23,4.1667,3.75,3.6111,3.8426,high
Victoria,2020-07-24,4.1667,3.75,3.6111,3.8426,high
Victoria,2020-07-25,4.1667,3.75,3.6111,3.8426,high
Victoria,2020-07-26,4.1667,3.75,3.6111,3.8426,high
Victoria,2020-07-27,4.1667,3.75,3.6111,3.8426,high
Victoria,2020-07-28,4.1667,3.75,3.6111,3.8426,high
Victoria,2020-07-29,4.1667,3.75,3.6111,3.8426,high
Victoria,2020-07-30,4.1667,3.75,3.6111,3.8426,high
Victoria,2020-07-31,4.1667,3.75,3.8889,3.9352,high
Victoria,2020-08-01,4.1667,3.75,3.8889,3.9352,high
Victoria,2020-08-02,4.1667,3.75,3.8889,3.9352,high
Victoria,2020-08-03,4.1667,3.75,3.8889,3.9352,high
Victoria,2020-08-04,4.1667,3.75,3.8889,3.9352,high
Victoria,2020-08-05,4.4048,3.75,3.8889,4.0146,high
Victoria,2020-08-06,4.4048,3.75,3.8889,4.0146,high
Victoria,2020-08-07,4.4048,3.75,3.8889,4.0146,high
Victoria,2020-08-08,4.4048,3.75,3.8889,4.0146,high
Victoria,2020-08-09,4.4048,3.75,3.8889,4.0146,high
Victoria,2020-08-10,4.4048,3.75,3.8889,4.0146,high
Victoria,2020-08-11,4.4048,3.75,3.8889,4.0146,high
Victoria,2020-08-12,4.4048,3.75,3.8889,4.0146,high
Victoria,2020-08-13,4.4048,3.75,3.8889,4.0146,high
Victoria,2020-08-14,4.4048,3.75,3.8889,4.0146,high
Victoria,2020-08-15,4.4048,3.75,3.8889,4.0146,high
Victoria,2020-08-16,4.4048,3.75,3.8889,4.0146,high
Victoria,2020-08-17,4.4048,3.75,3.8889,4.0146,high
Victoria,2020-08-18,4.4048,3.75,3.8889,4.0146,high
Victoria,2020-08-19,4.4048,3.75,3.8889,4.0146,high
Victoria,2020-08-20,4.4048,3.75,3.8889,4.0146,high
Victoria,2020-08-21,4.4048,3.75,3.8889,4.0146,high
Victoria,2020-08-22,4.4048,3.75,3.8889,4.0146,high
Victoria,2020-08-23,4.4048,3.75,3.8889,4.0146,high
Victoria,2020-08-24,4.4048,3.75,3.8889,4.0146,high
Victoria,2020-08-25,4.4048,3.75,3.8889,4.0146,high
Victoria,2020-08-26,4.4048,3.75,3.8889,4.0146,high
Victoria,2020-08-27,4.4048,3.75,3.8889,4.0146,high
Victoria,2020-08-28,4.4048,3.75,3.8889,4.0146,high
Victoria,2020-08-29,4.4048,3.75,3.8889,4.0146,high
Victoria,2020-08-30,4.4048,3.75,3.8889,4.0146,high
Victoria,2020-08-31,4.4048,3.75,3.8889,4.0146,high
Victoria,2020-09-01,4.4048,3.75,3.8889,4.0146,high
Victoria,2020-09-02,4.4048,3.75,3.8889,4.0146,high
Victoria,2020-09-03,4.4048,3.75,3.8889,4.0146,high
Victoria,2020-09-04,4.4048,3.75,3.8889,4.0146,high
Victoria,2020-09-05,4.4048,3.75,3.8889,4.0146,high
Victoria,2020-09-06,4.4048,3.75,3.8889,4.0146,high
Victoria,2020-09-07,4.4048,3.75,3.8889,4.0146,high
Victoria,2020-09-08,4.4048,3.75,3.8889,4.0146,high
Victoria,2020-09-09,4.4048,3.75,3.8889,4.0146,high
Victoria,2020-09-10,4.4048,3.75,3.8889,4.0146,high
Victoria,2020-09-11,4.4048,3.75,3.8889,4.0146,high
Victoria,2020-09-12,4.4048,3.75,3.8889,4.0146,high
Victoria,2020-09-13,4.4048,3.75,3.8889,4.0146,high
Victoria,2020-09-14,4.4048,3.75,3.8889,4.0146,high
Victoria,2020-09-15,4.4048,3.75,3.4722,3.8757,high
Victoria,2020-09-16,4.4048,3.75,3.4722,3.8757,high
Victoria,2020-09-17,4.4048,3.75,3.4722,3.8757,high
Victoria,2020-09-18,4.4048,3.75,3.4722,3.8757,high
Victoria,2020-09-19,4.4048,3.75,3.4722,3.8757,high
Victoria,2020-09-20,4.4048,3.75,3.4722,3.8757,high
Victoria,2020-09-21,4.4048,3.75,3.4722,3.8757,high
Victoria,2020-09-22,4.4048,3.75,3.8889,4.0146,high
Victoria,2020-09-23,4.4048,3.75,3.8889,4.0146,high
Victoria,2020-09-24,4.4048,3.75,3.8889,4.0146,high
Victoria,2020-09-25,4.4048,2.5,3.8889,3.5979,high
Victoria,2020-09-26,4.4048,2.5,3.8889,3.5979,high
Victoria,2020-09-27,4.4048,2.5,3.8889,3.5979,high
Victoria,2020-09-28,4.4048,2.5,3.8889,3.5979,high
Victoria,2020-09-29,4.4048,2.5,3.8889,3.5979,high
Victoria,2020-09-30,4.4048,2.5,3.8889,3.5979,high
Victoria,2020-10-01,4.4048,2.5,3.8889,3.5979,high
Victoria,2020-10-02,4.4048,2.5,3.8889,3.5979,high
Victoria,2020-10-03,4.4048,2.5,3.8889,3.5979,high
Victoria,2020-10-04,4.4048,2.5,3.8889,3.5979,high
Victoria,2020-10-05,4.1667,2.5,3.8889,3.5185,high
Victoria,2020-10-06,4.1667,2.5,3.8889,3.5185,high
Victoria,2020-10-07,4.1667,2.5,3.8889,3.5185,high
Victoria,2020-10-08,4.1667,2.5,3.8889,3.5185,high
Victoria,2020-10-09,4.1667,2.5,3.8889,3.5185,high
Victoria,2020-10-10,4.1667,2.5,3.8889,3.5185,high
Victoria,2020-10-11,4.1667,2.5,3.8889,3.5185,high
Victoria,2020-10-12,4.1667,2.5,3.8889,3.5185,high
Victoria,2020-10-13,4.1667,2.5,3.8889,3.5185,high
Victoria,2020-10-14,4.1667,2.5,3.8889,3.5185,high
Victoria,2020-10-15,4.1667,2.5,3.8889,3.5185,high
Victoria,2020-10-16,4.1667,2.5,3.8889,3.5185,high
Victoria,2020-10-17,4.1667,2.5,3.8889,3.5185,high
Victoria,2020-10-18,4.1667,2.5,3.8889,3.5185,high
Victoria,2020-10-19,4.1667,2.5,3.8889,3.5185,high
Victoria,2020-10-20,4.1667,2.5,3.8889,3.5185,high
Victoria,2020-10-21,4.1667,2.5,3.8889,3.5185,high
Victoria,2020-10-22,4.1667,2.5,3.8889,3.5185,high
Victoria,2020-10-23,4.1667,2.5,3.8889,3.5185,high
Victoria,2020-10-24,3.9286,2.5,3.8889,3.4392,high
Victoria,2020-10-25,3.9286,2.5,3.8889,3.4392,high
Victoria,2020-10-26,3.9286,2.5,3.8889,3.4392,high
Victoria,2020-10-27,2.9762,2.5,3.8889,3.1217,high
Victoria,2020-10-28,2.9762,2.5,3.8889,3.1217,high
Victoria,2020-10-29,2.9762,2.5,3.8889,3.1217,high
Victoria,2020-10-30,2.9762,2.5,3.8889,3.1217,high
Victoria,2020-10-31,2.9762,2.5,3.8889,3.1217,high
Victoria,2020-11-01,3.2143,2.5,3.8889,3.2011,high
Victoria,2020-11-02,3.2143,2.5,3.8889,3.2011,high
Victoria,2020-11-03,3.2143,2.5,3.8889,3.2011,high
Victoria,2020-11-04,3.2143,2.5,3.8889,3.2011,high
Victoria,2020-11-05,3.2143,2.5,3.8889,3.2011,high
Victoria,2020-11-06,3.2143,2.5,3.8889,3.2011,high
Victoria,2020-11-07,3.2143,2.5,3.8889,3.2011,high
Victoria,2020-11-08,2.8571,2.5,3.8889,3.082,high
Victoria,2020-11-09,2.8571,2.5,3.6111,2.9894,medium
Victoria,2020-11-10,2.8571,2.5,3.6111,2.9894,medium
Victoria,2020-11-11,2.8571,2.5,3.6111,2.9894,medium
Victoria,2020-11-12,2.8571,2.5,3.6111,2.9894,medium
Victoria,2020-11-13,2.8571,2.5,3.6111,2.9894,medium
Victoria,2020-11-14,2.8571,2.5,3.6111,2.9894,medium
Victoria,2020-11-15,2.8571,2.5,3.6111,2.9894,medium
Victoria,2020-11-16,2.8571,2.5,3.6111,2.9894,medium
Victoria,2020-11-17,2.8571,2.5,3.6111,2.9894,medium
Victoria,2020-11-18,2.8571,2.5,3.6111,2.9894,medium
Victoria,2020-11-19,2.8571,2.5,3.6111,2.9894,medium
Victoria,2020-11-20,2.8571,2.5,3.6111,2.9894,medium
Victoria,2020-11-21,2.8571,2.5,3.6111,2.9894,medium
Victoria,2020-11-22,2.8571,2.5,3.6111,2.9894,medium
Victoria,2020-11-23,2.6786,2.5,2.9167,2.6984,medium
Victoria,2020-11-24,2.6786,2.5,2.9167,2.6984,medium
Victoria,2020-11-25,2.6786,2.5,2.9167,2.6984,medium
Victoria,2020-11-26,2.6786,2.5,2.9167,2.6984,medium
Victoria,2020-11-27,2.6786,2.5,2.9167,2.6984,medium
Victoria,2020-11-28,2.6786,2.5,2.9167,2.6984,medium
Victoria,2020-11-29,2.6786,2.5,2.9167,2.6984,medium
Victoria,2020-11-30,2.4405,2.5,2.9167,2.6191,medium
Victoria,2020-12-01,2.4405,2.5,2.9167,2.6191,medium
Victoria,2020-12-02,2.4405,2.5,2.9167,2.6191,medium
Victoria,2020-12-03,2.4405,2.5,2.9167,2.6191,medium
Victoria,2020-12-04,2.4405,2.5,2.9167,2.6191,medium
Victoria,2020-12-05,2.4405,2.5,2.9167,2.6191,medium
Victoria,2020-12-06,2.4405,2.5,2.9167,2.6191,medium
Victoria,2020-12-07,2.4405,2.5,2.9167,2.6191,medium
Victoria,2020-12-08,2.4405,2.5,2.9167,2.6191,medium
Victoria,2020-12-09,2.4405,2.5,2.9167,2.6191,medium
Victoria,2020-12-10,2.4405,2.5,2.9167,2.6191,medium
Victoria,2020-12-11,2.4405,2.5,2.9167,2.6191,medium
Victoria,2020-12-12,2.4405,2.5,2.9167,2.6191,medium
Victoria,2020-12-13,2.0833,2.5,2.9167,2.5,medium
Victoria,2020-12-14,2.0833,2.5,2.9167,2.5,medium
Victoria,2020-12-15,2.0833,2.5,2.9167,2.5,medium
Victoria,2020-12-16,2.0833,2.5,2.9167,2.5,medium
Victoria,2020-12-17,2.0833,2.5,2.9167,2.5,medium
Victoria,2020-12-18,2.4405,2.5,2.9167,2.6191,medium
Victoria,2020-12-19,2.4405,2.5,2.9167,2.6191,medium
Victoria,2020-12-20,2.7976,2.5,2.9167,2.7381,medium
Victoria,2020-12-21,2.7976,2.5,2.9167,2.7381,medium
Victoria,2020-12-22,2.7976,2.5,2.9167,2.7381,medium
Victoria,2020-12-23,2.7976,2.5,2.9167,2.7381,medium
Victoria,2020-12-24,2.7976,2.5,2.9167,2.7381,medium
Victoria,2020-12-25,2.7976,2.5,2.9167,2.7381,medium
Victoria,2020-12-26,2.7976,2.5,2.9167,2.7381,medium
Victoria,2020-12-27,2.7976,2.5,2.9167,2.7381,medium
Victoria,2020-12-28,2.7976,2.5,2.9167,2.7381,medium
Victoria,2020-12-29,2.7976,2.5,2.9167,2.7381,medium
Victoria,2020-12-30,2.7976,2.5,2.9167,2.7381,medium
Victoria,2020-12-31,2.7976,2.5,2.9167,2.7381,medium
Victoria,2021-01-01,2.2619,1.25,2.6389,2.0503,low
Victoria,2021-01-02,2.2619,1.25,2.9167,2.1429,low
Victoria,2021-01-03,2.7976,1.25,2.9167,2.3214,medium
Victoria,2021-01-04,2.7976,1.25,2.9167,2.3214,medium
Victoria,2021-01-05,2.7976,1.25,2.9167,2.3214,medium
Victoria,2021-01-06,2.7976,1.25,2.9167,2.3214,medium
Victoria,2021-01-07,2.7976,1.25,2.9167,2.3214,medium
Victoria,2021-01-08,2.7976,1.25,2.9167,2.3214,medium
Victoria,2021-01-09,2.7976,1.25,2.9167,2.3214,medium
Victoria,2021-01-10,2.7976,1.25,2.9167,2.3214,medium
Victoria,2021-01-11,2.7976,1.25,2.9167,2.3214,medium
Victoria,2021-01-12,2.7976,1.25,2.9167,2.3214,medium
Victoria,2021-01-13,2.7976,1.25,2.9167,2.3214,medium
Victoria,2021-01-14,2.7976,1.25,2.9167,2.3214,medium
Victoria,2021-01-15,2.7976,1.25,2.9167,2.3214,medium
Victoria,2021-01-16,2.7976,1.25,2.9167,2.3214,medium
Victoria,2021-01-17,2.7976,1.25,2.9167,2.3214,medium
Victoria,2021-01-18,2.2619,1.25,2.9167,2.1429,low
Victoria,2021-01-19,2.7976,1.25,2.9167,2.3214,medium
Victoria,2021-01-20,2.7976,1.25,2.9167,2.3214,medium
Victoria,2021-01-21,2.7976,1.25,2.9167,2.3214,medium
Victoria,2021-01-22,2.7976,1.25,2.9167,2.3214,medium
Victoria,2021-01-23,2.7976,1.25,2.9167,2.3214,medium
Victoria,2021-01-24,2.7976,1.25,2.9167,2.3214,medium
Victoria,2021-01-25,2.7976,1.25,2.9167,2.3214,medium
Victoria,2021-01-26,2.7976,1.25,2.9167,2.3214,medium
Victoria,2021-01-27,2.7976,1.25,2.9167,2.3214,medium
Victoria,2021-01-28,2.7976,1.25,2.9167,2.3214,medium
Victoria,2021-01-29,2.7976,1.25,2.9167,2.3214,medium
Victoria,2021-01-30,2.7976,1.25,2.9167,2.3214,medium
Victoria,2021-01-31,2.7976,1.25,2.9167,2.3214,medium
Victoria,2021-02-01,2.7976,1.25,2.9167,2.3214,medium
Victoria,2021-02-02,2.7976,1.25,2.9167,2.3214,medium
Victoria,2021-02-03,2.7976,1.25,2.9167,2.3214,medium
Victoria,2021-02-04,2.7976,1.25,3.125,2.3909,medium
Victoria,2021-02-05,2.7976,1.25,3.125,2.3909,medium
Victoria,2021-02-06,2.7976,1.25,3.125,2.3909,medium
Victoria,2021-02-07,2.7976,1.25,3.125,2.3909,medium
Victoria,2021-02-08,2.7976,1.25,3.125,2.3909,medium
Victoria,2021-02-09,2.7976,1.25,3.125,2.3909,medium
Victoria,2021-02-10,2.7976,1.25,3.125,2.3909,medium
Victoria,2021-02-11,2.7976,1.25,3.125,2.3909,medium
Victoria,2021-02-12,3.4524,1.25,3.8889,2.8638,medium
Victoria,2021-02-13,3.4524,1.25,3.8889,2.8638,medium
Victoria,2021-02-14,3.4524,1.25,3.8889,2.8638,medium
Victoria,2021-02-15,3.4524,1.25,3.6111,2.7712,medium
Victoria,2021-02-16,3.4524,1.25,3.6111,2.7712,medium
Victoria,2021-02-17,3.4524,1.25,3.6111,2.7712,medium
Victoria,2021-02-18,2.2619,1.25,3.6806,2.3975,medium
Victoria,2021-02-19,2.2619,1.25,3.6806,2.3975,medium
Victoria,2021-02-20,2.2619,1.25,3.6806,2.3975,medium
Victoria,2021-02-21,2.2619,1.25,3.6806,2.3975,medium
Victoria,2021-02-22,2.2619,1.25,4.0139,2.5086,medium
Victoria,2021-02-23,2.2619,1.25,4.0139,2.5086,medium
Victoria,2021-02-24,2.2619,1.25,4.0139,2.5086,medium
Victoria,2021-02-25,2.2619,1.25,4.0139,2.5086,medium
Victoria,2021-02-26,2.2619,1.25,4.0139,2.5086,medium
Victoria,2021-02-27,2.0833,1.25,3.8056,2.3796,medium
Victoria,2021-02-28,2.0833,1.25,3.8056,2.3796,medium
Victoria,2021-03-01,2.7976,3.75,3.25,3.2659,high
Victoria,2021-03-02,2.7976,3.75,3.25,3.2659,high
Victoria,2021-03-03,2.7976,3.75,3.25,3.2659,high
Victoria,2021-03-04,2.7976,3.75,3.25,3.2659,high
Victoria,2021-03-05,2.7976,3.75,3.25,3.2659,high
Victoria,2021-03-06,2.7976,3.75,3.25,3.2659,high
Victoria,2021-03-07,2.7976,3.75,3.25,3.2659,high
Victoria,2021-03-08,2.7976,3.75,3.25,3.2659,high
Victoria,2021-03-09,2.7976,3.75,3.25,3.2659,high
Victoria,2021-03-10,2.7976,3.75,3.25,3.2659,high
Victoria,2021-03-11,2.7976,3.75,3.25,3.2659,high
Victoria,2021-03-12,2.7976,3.75,3.25,3.2659,high
Victoria,2021-03-13,2.7976,3.75,3.25,3.2659,high
Victoria,2021-03-14,2.7976,3.75,3.25,3.2659,high
Victoria,2021-03-15,2.7976,3.75,3.25,3.2659,high
Victoria,2021-03-16,2.7976,3.75,3.5278,3.3585,high
Victoria,2021-03-17,2.7976,3.75,3.5278,3.3585,high
Victoria,2021-03-18,2.7976,3.75,3.5278,3.3585,high
Victoria,2021-03-19,2.7976,3.75,3.5278,3.3585,high
Victoria,2021-03-20,2.7976,3.75,3.5278,3.3585,high
Victoria,2021-03-21,2.7976,3.75,3.5278,3.3585,high
Victoria,2021-03-22,2.7976,3.75,3.8611,3.4696,high
Victoria,2021-03-23,2.7976,3.75,3.8611,3.4696,high
Victoria,2021-03-24,2.7976,3.75,3.8611,3.4696,high
Victoria,2021-03-25,2.7976,3.75,3.8611,3.4696,high
Victoria,2021-03-26,2.7976,3.75,3.8611,3.4696,high
Victoria,2021-03-27,2.7976,3.75,3.8611,3.4696,high
Victoria,2021-03-28,2.7976,3.75,3.8611,3.4696,high
Victoria,2021-03-29,2.7976,3.75,3.8611,3.4696,high
Victoria,2021-03-30,2.7976,3.75,3.8611,3.4696,high
Victoria,2021-03-31,2.7976,3.75,3.8611,3.4696,high
Victoria,2021-04-01,2.7976,3.75,4.0,3.5159,high
Victoria,2021-04-02,2.7976,3.75,4.0,3.5159,high
Victoria,2021-04-03,2.7976,3.75,4.0,3.5159,high
Victoria,2021-04-04,2.7976,3.75,4.0,3.5159,high
Victoria,2021-04-05,2.7976,3.75,4.0,3.5159,high
Victoria,2021-04-06,2.7976,3.75,4.0,3.5159,high
Victoria,2021-04-07,2.7976,3.75,4.0,3.5159,high
Victoria,2021-04-08,2.7976,3.75,4.0,3.5159,high
Victoria,2021-04-09,2.7976,3.75,4.0,3.5159,high
Victoria,2021-04-10,2.7976,3.75,4.0,3.5159,high
Victoria,2021-04-11,2.7976,3.75,4.0,3.5159,high
Victoria,2021-04-12,2.7976,3.75,4.0,3.5159,high
Victoria,2021-04-13,2.7976,3.75,4.0,3.5159,high
Victoria,2021-04-14,2.7976,3.75,4.0,3.5159,high
Victoria,2021-04-15,2.7976,3.75,4.0,3.5159,high
Victoria,2021-04-16,2.7976,3.75,4.0,3.5159,high
Victoria,2021-04-17,2.7976,3.75,4.0,3.5159,high
Victoria,2021-04-18,2.7976,3.75,4.0,3.5159,high
Victoria,2021-04-19,2.7976,3.75,4.0,3.5159,high
Victoria,2021-04-20,2.7976,3.75,4.0,3.5159,high
Victoria,2021-04-21,2.7976,3.75,4.0,3.5159,high
Victoria,2021-04-22,2.7976,3.75,4.0,3.5159,high
Victoria,2021-04-23,2.7976,3.75,4.0,3.5159,high
Victoria,2021-04-24,2.7976,3.75,4.0,3.5159,high
Victoria,2021-04-25,2.7976,3.75,4.0,3.5159,high
Victoria,2021-04-26,2.7976,3.75,4.0,3.5159,high
Victoria,2021-04-27,2.7976,3.75,4.0,3.5159,high
Victoria,2021-04-28,2.7976,3.75,4.0,3.5159,high
Victoria,2021-04-29,2.7976,3.75,4.0,3.5159,high
Victoria,2021-04-30,2.7976,3.75,4.0,3.5159,high
Victoria,2021-05-01,2.3214,3.75,4.0,3.3571,high
Victoria,2021-05-02,2.3214,3.75,4.0,3.3571,high
Victoria,2021-05-03,2.3214,3.75,4.0,3.3571,high
Victoria,2021-05-04,2.3214,3.75,4.0,3.3571,high
Victoria,2021-05-05,2.3214,3.75,4.0,3.3571,high
Victoria,2021-05-06,2.3214,3.75,4.0,3.3571,high
Victoria,2021-05-07,2.3214,3.75,4.0,3.3571,high
Victoria,2021-05-08,2.3214,3.75,4.0,3.3571,high
Victoria,2021-05-09,2.3214,3.75,4.0,3.3571,high
Victoria,2021-05-10,2.3214,3.75,4.0,3.3571,high
Victoria,2021-05-11,2.3214,3.75,4.0,3.3571,high
Victoria,2021-05-12,2.3214,3.75,4.0,3.3571,high
Victoria,2021-05-13,2.3214,3.75,4.0,3.3571,high
Victoria,2021-05-14,2.3214,3.75,4.0,3.3571,high
Victoria,2021-05-15,2.3214,3.75,4.0,3.3571,high
Victoria,2021-05-16,2.3214,3.75,4.0,3.3571,high
Victoria,2021-05-17,2.3214,3.75,4.0,3.3571,high
Victoria,2021-05-18,2.3214,3.75,4.0,3.3571,high
Victoria,2021-05-19,2.3214,3.75,4.0,3.3571,high
Victoria,2021-05-20,2.3214,3.75,4.0,3.3571,high
Victoria,2021-05-21,2.3214,3.75,4.0,3.3571,high
Victoria,2021-05-22,2.3214,3.75,4.0,3.3571,high
Victoria,2021-05-23,2.3214,3.75,4.0,3.3571,high
Victoria,2021-05-24,2.3214,3.75,4.0,3.3571,high
Victoria,2021-05-25,2.5595,3.75,4.0,3.4365,high
Victoria,2021-05-26,2.5595,3.75,4.0,3.4365,high
Victoria,2021-05-27,4.4048,3.75,4.0,4.0516,high
Victoria,2021-05-28,4.4048,3.75,4.0,4.0516,high
Victoria,2021-05-29,4.4048,3.75,4.0,4.0516,high
Victoria,2021-05-30,4.4048,3.75,4.0,4.0516,high
Victoria,2021-05-31,4.4048,3.75,4.0,4.0516,high
Victoria,2021-06-01,4.4048,3.75,4.0,4.0516,high
Victoria,2021-06-02,4.4048,3.75,4.0,4.0516,high
Victoria,2021-06-03,4.4048,3.75,4.0,4.0516,high
Victoria,2021-06-04,4.1667,3.75,4.0,3.9722,high
Victoria,2021-06-05,4.1667,3.75,4.0,3.9722,high
Victoria,2021-06-06,4.1667,3.75,4.0,3.9722,high
Victoria,2021-06-07,4.1667,3.75,4.0,3.9722,high
Victoria,2021-06-08,4.1667,3.75,4.0,3.9722,high
Victoria,2021-06-09,4.1667,3.75,4.0,3.9722,high
Victoria,2021-06-10,4.1667,3.75,4.0,3.9722,high
Victoria,2021-06-11,3.0357,3.75,4.0,3.5952,high
Victoria,2021-06-12,3.0357,3.75,4.0,3.5952,high
Victoria,2021-06-13,3.0357,3.75,4.0,3.5952,high
Victoria,2021-06-14,3.0357,3.75,4.0,3.5952,high
Victoria,2021-06-15,3.0357,3.75,4.0,3.5952,high
Victoria,2021-06-16,3.0357,3.75,4.0,3.5952,high
Victoria,2021-06-17,3.0357,3.75,4.0,3.5952,high
Victoria,2021-06-18,3.0357,3.75,4.1389,3.6415,high
Victoria,2021-06-19,3.0357,3.75,4.1389,3.6415,high
Victoria,2021-06-20,3.0357,3.75,4.1389,3.6415,high
Victoria,2021-06-21,3.0357,3.75,4.1389,3.6415,high
Victoria,2021-06-22,3.0357,3.75,4.1389,3.6415,high
Victoria,2021-06-23,3.0357,3.75,4.1389,3.6415,high
Victoria,2021-06-24,3.0357,3.75,4.1389,3.6415,high
Victoria,2021-06-25,2.7976,3.75,3.8611,3.4696,high
Victoria,2021-06-26,2.7976,3.75,3.8611,3.4696,high
Victoria,2021-06-27,2.7976,3.75,3.8611,3.4696,high
Victoria,2021-06-28,2.7976,3.75,3.8611,3.4696,high
Victoria,2021-06-29,2.7976,3.75,3.8611,3.4696,high
Victoria,2021-06-30,2.7976,3.75,3.8611,3.4696,high
Victoria,2021-07-01,2.7976,3.75,3.8611,3.4696,high
Victoria,2021-07-02,2.7976,3.75,3.8611,3.4696,high
Victoria,2021-07-03,2.7976,3.75,3.8611,3.4696,high
Victoria,2021-07-04,2.7976,3.75,3.8611,3.4696,high
Victoria,2021-07-05,2.7976,3.75,3.8611,3.4696,high
Victoria,2021-07-06,2.7976,3.75,3.8611,3.4696,high
Victoria,2021-07-07,2.7976,3.75,3.8611,3.4696,high
Victoria,2021-07-08,2.7976,3.75,3.8611,3.4696,high
Victoria,2021-07-09,2.7976,3.75,3.8611,3.4696,high
Victoria,2021-07-10,2.7976,3.75,3.8611,3.4696,high
Victoria,2021-07-11,2.7976,3.75,3.8611,3.4696,high
Victoria,2021-07-12,2.7976,3.75,3.8611,3.4696,high
Victoria,2021-07-13,2.7976,3.75,3.8611,3.4696,high
Victoria,2021-07-14,2.7976,3.75,3.8611,3.4696,high
Victoria,2021-07-15,2.7976,3.75,3.8611,3.4696,high
Victoria,2021-07-16,4.4048,3.75,4.5556,4.2368,high
Victoria,2021-07-17,4.4048,3.75,4.5556,4.2368,high
Victoria,2021-07-18,4.4048,3.75,4.5556,4.2368,high
Victoria,2021-07-19,4.4048,3.75,4.5556,4.2368,high
Victoria,2021-07-20,4.4048,3.75,4.5556,4.2368,high
Victoria,2021-07-21,4.4048,3.75,4.5556,4.2368,high
Victoria,2021-07-22,4.4048,3.75,4.5556,4.2368,high
Victoria,2021-07-23,4.4048,3.75,4.5556,4.2368,high
Victoria,2021-07-24,4.4048,3.75,4.5556,4.2368,high
Victoria,2021-07-25,4.4048,3.75,4.5556,4.2368,high
Victoria,2021-07-26,4.4048,3.75,4.5556,4.2368,high
Victoria,2021-07-27,4.4048,3.75,4.5556,4.2368,high
Victoria,2021-07-28,3.4524,3.75,4.2778,3.8267,high
Victoria,2021-07-29,3.4524,3.75,4.2778,3.8267,high
Victoria,2021-07-30,3.4524,3.75,4.2778,3.8267,high
Victoria,2021-07-31,3.4524,3.75,4.2778,3.8267,high
Victoria,2021-08-01,3.4524,3.75,4.2778,3.8267,high
Victoria,2021-08-02,3.4524,3.75,4.2778,3.8267,high
Victoria,2021-08-03,3.4524,3.75,4.2778,3.8267,high
Victoria,2021-08-04,3.4524,3.75,4.2778,3.8267,high
Victoria,2021-08-05,4.6429,3.75,4.5556,4.3162,high
Victoria,2021-08-06,4.6429,3.75,4.5556,4.3162,high
Victoria,2021-08-07,4.6429,3.75,4.5556,4.3162,high
Victoria,2021-08-08,4.6429,3.75,4.5556,4.3162,high
Victoria,2021-08-09,4.6429,3.75,4.5556,4.3162,high
Victoria,2021-08-10,4.6429,3.75,4.5556,4.3162,high
Victoria,2021-08-11,4.6429,3.75,4.5556,4.3162,high
Victoria,2021-08-12,4.6429,3.75,4.5556,4.3162,high
Victoria,2021-08-13,4.6429,3.75,4.5556,4.3162,high
Victoria,2021-08-14,4.6429,3.75,4.5556,4.3162,high
Victoria,2021-08-15,4.6429,3.75,4.5556,4.3162,high
Victoria,2021-08-16,4.6429,3.75,4.5556,4.3162,high
Victoria,2021-08-17,4.6429,3.75,4.5556,4.3162,high
Victoria,2021-08-18,4.6429,3.75,4.5556,4.3162,high
Victoria,2021-08-19,4.6429,3.75,4.5556,4.3162,high
Victoria,2021-08-20,4.6429,3.75,4.5556,4.3162,high
Victoria,2021-08-21,4.6429,3.75,4.5556,4.3162,high
Victoria,2021-08-22,4.6429,3.75,4.5556,4.3162,high
Victoria,2021-08-23,4.6429,3.75,4.5556,4.3162,high
Victoria,2021-08-24,4.6429,3.75,4.5556,4.3162,high
Victoria,2021-08-25,4.6429,3.75,4.7222,4.3717,high
Victoria,2021-08-26,4.6429,3.75,4.7222,4.3717,high
Victoria,2021-08-27,4.6429,3.75,4.7222,4.3717,high
Victoria,2021-08-28,4.6429,3.75,4.7222,4.3717,high
Victoria,2021-08-29,4.6429,3.75,4.7222,4.3717,high
Victoria,2021-08-30,4.6429,3.75,4.7222,4.3717,high
Victoria,2021-08-31,4.6429,3.75,4.7222,4.3717,high
Victoria,2021-09-01,4.6429,3.75,4.7222,4.3717,high
Victoria,2021-09-02,4.6429,3.75,4.7222,4.3717,high
Victoria,2021-09-03,4.6429,3.75,4.7222,4.3717,high
Victoria,2021-09-04,4.6429,3.75,4.7222,4.3717,high
Victoria,2021-09-05,4.6429,3.75,4.7222,4.3717,high
Victoria,2021-09-06,4.6429,3.75,4.7222,4.3717,high
Victoria,2021-09-07,4.6429,3.75,4.7222,4.3717,high
Victoria,2021-09-08,4.6429,3.75,4.7222,4.3717,high
Victoria,2021-09-09,4.6429,3.75,4.7222,4.3717,high
Victoria,2021-09-10,4.6429,3.75,4.7222,4.3717,high
Victoria,2021-09-11,4.6429,3.75,4.7222,4.3717,high
Victoria,2021-09-12,4.6429,3.75,4.7222,4.3717,high
Victoria,2021-09-13,4.6429,3.75,4.7222,4.3717,high
Victoria,2021-09-14,4.6429,3.75,4.7222,4.3717,high
Victoria,2021-09-15,4.6429,3.75,4.7222,4.3717,high
Victoria,2021-09-16,4.6429,3.75,4.7222,4.3717,high
Victoria,2021-09-17,4.6429,3.75,4.7222,4.3717,high
Victoria,2021-09-18,4.4048,3.75,4.7222,4.2923,high
Victoria,2021-09-19,4.4048,3.75,4.7222,4.2923,high
Victoria,2021-09-20,4.4048,3.75,4.7222,4.2923,high
Victoria,2021-09-21,4.4048,3.75,4.7222,4.2923,high
Victoria,2021-09-22,4.4048,3.75,4.7222,4.2923,high
Victoria,2021-09-23,4.4048,3.75,4.7222,4.2923,high
Victoria,2021-09-24,4.4048,3.75,4.7222,4.2923,high
Victoria,2021-09-25,4.4048,3.75,4.7222,4.2923,high
Victoria,2021-09-26,4.4048,3.75,4.7222,4.2923,high
Victoria,2021-09-27,4.4048,3.75,4.7222,4.2923,high
Victoria,2021-09-28,4.4048,3.75,4.7222,4.2923,high
Victoria,2021-09-29,4.4048,3.75,4.7222,4.2923,high
Victoria,2021-09-30,4.4048,3.75,4.7222,4.2923,high
Victoria,2021-10-01,4.4048,2.5,4.7222,3.8757,high
Victoria,2021-10-02,4.4048,2.5,4.7222,3.8757,high
Victoria,2021-10-03,4.4048,2.5,4.7222,3.8757,high
Victoria,2021-10-04,4.4048,2.5,4.7222,3.8757,high
Victoria,2021-10-05,4.4048,2.5,4.7222,3.8757,high
Victoria,2021-10-06,4.4048,2.5,4.7222,3.8757,high
Victoria,2021-10-07,4.4048,2.5,4.7222,3.8757,high
Victoria,2021-10-08,4.4048,3.75,4.7222,4.2923,high
Victoria,2021-10-09,4.4048,3.75,4.7222,4.2923,high
Victoria,2021-10-10,4.4048,3.75,4.7222,4.2923,high
Victoria,2021-10-11,4.4048,3.75,4.7222,4.2923,high
Victoria,2021-10-12,4.4048,3.75,4.7222,4.2923,high
Victoria,2021-10-13,4.4048,3.75,4.7222,4.2923,high
Victoria,2021-10-14,4.4048,3.75,4.7222,4.2923,high
Victoria,2021-10-15,4.4048,3.75,4.7222,4.2923,high
Victoria,2021-10-16,4.4048,3.75,4.7222,4.2923,high
Victoria,2021-10-17,4.4048,3.75,4.7222,4.2923,high
Victoria,2021-10-18,4.4048,3.75,4.7222,4.2923,high
Victoria,2021-10-19,4.4048,3.75,4.7222,4.2923,high
Victoria,2021-10-20,4.2262,3.75,4.7222,4.2328,high
Victoria,2021-10-21,4.2262,3.75,4.7222,4.2328,high
Victoria,2021-10-22,3.0952,3.75,4.7222,3.8558,high
Victoria,2021-10-23,3.0952,3.75,4.7222,3.8558,high
Victoria,2021-10-24,3.0952,3.75,4.7222,3.8558,high
Victoria,2021-10-25,3.0952,3.75,4.7222,3.8558,high
Victoria,2021-10-26,3.0952,3.75,4.7222,3.8558,high
Victoria,2021-10-27,3.0952,3.75,4.7222,3.8558,high
Victoria,2021-10-28,3.0952,3.75,4.7222,3.8558,high
Victoria,2021-10-29,1.9048,3.75,4.0278,3.2275,high
Victoria,2021-10-30,1.9048,3.75,4.0278,3.2275,high
Victoria,2021-10-31,1.9048,3.75,4.0278,3.2275,high
Victoria,2021-11-01,1.5476,3.75,4.0278,3.1085,high
Victoria,2021-11-02,1.5476,3.75,4.0278,3.1085,high
Victoria,2021-11-03,1.5476,3.75,4.0278,3.1085,high
Victoria,2021-11-04,1.5476,3.75,4.0278,3.1085,high
Victoria,2021-11-05,1.5476,3.75,4.0278,3.1085,high
Victoria,2021-11-06,1.5476,3.75,4.0278,3.1085,high
Victoria,2021-11-07,1.5476,3.75,4.0278,3.1085,high
Victoria,2021-11-08,1.7262,3.75,4.0278,3.168,high
Victoria,2021-11-09,1.7262,3.75,4.0278,3.168,high
Victoria,2021-11-10,1.7262,3.75,4.0278,3.168,high
Victoria,2021-11-11,1.7262,3.75,4.0278,3.168,high
Victoria,2021-11-12,1.7262,3.75,4.0278,3.168,high
Victoria,2021-11-13,1.7262,3.75,4.0278,3.168,high
Victoria,2021-11-14,1.7262,3.75,4.0278,3.168,high
Victoria,2021-11-15,1.7262,3.75,4.0278,3.168,high
Victoria,2021-11-16,1.7262,3.75,4.0278,3.168,high
Victoria,2021-11-17,1.7262,3.75,4.0278,3.168,high
Victoria,2021-11-18,1.369,3.75,4.0278,3.0489,high
Victoria,2021-11-19,1.369,3.75,4.0278,3.0489,high
Victoria,2021-11-20,1.369,3.75,4.0278,3.0489,high
Victoria,2021-11-21,1.369,3.75,4.0278,3.0489,high
Victoria,2021-11-22,1.369,3.75,4.0278,3.0489,high
Victoria,2021-11-23,1.369,3.75,4.0278,3.0489,high
Victoria,2021-11-24,1.0119,3.75,4.0278,2.9299,medium
Victoria,2021-11-25,1.0119,3.75,4.0278,2.9299,medium
Victoria,2021-11-26,1.0119,3.75,4.0278,2.9299,medium
Victoria,2021-11-27,1.369,3.75,4.0278,3.0489,high
Victoria,2021-11-28,1.369,3.75,4.0278,3.0489,high
Victoria,2021-11-29,1.369,3.75,4.0278,3.0489,high
Victoria,2021-11-30,1.369,3.75,4.0278,3.0489,high
Victoria,2021-12-01,1.369,3.75,4.0278,3.0489,high
Victoria,2021-12-02,1.369,3.75,4.0278,3.0489,high
Victoria,2021-12-03,1.369,3.75,4.0278,3.0489,high
Victoria,2021-12-04,1.369,3.75,4.0278,3.0489,high
Victoria,2021-12-05,1.369,3.75,4.0278,3.0489,high
Victoria,2021-12-06,1.369,3.75,4.0278,3.0489,high
Victoria,2021-12-07,1.369,3.75,4.0278,3.0489,high
Victoria,2021-12-08,1.369,3.75,4.0278,3.0489,high
Victoria,2021-12-09,1.369,3.75,4.0278,3.0489,high
Victoria,2021-12-10,1.7262,3.75,4.0278,3.168,high
Victoria,2021-12-11,1.7262,3.75,4.0278,3.168,high
Victoria,2021-12-12,1.7262,3.75,4.0278,3.168,high
Victoria,2021-12-13,1.7262,3.75,4.0278,3.168,high
Victoria,2021-12-14,1.7262,3.75,4.0278,3.168,high
Victoria,2021-12-15,1.7262,3.75,4.0278,3.168,high
Victoria,2021-12-16,1.369,3.75,4.0278,3.0489,high
Victoria,2021-12-17,1.369,3.75,4.0278,3.0489,high
Victoria,2021-12-18,1.369,3.75,4.0278,3.0489,high
Victoria,2021-12-19,1.369,3.75,4.0278,3.0489,high
Victoria,2021-12-20,1.369,3.75,4.0278,3.0489,high
Victoria,2021-12-21,1.369,3.75,4.0278,3.0489,high
Victoria,2021-12-22,1.0119,3.75,3.6111,2.791,medium
Victoria,2021-12-23,1.0119,3.75,3.6111,2.791,medium
Victoria,2021-12-24,1.0119,3.75,3.6111,2.791,medium
Victoria,2021-12-25,1.0119,3.75,3.6111,2.791,medium
Victoria,2021-12-26,1.0119,3.75,3.6111,2.791,medium
Victoria,2021-12-27,1.0119,3.75,3.6111,2.791,medium
Victoria,2021-12-28,1.0119,3.75,3.6111,2.791,medium
Victoria,2021-12-29,1.0119,3.75,3.6111,2.791,medium
Victoria,2021-12-30,1.0119,3.75,3.6111,2.791,medium
Victoria,2021-12-31,1.0119,3.75,3.6111,2.791,medium
Victoria,2022-01-01,1.0119,3.75,3.6111,2.791,medium
Victoria,2022-01-02,1.0119,3.75,3.6111,2.791,medium
Victoria,2022-01-03,1.0119,3.75,3.6111,2.791,medium
Victoria,2022-01-04,1.0119,3.75,3.6111,2.791,medium
Victoria,2022-01-05,1.0119,3.75,3.6111,2.791,medium
Victoria,2022-01-06,1.0119,3.75,3.6111,2.791,medium
Victoria,2022-01-07,1.0119,3.75,3.6111,2.791,medium
Victoria,2022-01-08,1.0119,3.75,3.6111,2.791,medium
Victoria,2022-01-09,1.0119,3.75,3.6111,2.791,medium
Victoria,2022-01-10,1.0119,3.75,3.6111,2.791,medium
Victoria,2022-01-11,1.0119,3.75,3.6111,2.791,medium
Victoria,2022-01-12,1.0119,3.75,3.6111,2.791,medium
Victoria,2022-01-13,1.0119,3.75,3.6111,2.791,medium
Victoria,2022-01-14,1.0119,3.75,3.8194,2.8604,medium
Victoria,2022-01-15,1.0119,3.75,3.8194,2.8604,medium
Victoria,2022-01-16,1.0119,3.75,3.8194,2.8604,medium
Victoria,2022-01-17,1.0119,3.75,3.8194,2.8604,medium
Victoria,2022-01-18,1.0119,3.75,3.8194,2.8604,medium
Victoria,2022-01-19,1.0119,3.75,3.8194,2.8604,medium
Victoria,2022-01-20,1.0119,3.75,3.8194,2.8604,medium
Victoria,2022-01-21,1.0119,3.75,3.8194,2.8604,medium
Victoria,2022-01-22,1.0119,3.75,3.6111,2.791,medium
Victoria,2022-01-23,1.0119,3.75,3.6111,2.791,medium
Victoria,2022-01-24,1.0119,3.75,3.6111,2.791,medium
Victoria,2022-01-25,1.0119,3.75,3.6111,2.791,medium
Victoria,2022-01-26,1.0119,3.75,3.6111,2.791,medium
Victoria,2022-01-27,1.0119,3.75,3.6111,2.791,medium
Victoria,2022-01-28,1.0119,3.75,3.6111,2.791,medium
Victoria,2022-01-29,1.0119,3.75,3.6111,2.791,medium
Victoria,2022-01-30,1.0119,3.75,3.6111,2.791,medium
Victoria,2022-01-31,1.0119,3.75,3.6111,2.791,medium
Victoria,2022-02-01,1.0119,3.75,3.6111,2.791,medium
Victoria,2022-02-02,1.0119,3.75,3.6111,2.791,medium
Victoria,2022-02-03,1.0119,3.75,3.6111,2.791,medium
Victoria,2022-02-04,1.0119,3.75,3.6111,2.791,medium
Victoria,2022-02-05,1.0119,3.75,3.6111,2.791,medium
Victoria,2022-02-06,0.7738,3.75,3.6111,2.7116,medium
Victoria,2022-02-07,0.7738,3.75,3.6111,2.7116,medium
Victoria,2022-02-08,0.7738,3.75,3.6111,2.7116,medium
Victoria,2022-02-09,0.7738,3.75,3.6111,2.7116,medium
Victoria,2022-02-10,0.7738,3.75,3.6111,2.7116,medium
Victoria,2022-02-11,0.7738,3.75,3.6111,2.7116,medium
Victoria,2022-02-12,0.7738,3.75,3.6111,2.7116,medium
Victoria,2022-02-13,0.7738,3.75,3.6111,2.7116,medium
Victoria,2022-02-14,0.7738,3.75,3.6111,2.7116,medium
Victoria,2022-02-15,0.7738,3.75,3.6111,2.7116,medium
Victoria,2022-02-16,0.7738,3.75,3.6111,2.7116,medium
Victoria,2022-02-17,0.7738,3.75,3.6111,2.7116,medium
Victoria,2022-02-18,0.7738,3.75,3.6111,2.7116,medium
Victoria,2022-02-19,0.7738,3.75,3.6111,2.7116,medium
Victoria,2022-02-20,0.7738,3.75,3.6111,2.7116,medium
Victoria,2022-02-21,0.7738,3.75,3.6111,2.7116,medium
Victoria,2022-02-22,0.7738,3.75,3.6111,2.7116,medium
Victoria,2022-02-23,0.7738,3.75,3.6111,2.7116,medium
Victoria,2022-02-24,0.7738,3.75,3.6111,2.7116,medium
Victoria,2022-02-25,0.7738,3.75,3.6111,2.7116,medium
Victoria,2022-02-26,0.7738,3.75,3.6111,2.7116,medium
Victoria,2022-02-27,0.7738,3.75,3.6111,2.7116,medium
Victoria,2022-02-28,0.7738,3.75,3.6111,2.7116,medium
Victoria,2022-03-01,0.5357,3.75,4.0278,2.7712,medium
Victoria,2022-03-02,0.5357,3.75,4.0278,2.7712,medium
Victoria,2022-03-03,0.5357,3.75,4.0278,2.7712,medium
Victoria,2022-03-04,0.5357,3.75,4.0278,2.7712,medium
Victoria,2022-03-05,0.5357,3.75,4.0278,2.7712,medium
Victoria,2022-03-06,0.5357,3.75,4.0278,2.7712,medium
Victoria,2022-03-07,0.5357,3.75,4.0278,2.7712,medium
Victoria,2022-03-08,0.5357,3.75,4.0278,2.7712,medium
Victoria,2022-03-09,0.5357,3.75,4.0278,2.7712,medium
Victoria,2022-03-10,0.5357,3.75,4.0278,2.7712,medium
Victoria,2022-03-11,0.5357,3.75,4.0278,2.7712,medium
Victoria,2022-03-12,0.5357,3.75,4.0278,2.7712,medium
Victoria,2022-03-13,0.5357,3.75,4.0278,2.7712,medium
Victoria,2022-03-14,0.5357,3.75,4.0278,2.7712,medium
Victoria,2022-03-15,1.6071,3.75,4.0278,3.1283,high
Victoria,2022-03-16,1.6071,3.75,4.0278,3.1283,high
Victoria,2022-03-17,1.6071,3.75,4.0278,3.1283,high
Victoria,2022-03-18,1.6071,3.75,4.0278,3.1283,high
Victoria,2022-03-19,1.6071,3.75,4.0278,3.1283,high
Victoria,2022-03-20,1.6071,3.75,4.0278,3.1283,high
Victoria,2022-03-21,1.6071,3.75,4.0278,3.1283,high
Victoria,2022-03-22,1.6071,3.75,4.0278,3.1283,high
Victoria,2022-03-23,1.6071,3.75,4.0278,3.1283,high
Victoria,2022-03-24,1.6071,3.75,4.0278,3.1283,high
Victoria,2022-03-25,1.6071,3.75,4.0278,3.1283,high
Victoria,2022-03-26,1.6071,3.75,4.0278,3.1283,high
Victoria,2022-03-27,1.6071,3.75,4.0278,3.1283,high
Victoria,2022-03-28,1.6071,3.75,4.0278,3.1283,high
Victoria,2022-03-29,1.6071,3.75,4.0278,3.1283,high
Victoria,2022-03-30,1.6071,3.75,4.0278,3.1283,high
Victoria,2022-03-31,1.6071,3.75,4.0278,3.1283,high
Victoria,2022-04-01,1.6071,3.75,4.0278,3.1283,high
Victoria,2022-04-02,1.6071,3.75,4.0278,3.1283,high
Victoria,2022-04-03,1.6071,3.75,4.0278,3.1283,high
Victoria,2022-04-04,1.6071,3.75,4.0278,3.1283,high
Victoria,2022-04-05,1.0119,1.25,3.6111,1.9577,low
Victoria,2022-04-06,1.0119,1.25,3.6111,1.9577,low
Victoria,2022-04-07,1.0119,1.25,3.6111,1.9577,low
Victoria,2022-04-08,1.0119,1.25,3.6111,1.9577,low
Victoria,2022-04-09,1.0119,1.25,3.6111,1.9577,low
Victoria,2022-04-10,1.0119,1.25,3.6111,1.9577,low
Victoria,2022-04-11,1.0119,1.25,3.6111,1.9577,low
Victoria,2022-04-12,1.0119,1.25,3.6111,1.9577,low
Victoria,2022-04-13,1.0119,1.25,3.6111,1.9577,low
Victoria,2022-04-14,1.0119,1.25,3.6111,1.9577,low
Victoria,2022-04-15,1.0119,1.25,3.6111,1.9577,low
Victoria,2022-04-16,1.0119,1.25,3.6111,1.9577,low
Victoria,2022-04-17,1.0119,1.25,3.6111,1.9577,low
Victoria,2022-04-18,1.0119,1.25,3.6111,1.9577,low
Victoria,2022-04-19,1.0119,1.25,3.6111,1.9577,low
Victoria,2022-04-20,1.0119,1.25,3.6111,1.9577,low
Victoria,2022-04-21,1.0119,1.25,3.6111,1.9577,low
Victoria,2022-04-22,1.0119,1.25,3.6111,1.9577,low
Victoria,2022-04-23,1.0119,1.25,3.6111,1.9577,low
Victoria,2022-04-24,1.0119,1.25,3.6111,1.9577,low
Victoria,2022-04-25,1.0119,1.25,3.6111,1.9577,low
Victoria,2022-04-26,1.0119,1.25,3.6111,1.9577,low
Victoria,2022-04-27,1.0119,1.25,3.6111,1.9577,low
Victoria,2022-04-28,0.6548,1.25,3.6111,1.8386,low
Victoria,2022-04-29,0.6548,1.25,3.6111,1.8386,low
Victoria,2022-04-30,0.6548,1.25,3.6111,1.8386,low
Victoria,2022-05-01,0.6548,2.5,3.6111,2.2553,low
Victoria,2022-05-02,0.6548,2.5,3.6111,2.2553,low
Victoria,2022-05-03,0.6548,2.5,3.6111,2.2553,low
Victoria,2022-05-04,0.6548,2.5,3.6111,2.2553,low
Victoria,2022-05-05,0.6548,2.5,3.6111,2.2553,low
Victoria,2022-05-06,0.6548,2.5,3.6111,2.2553,low
Victoria,2022-05-07,0.6548,2.5,3.6111,2.2553,low
Victoria,2022-05-08,0.6548,2.5,3.6111,2.2553,low
Victoria,2022-05-09,0.6548,2.5,3.6111,2.2553,low
Victoria,2022-05-10,0.6548,2.5,3.6111,2.2553,low
Victoria,2022-05-11,0.6548,2.5,3.6111,2.2553,low
Victoria,2022-05-12,0.6548,2.5,3.6111,2.2553,low
Victoria,2022-05-13,0.6548,2.5,3.6111,2.2553,low
Victoria,2022-05-14,0.6548,2.5,3.6111,2.2553,low
Victoria,2022-05-15,0.6548,2.5,3.6111,2.2553,low
Victoria,2022-05-16,0.6548,2.5,3.6111,2.2553,low
Victoria,2022-05-17,0.6548,2.5,3.6111,2.2553,low
Victoria,2022-05-18,0.6548,2.5,3.6111,2.2553,low
Victoria,2022-05-19,0.6548,2.5,3.6111,2.2553,low
Victoria,2022-05-20,0.6548,2.5,3.6111,2.2553,low
Victoria,2022-05-21,0.6548,2.5,3.6111,2.2553,low
Victoria,2022-05-22,0.6548,2.5,3.6111,2.2553,low
Victoria,2022-05-23,0.6548,2.5,3.6111,2.2553,low
Victoria,2022-05-24,0.6548,2.5,3.6111,2.2553,low
Victoria,2022-05-25,0.6548,2.5,3.6111,2.2553,low
Victoria,2022-05-26,0.6548,2.5,3.6111,2.2553,low
Victoria,2022-05-27,0.6548,2.5,3.6111,2.2553,low
Victoria,2022-05-28,0.6548,2.5,3.6111,2.2553,low
Victoria,2022-05-29,0.6548,2.5,3.6111,2.2553,low
Victoria,2022-05-30,0.6548,2.5,3.6111,2.2553,low
Victoria,2022-05-31,0.6548,2.5,3.6111,2.2553,low
Victoria,2022-06-01,0.6548,2.5,3.6111,2.2553,low
Victoria,2022-06-02,0.6548,2.5,3.6111,2.2553,low
Victoria,2022-06-03,0.6548,2.5,3.6111,2.2553,low
Victoria,2022-06-04,0.6548,2.5,3.6111,2.2553,low
Victoria,2022-06-05,0.6548,2.5,3.6111,2.2553,low
Victoria,2022-06-06,0.6548,2.5,3.6111,2.2553,low
Victoria,2022-06-07,0.6548,2.5,3.6111,2.2553,low
Victoria,2022-06-08,0.6548,2.5,3.6111,2.2553,low
Victoria,2022-06-09,0.6548,2.5,3.6111,2.2553,low
Victoria,2022-06-10,0.6548,2.5,3.6111,2.2553,low
Victoria,2022-06-11,0.6548,2.5,3.6111,2.2553,low
Victoria,2022-06-12,0.6548,2.5,3.6111,2.2553,low
Victoria,2022-06-13,0.6548,2.5,3.6111,2.2553,low
Victoria,2022-06-14,0.6548,2.5,3.6111,2.2553,low
Victoria,2022-06-15,0.6548,2.5,3.6111,2.2553,low
Victoria,2022-06-16,0.6548,2.5,3.6111,2.2553,low
Victoria,2022-06-17,0.6548,2.5,3.6111,2.2553,low
Victoria,2022-06-18,0.6548,2.5,3.6111,2.2553,low
Victoria,2022-06-19,0.6548,2.5,3.6111,2.2553,low
Victoria,2022-06-20,0.6548,2.5,3.6111,2.2553,low
Victoria,2022-06-21,0.6548,2.5,3.6111,2.2553,low
Victoria,2022-06-22,0.6548,2.5,3.6111,2.2553,low
Victoria,2022-06-23,0.6548,2.5,3.6111,2.2553,low
Victoria,2022-06-24,0.6548,2.5,3.6111,2.2553,low
Victoria,2022-06-25,0.6548,2.5,3.6111,2.2553,low
Victoria,2022-06-26,0.6548,2.5,3.6111,2.2553,low
Victoria,2022-06-27,0.6548,2.5,3.6111,2.2553,low
Victoria,2022-06-28,0.6548,2.5,3.6111,2.2553,low
Victoria,2022-06-29,0.6548,2.5,3.6111,2.2553,low
Victoria,2022-06-30,0.6548,2.5,3.6111,2.2553,low
Victoria,2022-07-01,1.0119,2.5,3.6111,2.3743,medium
Victoria,2022-07-02,1.0119,2.5,3.6111,2.3743,medium
Victoria,2022-07-03,1.0119,2.5,3.6111,2.3743,medium
Victoria,2022-07-04,1.0119,2.5,3.6111,2.3743,medium
Victoria,2022-07-05,1.0119,2.5,3.6111,2.3743,medium
Victoria,2022-07-06,1.0119,2.5,3.6111,2.3743,medium
Victoria,2022-07-07,1.0119,2.5,3.6111,2.3743,medium
Victoria,2022-07-08,1.0119,2.5,3.6111,2.3743,medium
Victoria,2022-07-09,1.0119,2.5,3.6111,2.3743,medium
Victoria,2022-07-10,1.0119,2.5,3.6111,2.3743,medium
Victoria,2022-07-11,1.0119,2.5,3.6111,2.3743,medium
Victoria,2022-07-12,1.0119,2.5,3.6111,2.3743,medium
Victoria,2022-07-13,1.0119,2.5,3.6111,2.3743,medium
Victoria,2022-07-14,1.0119,2.5,3.6111,2.3743,medium
Victoria,2022-07-15,1.0119,2.5,3.6111,2.3743,medium
Victoria,2022-07-16,1.0119,2.5,3.6111,2.3743,medium
Victoria,2022-07-17,1.0119,2.5,3.6111,2.3743,medium
Victoria,2022-07-18,1.0119,2.5,3.6111,2.3743,medium
Victoria,2022-07-19,1.0119,2.5,3.6111,2.3743,medium
Victoria,2022-07-20,1.0119,2.5,3.6111,2.3743,medium
Victoria,2022-07-21,1.0119,2.5,3.6111,2.3743,medium
Victoria,2022-07-22,1.0119,2.5,3.6111,2.3743,medium
Victoria,2022-07-23,1.0119,2.5,3.6111,2.3743,medium
Victoria,2022-07-24,1.0119,2.5,3.6111,2.3743,medium
Victoria,2022-07-25,1.0119,2.5,3.6111,2.3743,medium
Victoria,2022-07-26,1.0119,2.5,3.6111,2.3743,medium
Victoria,2022-07-27,1.0119,2.5,3.6111,2.3743,medium
Victoria,2022-07-28,1.0119,2.5,3.6111,2.3743,medium
Victoria,2022-07-29,1.0119,2.5,3.6111,2.3743,medium
Victoria,2022-07-30,1.0119,2.5,3.6111,2.3743,medium
Victoria,2022-07-31,1.0119,2.5,3.6111,2.3743,medium
Victoria,2022-08-01,1.0119,2.5,3.6111,2.3743,medium
Victoria,2022-08-02,1.0119,2.5,3.6111,2.3743,medium
Victoria,2022-08-03,1.0119,2.5,3.6111,2.3743,medium
Victoria,2022-08-04,1.0119,2.5,3.6111,2.3743,medium
Victoria,2022-08-05,1.0119,2.5,3.6111,2.3743,medium
Victoria,2022-08-06,1.0119,2.5,3.6111,2.3743,medium
Victoria,2022-08-07,1.0119,2.5,3.6111,2.3743,medium
Victoria,2022-08-08,1.0119,2.5,3.6111,2.3743,medium
Victoria,2022-08-09,1.0119,2.5,3.6111,2.3743,medium
Victoria,2022-08-10,1.0119,2.5,3.6111,2.3743,medium
Victoria,2022-08-11,1.0119,2.5,3.6111,2.3743,medium
Victoria,2022-08-12,1.0119,2.5,3.6111,2.3743,medium
Victoria,2022-08-13,1.0119,2.5,3.6111,2.3743,medium
Victoria,2022-08-14,1.0119,2.5,3.6111,2.3743,medium
Victoria,2022-08-15,1.0119,2.5,3.6111,2.3743,medium
Victoria,2022-08-16,1.0119,2.5,3.6111,2.3743,medium
Victoria,2022-08-17,1.0119,2.5,3.6111,2.3743,medium
Victoria,2022-08-18,1.0119,2.5,3.6111,2.3743,medium
Victoria,2022-08-19,1.0119,2.5,3.6111,2.3743,medium
Victoria,2022-08-20,1.0119,2.5,3.6111,2.3743,medium
Victoria,2022-08-21,1.0119,2.5,3.6111,2.3743,medium
Victoria,2022-08-22,1.0119,2.5,3.6111,2.3743,medium
Victoria,2022-08-23,1.0119,2.5,3.6111,2.3743,medium
Victoria,2022-08-24,1.0119,2.5,3.6111,2.3743,medium
Victoria,2022-08-25,1.0119,2.5,3.6111,2.3743,medium
Victoria,2022-08-26,1.0119,2.5,3.6111,2.3743,medium
Victoria,2022-08-27,1.0119,2.5,3.6111,2.3743,medium
Victoria,2022-08-28,1.0119,2.5,3.6111,2.3743,medium
Victoria,2022-08-29,1.0119,2.5,3.6111,2.3743,medium
Victoria,2022-08-30,1.0119,2.5,3.6111,2.3743,medium
Victoria,2022-08-31,1.0119,2.5,3.6111,2.3743,medium
Victoria,2022-09-01,1.0119,2.5,3.6111,2.3743,medium
Victoria,2022-09-02,1.0119,2.5,3.6111,2.3743,medium
Victoria,2022-09-03,1.0119,2.5,3.6111,2.3743,medium
Victoria,2022-09-04,1.0119,2.5,3.6111,2.3743,medium
Victoria,2022-09-05,1.0119,2.5,3.6111,2.3743,medium
Victoria,2022-09-06,1.0119,2.5,3.6111,2.3743,medium
Victoria,2022-09-07,1.0119,2.5,3.6111,2.3743,medium
Victoria,2022-09-08,1.0119,2.5,3.6111,2.3743,medium
Victoria,2022-09-09,1.0119,2.5,3.6111,2.3743,medium
Victoria,2022-09-10,1.0119,2.5,3.6111,2.3743,medium
Victoria,2022-09-11,1.0119,2.5,3.6111,2.3743,medium
Victoria,2022-09-12,1.0119,2.5,3.6111,2.3743,medium
Victoria,2022-09-13,1.0119,2.5,3.6111,2.3743,medium
Victoria,2022-09-14,1.0119,2.5,3.6111,2.3743,medium
Victoria,2022-09-15,1.0119,2.5,3.6111,2.3743,medium
Victoria,2022-09-16,1.0119,2.5,3.6111,2.3743,medium
Victoria,2022-09-17,1.0119,2.5,3.6111,2.3743,medium
Victoria,2022-09-18,1.0119,2.5,3.6111,2.3743,medium
Victoria,2022-09-19,1.0119,2.5,3.6111,2.3743,medium
Victoria,2022-09-20,1.0119,2.5,3.6111,2.3743,medium
Victoria,2022-09-21,1.0119,2.5,3.6111,2.3743,medium
Victoria,2022-09-22,1.0119,2.5,3.6111,2.3743,medium
Victoria,2022-09-23,1.0119,2.5,3.6111,2.3743,medium
Victoria,2022-09-24,1.0119,2.5,3.6111,2.3743,medium
Victoria,2022-09-25,1.0119,2.5,3.6111,2.3743,medium
Victoria,2022-09-26,1.0119,2.5,3.6111,2.3743,medium
Victoria,2022-09-27,1.0119,2.5,3.6111,2.3743,medium
Victoria,2022-09-28,1.0119,2.5,3.6111,2.3743,medium
Victoria,2022-09-29,1.0119,2.5,3.6111,2.3743,medium
Victoria,2022-09-30,1.0119,2.5,3.6111,2.3743,medium
Victoria,2022-10-01,0.8333,1.25,3.4028,1.8287,low
Victoria,2022-10-02,0.8333,1.25,3.4028,1.8287,low
Victoria,2022-10-03,0.8333,1.25,3.4028,1.8287,low
Victoria,2022-10-04,0.8333,1.25,3.4028,1.8287,low
Victoria,2022-10-05,0.8333,1.25,3.4028,1.8287,low
Victoria,2022-10-06,0.8333,1.25,3.4028,1.8287,low
Victoria,2022-10-07,0.8333,1.25,3.4028,1.8287,low
Victoria,2022-10-08,0.8333,1.25,3.4028,1.8287,low
Victoria,2022-10-09,0.8333,1.25,3.4028,1.8287,low
Victoria,2022-10-10,0.8333,1.25,3.4028,1.8287,low
Victoria,2022-10-11,0.8333,1.25,3.4028,1.8287,low
Victoria,2022-10-12,0.8333,1.25,3.4028,1.8287,low
Victoria,2022-10-13,0.8333,1.25,3.4028,1.8287,low
Victoria,2022-10-14,0.8333,0.0,3.4028,1.412,low
Victoria,2022-10-15,0.8333,0.0,3.4028,1.412,low
Victoria,2022-10-16,0.8333,0.0,3.4028,1.412,low
Victoria,2022-10-17,0.8333,0.0,3.4028,1.412,low
Victoria,2022-10-18,0.8333,0.0,3.4028,1.412,low
Victoria,2022-10-19,0.8333,0.0,3.4028,1.412,low
Victoria,2022-10-20,0.8333,0.0,3.4028,1.412,low
Victoria,2022-10-21,0.8333,0.0,3.4028,1.412,low
Victoria,2022-10-22,0.8333,0.0,3.4028,1.412,low
Victoria,2022-10-23,0.8333,0.0,3.4028,1.412,low
Victoria,2022-10-24,0.8333,0.0,3.4028,1.412,low
Victoria,2022-10-25,0.8333,0.0,3.4028,1.412,low
Victoria,2022-10-26,0.8333,0.0,3.4028,1.412,low
Victoria,2022-10-27,0.8333,0.0,3.4028,1.412,low
Victoria,2022-10-28,0.8333,0.0,3.4028,1.412,low
Victoria,2022-10-29,0.8333,0.0,3.4028,1.412,low
Victoria,2022-10-30,0.8333,0.0,3.4028,1.412,low
Victoria,2022-10-31,0.8333,0.0,3.4028,1.412,low
Victoria,2022-11-01,0.8333,0.0,3.4028,1.412,low
Victoria,2022-11-02,0.8333,0.0,3.4028,1.412,low
Victoria,2022-11-03,0.8333,0.0,3.4028,1.412,low
Victoria,2022-11-04,0.8333,0.0,3.4028,1.412,low
Victoria,2022-11-05,0.8333,0.0,3.4028,1.412,low
Victoria,2022-11-06,0.8333,0.0,3.4028,1.412,low
Victoria,2022-11-07,0.8333,0.0,3.4028,1.412,low
Victoria,2022-11-08,0.8333,0.0,3.4028,1.412,low
Victoria,2022-11-09,0.8333,0.0,3.4028,1.412,low
Victoria,2022-11-10,0.8333,0.0,3.4028,1.412,low
Victoria,2022-11-11,0.8333,0.0,3.4028,1.412,low
Victoria,2022-11-12,0.8333,0.0,3.4028,1.412,low
Victoria,2022-11-13,0.8333,0.0,3.4028,1.412,low
Victoria,2022-11-14,0.8333,0.0,3.4028,1.412,low
Victoria,2022-11-15,0.8333,0.0,3.4028,1.412,low
Victoria,2022-11-16,0.8333,0.0,3.4028,1.412,low
Victoria,2022-11-17,0.8333,0.0,3.4028,1.412,low
Victoria,2022-11-18,0.8333,0.0,3.4028,1.412,low
Victoria,2022-11-19,0.8333,0.0,3.4028,1.412,low
Victoria,2022-11-20,0.8333,0.0,3.4028,1.412,low
Victoria,2022-11-21,0.8333,0.0,3.4028,1.412,low
Victoria,2022-11-22,0.8333,0.0,3.4028,1.412,low
Victoria,2022-11-23,0.8333,0.0,3.4028,1.412,low
Victoria,2022-11-24,0.8333,0.0,3.4028,1.412,low
Victoria,2022-11-25,0.8333,0.0,3.4028,1.412,low
Victoria,2022-11-26,0.8333,0.0,3.4028,1.412,low
Victoria,2022-11-27,0.8333,0.0,3.4028,1.412,low
Victoria,2022-11-28,0.8333,0.0,3.4028,1.412,low
Victoria,2022-11-29,0.8333,0.0,3.4028,1.412,low
Victoria,2022-11-30,0.8333,0.0,3.4028,1.412,low
Victoria,2022-12-01,0.8333,0.0,3.4028,1.412,low
Victoria,2022-12-02,0.8333,0.0,3.4028,1.412,low
Victoria,2022-12-03,0.8333,0.0,3.4028,1.412,low
Victoria,2022-12-04,0.8333,0.0,3.4028,1.412,low
Victoria,2022-12-05,0.8333,0.0,3.4028,1.412,low
Victoria,2022-12-06,0.8333,0.0,3.4028,1.412,low
Victoria,2022-12-07,0.8333,0.0,3.4028,1.412,low
Victoria,2022-12-08,0.8333,0.0,3.4028,1.412,low
Victoria,2022-12-09,0.8333,0.0,3.4028,1.412,low
Victoria,2022-12-10,0.8333,0.0,3.4028,1.412,low
Victoria,2022-12-11,0.8333,0.0,3.4028,1.412,low
Victoria,2022-12-12,0.8333,0.0,3.4028,1.412,low
Victoria,2022-12-13,0.8333,0.0,3.4028,1.412,low
Victoria,2022-12-14,0.8333,0.0,3.4028,1.412,low
Victoria,2022-12-15,0.8333,0.0,3.4028,1.412,low
Victoria,2022-12-16,0.8333,0.0,3.4028,1.412,low
Victoria,2022-12-17,0.8333,0.0,3.4028,1.412,low
Victoria,2022-12-18,0.8333,0.0,3.4028,1.412,low
Victoria,2022-12-19,0.8333,0.0,3.4028,1.412,low
Victoria,2022-12-20,0.8333,0.0,3.4028,1.412,low
Victoria,2022-12-21,0.8333,0.0,3.4028,1.412,low
Victoria,2022-12-22,0.8333,0.0,3.4028,1.412,low
Victoria,2022-12-23,0.8333,0.0,3.4028,1.412,low
Victoria,2022-12-24,0.8333,0.0,3.4028,1.412,low
Victoria,2022-12-25,0.8333,0.0,3.4028,1.412,low
Victoria,2022-12-26,0.8333,0.0,3.4028,1.412,low
Victoria,2022-12-27,0.8333,0.0,3.4028,1.412,low
Victoria,2022-12-28,0.8333,0.0,3.4028,1.412,low
Victoria,2022-12-29,0.8333,0.0,3.4028,1.412,low
Victoria,2022-12-30,0.8333,0.0,3.4028,1.412,low
Victoria,2022-12-31,0.8333,0.0,3.4028,1.412,low
Western Australia,2020-01-01,0.0,0.0,0.0,0.0,low
Western Australia,2020-01-02,0.0,0.0,0.0,0.0,low
Western Australia,2020-01-03,0.0,0.0,0.0,0.0,low
Western Australia,2020-01-04,0.0,0.0,0.0,0.0,low
Western Australia,2020-01-05,0.0,0.0,0.0,0.0,low
Western Australia,2020-01-06,0.0,0.0,0.0,0.0,low
Western Australia,2020-01-07,0.0,0.0,0.0,0.0,low
Western Australia,2020-01-08,0.0,0.0,0.0,0.0,low
Western Australia,2020-01-09,0.0,0.0,0.0,0.0,low
Western Australia,2020-01-10,0.0,0.0,0.0,0.0,low
Western Australia,2020-01-11,0.0,0.0,0.0,0.0,low
Western Australia,2020-01-12,0.0,0.0,0.0,0.0,low
Western Australia,2020-01-13,0.0,0.0,0.0,0.0,low
Western Australia,2020-01-14,0.0,0.0,0.0,0.0,low
Western Australia,2020-01-15,0.0,0.0,0.0,0.0,low
Western Australia,2020-01-16,0.0,0.0,0.0,0.0,low
Western Australia,2020-01-17,0.0,0.0,0.0,0.0,low
Western Australia,2020-01-18,0.0,0.0,0.0,0.0,low
Western Australia,2020-01-19,0.0,0.0,0.0,0.0,low
Western Australia,2020-01-20,0.0,0.0,0.0,0.0,low
Western Australia,2020-01-21,0.0,0.0,0.0,0.0,low
Western Australia,2020-01-22,0.0,0.0,0.0,0.0,low
Western Australia,2020-01-23,0.0,0.0,0.0,0.0,low
Western Australia,2020-01-24,0.0,0.0,0.0,0.0,low
Western Australia,2020-01-25,0.0,0.0,0.0,0.0,low
Western Australia,2020-01-26,0.0,0.0,0.0,0.0,low
Western Australia,2020-01-27,0.0,0.0,0.0,0.0,low
Western Australia,2020-01-28,0.0,0.0,0.0,0.0,low
Western Australia,2020-01-29,0.0,0.0,0.0,0.0,low
Western Australia,2020-01-30,0.0,0.0,0.0,0.0,low
Western Australia,2020-01-31,0.0,0.0,0.0,0.0,low
Western Australia,2020-02-01,0.5357,0.0,0.0,0.1786,low
Western Australia,2020-02-02,0.5357,0.0,0.0,0.1786,low
Western Australia,2020-02-03,0.5357,0.0,0.0,0.1786,low
Western Australia,2020-02-04,0.5357,0.0,0.0,0.1786,low
Western Australia,2020-02-05,0.5357,0.0,0.0,0.1786,low
Western Australia,2020-02-06,0.5357,0.0,0.0,0.1786,low
Western Australia,2020-02-07,0.5357,0.0,0.0,0.1786,low
Western Australia,2020-02-08,0.5357,0.0,0.0,0.1786,low
Western Australia,2020-02-09,0.5357,0.0,0.0,0.1786,low
Western Australia,2020-02-10,0.5357,0.0,0.0,0.1786,low
Western Australia,2020-02-11,0.5357,0.0,0.0,0.1786,low
Western Australia,2020-02-12,0.5357,0.0,0.0,0.1786,low
Western Australia,2020-02-13,0.5357,0.0,0.0,0.1786,low
Western Australia,2020-02-14,0.5357,0.0,0.0,0.1786,low
Western Australia,2020-02-15,0.5357,0.0,0.0,0.1786,low
Western Australia,2020-02-16,0.5357,0.0,0.0,0.1786,low
Western Australia,2020-02-17,0.5357,0.0,0.0,0.1786,low
Western Australia,2020-02-18,0.5357,0.0,0.0,0.1786,low
Western Australia,2020-02-19,0.5357,0.0,0.0,0.1786,low
Western Australia,2020-02-20,0.5357,0.0,0.0,0.1786,low
Western Australia,2020-02-21,0.5357,0.0,0.0,0.1786,low
Western Australia,2020-02-22,0.5357,0.0,0.0,0.1786,low
Western Australia,2020-02-23,0.5357,0.0,0.0,0.1786,low
Western Australia,2020-02-24,0.5357,0.0,0.0,0.1786,low
Western Australia,2020-02-25,0.5357,0.0,0.0,0.1786,low
Western Australia,2020-02-26,0.5357,0.0,0.0,0.1786,low
Western Australia,2020-02-27,0.5357,0.0,0.0,0.1786,low
Western Australia,2020-02-28,0.5357,0.0,0.0,0.1786,low
Western Australia,2020-02-29,0.5357,0.0,0.0,0.1786,low
Western Australia,2020-03-01,0.5357,0.0,1.9444,0.8267,low
Western Australia,2020-03-02,0.5357,0.0,1.9444,0.8267,low
Western Australia,2020-03-03,0.5357,0.0,1.9444,0.8267,low
Western Australia,2020-03-04,0.5357,0.0,1.9444,0.8267,low
Western Australia,2020-03-05,0.5357,0.0,1.9444,0.8267,low
Western Australia,2020-03-06,0.5357,0.0,1.9444,0.8267,low
Western Australia,2020-03-07,0.5357,0.0,1.9444,0.8267,low
Western Australia,2020-03-08,0.5357,0.0,1.9444,0.8267,low
Western Australia,2020-03-09,0.5357,0.0,1.9444,0.8267,low
Western Australia,2020-03-10,0.5357,0.0,1.9444,0.8267,low
Western Australia,2020-03-11,0.5357,0.0,1.9444,0.8267,low
Western Australia,2020-03-12,0.5357,0.0,1.9444,0.8267,low
Western Australia,2020-03-13,0.5357,0.0,1.9444,0.8267,low
Western Australia,2020-03-14,0.5357,0.0,1.9444,0.8267,low
Western Australia,2020-03-15,1.0714,0.0,1.9444,1.0053,low
Western Australia,2020-03-16,1.0714,2.5,1.9444,1.8386,low
Western Australia,2020-03-17,1.0714,2.5,2.5,2.0238,low
Western Australia,2020-03-18,1.0714,2.5,2.5,2.0238,low
Western Australia,2020-03-19,1.7857,2.5,2.5,2.2619,low
Western Australia,2020-03-20,1.9643,2.5,2.5,2.3214,medium
Western Australia,2020-03-21,1.9643,2.5,2.5,2.3214,medium
Western Australia,2020-03-22,1.9643,2.5,2.5,2.3214,medium
Western Australia,2020-03-23,2.4405,2.5,2.5,2.4802,medium
Western Australia,2020-03-24,2.9167,2.5,2.5,2.6389,medium
Western Australia,2020-03-25,2.9167,2.5,2.5,2.6389,medium
Western Australia,2020-03-26,3.3333,2.5,2.5,2.7778,medium
Western Australia,2020-03-27,3.3333,2.5,2.5,2.7778,medium
Western Australia,2020-03-28,3.3333,2.5,2.5,2.7778,medium
Western Australia,2020-03-29,3.3333,2.5,2.5,2.7778,medium
Western Australia,2020-03-30,3.8095,5.0,2.5,3.7698,high
Western Australia,2020-03-31,3.8095,5.0,2.5,3.7698,high
Western Australia,2020-04-01,3.8095,5.0,2.5,3.7698,high
Western Australia,2020-04-02,3.8095,5.0,2.7778,3.8624,high
Western Australia,2020-04-03,3.8095,5.0,2.7778,3.8624,high
Western Australia,2020-04-04,3.8095,5.0,2.7778,3.8624,high
Western Australia,2020-04-05,3.8095,5.0,2.7778,3.8624,high
Western Australia,2020-04-06,4.1667,5.0,2.7778,3.9815,high
Western Australia,2020-04-07,4.1667,5.0,2.7778,3.9815,high
Western Australia,2020-04-08,4.1667,5.0,2.7778,3.9815,high
Western Australia,2020-04-09,4.1667,5.0,2.7778,3.9815,high
Western Australia,2020-04-10,4.1667,5.0,2.7778,3.9815,high
Western Australia,2020-04-11,4.1667,5.0,2.7778,3.9815,high
Western Australia,2020-04-12,4.1667,5.0,2.7778,3.9815,high
Western Australia,2020-04-13,4.1667,5.0,2.7778,3.9815,high
Western Australia,2020-04-14,4.1667,5.0,2.7778,3.9815,high
Western Australia,2020-04-15,4.1667,5.0,2.7778,3.9815,high
Western Australia,2020-04-16,4.1667,5.0,2.7778,3.9815,high
Western Australia,2020-04-17,4.1667,5.0,2.7778,3.9815,high
Western Australia,2020-04-18,4.1667,5.0,2.7778,3.9815,high
Western Australia,2020-04-19,4.1667,5.0,2.7778,3.9815,high
Western Australia,2020-04-20,4.1667,5.0,2.7778,3.9815,high
Western Australia,2020-04-21,4.1667,5.0,2.7778,3.9815,high
Western Australia,2020-04-22,4.1667,5.0,2.7778,3.9815,high
Western Australia,2020-04-23,4.1667,5.0,2.7778,3.9815,high
Western Australia,2020-04-24,4.1667,5.0,2.7778,3.9815,high
Western Australia,2020-04-25,4.1667,5.0,2.7778,3.9815,high
Western Australia,2020-04-26,4.1667,5.0,2.7778,3.9815,high
Western Australia,2020-04-27,4.1667,5.0,2.7778,3.9815,high
Western Australia,2020-04-28,3.9286,5.0,2.7778,3.9021,high
Western Australia,2020-04-29,3.9286,5.0,2.7778,3.9021,high
Western Australia,2020-04-30,3.9286,5.0,2.7778,3.9021,high
Western Australia,2020-05-01,3.9286,5.0,2.7778,3.9021,high
Western Australia,2020-05-02,3.9286,5.0,2.7778,3.9021,high
Western Australia,2020-05-03,3.9286,5.0,2.7778,3.9021,high
Western Australia,2020-05-04,3.9286,5.0,2.7778,3.9021,high
Western Australia,2020-05-05,3.9286,5.0,2.7778,3.9021,high
Western Australia,2020-05-06,3.9286,5.0,3.0556,3.9947,high
Western Australia,2020-05-07,3.9286,5.0,3.0556,3.9947,high
Western Australia,2020-05-08,3.6905,5.0,3.0556,3.9154,high
Western Australia,2020-05-09,3.6905,5.0,3.0556,3.9154,high
Western Australia,2020-05-10,3.6905,5.0,3.0556,3.9154,high
Western Australia,2020-05-11,3.6905,5.0,3.0556,3.9154,high
Western Australia,2020-05-12,3.6905,5.0,3.0556,3.9154,high
Western Australia,2020-05-13,3.6905,5.0,3.0556,3.9154,high
Western Australia,2020-05-14,3.6905,5.0,3.0556,3.9154,high
Western Australia,2020-05-15,3.6905,5.0,3.0556,3.9154,high
Western Australia,2020-05-16,3.6905,5.0,3.0556,3.9154,high
Western Australia,2020-05-17,3.6905,5.0,3.0556,3.9154,high
Western Australia,2020-05-18,3.0357,5.0,3.0556,3.6971,high
Western Australia,2020-05-19,3.0357,5.0,3.0556,3.6971,high
Western Australia,2020-05-20,3.0357,5.0,3.0556,3.6971,high
Western Australia,2020-05-21,3.0357,5.0,3.0556,3.6971,high
Western Australia,2020-05-22,3.0357,5.0,3.0556,3.6971,high
Western Australia,2020-05-23,3.0357,5.0,3.0556,3.6971,high
Western Australia,2020-05-24,3.0357,5.0,3.0556,3.6971,high
Western Australia,2020-05-25,3.0357,5.0,3.0556,3.6971,high
Western Australia,2020-05-26,3.0357,5.0,3.0556,3.6971,high
Western Australia,2020-05-27,3.0357,5.0,3.0556,3.6971,high
Western Australia,2020-05-28,3.0357,5.0,3.0556,3.6971,high
Western Australia,2020-05-29,3.0357,5.0,3.0556,3.6971,high
Western Australia,2020-05-30,3.0357,5.0,3.0556,3.6971,high
Western Australia,2020-05-31,3.0357,5.0,3.0556,3.6971,high
Western Australia,2020-06-01,3.0357,5.0,3.0556,3.6971,high
Western Australia,2020-06-02,3.0357,5.0,3.0556,3.6971,high
Western Australia,2020-06-03,3.0357,5.0,3.0556,3.6971,high
Western Australia,2020-06-04,3.0357,5.0,3.0556,3.6971,high
Western Australia,2020-06-05,3.0357,5.0,3.0556,3.6971,high
Western Australia,2020-06-06,2.619,5.0,3.0556,3.5582,high
Western Australia,2020-06-07,2.619,5.0,3.0556,3.5582,high
Western Australia,2020-06-08,2.619,5.0,3.0556,3.5582,high
Western Australia,2020-06-09,2.619,5.0,3.0556,3.5582,high
Western Australia,2020-06-10,2.619,5.0,3.0556,3.5582,high
Western Australia,2020-06-11,2.619,5.0,2.7778,3.4656,high
Western Australia,2020-06-12,2.619,5.0,2.7778,3.4656,high
Western Australia,2020-06-13,2.619,5.0,2.7778,3.4656,high
Western Australia,2020-06-14,2.619,5.0,2.7778,3.4656,high
Western Australia,2020-06-15,2.619,5.0,2.7778,3.4656,high
Western Australia,2020-06-16,2.619,5.0,2.7778,3.4656,high
Western Australia,2020-06-17,2.619,5.0,2.7778,3.4656,high
Western Australia,2020-06-18,2.619,5.0,2.7778,3.4656,high
Western Australia,2020-06-19,2.619,5.0,2.7778,3.4656,high
Western Australia,2020-06-20,2.619,5.0,2.7778,3.4656,high
Western Australia,2020-06-21,2.619,5.0,2.7778,3.4656,high
Western Australia,2020-06-22,2.619,5.0,2.7778,3.4656,high
Western Australia,2020-06-23,2.619,5.0,2.7778,3.4656,high
Western Australia,2020-06-24,2.619,5.0,2.7778,3.4656,high
Western Australia,2020-06-25,2.619,5.0,2.7778,3.4656,high
Western Australia,2020-06-26,2.619,5.0,2.7778,3.4656,high
Western Australia,2020-06-27,2.0833,5.0,2.7778,3.287,high
Western Australia,2020-06-28,2.0833,5.0,2.7778,3.287,high
Western Australia,2020-06-29,2.0833,5.0,2.7778,3.287,high
Western Australia,2020-06-30,2.0833,5.0,2.7778,3.287,high
Western Australia,2020-07-01,2.0833,5.0,2.7778,3.287,high
Western Australia,2020-07-02,2.0833,5.0,2.7778,3.287,high
Western Australia,2020-07-03,2.0833,5.0,2.7778,3.287,high
Western Australia,2020-07-04,2.0833,5.0,2.7778,3.287,high
Western Australia,2020-07-05,2.0833,5.0,2.7778,3.287,high
Western Australia,2020-07-06,2.0833,5.0,2.7778,3.287,high
Western Australia,2020-07-07,2.0833,5.0,2.7778,3.287,high
Western Australia,2020-07-08,2.0833,5.0,2.7778,3.287,high
Western Australia,2020-07-09,2.0833,5.0,2.7778,3.287,high
Western Australia,2020-07-10,2.0833,5.0,2.7778,3.287,high
Western Australia,2020-07-11,2.0833,5.0,2.7778,3.287,high
Western Australia,2020-07-12,2.0833,5.0,2.7778,3.287,high
Western Australia,2020-07-13,2.0833,5.0,2.7778,3.287,high
Western Australia,2020-07-14,2.0833,5.0,2.7778,3.287,high
Western Australia,2020-07-15,2.0833,5.0,2.7778,3.287,high
Western Australia,2020-07-16,2.0833,5.0,2.7778,3.287,high
Western Australia,2020-07-17,2.0833,5.0,2.7778,3.287,high
Western Australia,2020-07-18,2.0833,5.0,2.7778,3.287,high
Western Australia,2020-07-19,2.0833,5.0,2.7778,3.287,high
Western Australia,2020-07-20,2.0833,5.0,2.7778,3.287,high
Western Australia,2020-07-21,2.0833,5.0,2.7778,3.287,high
Western Australia,2020-07-22,2.0833,5.0,2.7778,3.287,high
Western Australia,2020-07-23,2.0833,5.0,2.7778,3.287,high
Western Australia,2020-07-24,2.0833,5.0,2.7778,3.287,high
Western Australia,2020-07-25,2.0833,5.0,2.7778,3.287,high
Western Australia,2020-07-26,2.0833,5.0,2.7778,3.287,high
Western Australia,2020-07-27,2.0833,5.0,2.7778,3.287,high
Western Australia,2020-07-28,2.0833,5.0,2.7778,3.287,high
Western Australia,2020-07-29,2.0833,5.0,2.7778,3.287,high
Western Australia,2020-07-30,2.0833,5.0,2.7778,3.287,high
Western Australia,2020-07-31,2.0833,5.0,2.7778,3.287,high
Western Australia,2020-08-01,2.0833,5.0,2.7778,3.287,high
Western Australia,2020-08-02,2.0833,5.0,2.7778,3.287,high
Western Australia,2020-08-03,2.0833,5.0,2.7778,3.287,high
Western Australia,2020-08-04,2.0833,5.0,2.7778,3.287,high
Western Australia,2020-08-05,2.0833,5.0,2.7778,3.287,high
Western Australia,2020-08-06,2.4405,5.0,2.7778,3.4061,high
Western Australia,2020-08-07,2.4405,5.0,2.7778,3.4061,high
Western Australia,2020-08-08,2.4405,5.0,2.7778,3.4061,high
Western Australia,2020-08-09,2.4405,5.0,2.7778,3.4061,high
Western Australia,2020-08-10,2.4405,5.0,2.7778,3.4061,high
Western Australia,2020-08-11,2.4405,5.0,2.7778,3.4061,high
Western Australia,2020-08-12,2.4405,5.0,2.7778,3.4061,high
Western Australia,2020-08-13,2.4405,5.0,2.7778,3.4061,high
Western Australia,2020-08-14,2.4405,5.0,2.7778,3.4061,high
Western Australia,2020-08-15,2.4405,5.0,2.7778,3.4061,high
Western Australia,2020-08-16,2.4405,5.0,2.7778,3.4061,high
Western Australia,2020-08-17,2.4405,5.0,2.7778,3.4061,high
Western Australia,2020-08-18,2.4405,5.0,2.7778,3.4061,high
Western Australia,2020-08-19,2.4405,5.0,2.7778,3.4061,high
Western Australia,2020-08-20,2.4405,5.0,2.7778,3.4061,high
Western Australia,2020-08-21,2.4405,5.0,2.7778,3.4061,high
Western Australia,2020-08-22,2.4405,5.0,2.7778,3.4061,high
Western Australia,2020-08-23,2.4405,5.0,2.7778,3.4061,high
Western Australia,2020-08-24,2.4405,5.0,2.7778,3.4061,high
Western Australia,2020-08-25,2.4405,5.0,2.7778,3.4061,high
Western Australia,2020-08-26,2.4405,5.0,2.7778,3.4061,high
Western Australia,2020-08-27,2.4405,5.0,2.7778,3.4061,high
Western Australia,2020-08-28,2.4405,5.0,2.7778,3.4061,high
Western Australia,2020-08-29,2.4405,5.0,2.7778,3.4061,high
Western Australia,2020-08-30,2.4405,5.0,2.7778,3.4061,high
Western Australia,2020-08-31,2.4405,5.0,2.7778,3.4061,high
Western Australia,2020-09-01,2.4405,5.0,2.7778,3.4061,high
Western Australia,2020-09-02,2.4405,5.0,2.7778,3.4061,high
Western Australia,2020-09-03,2.4405,5.0,2.7778,3.4061,high
Western Australia,2020-09-04,2.4405,5.0,2.7778,3.4061,high
Western Australia,2020-09-05,2.4405,5.0,2.7778,3.4061,high
Western Australia,2020-09-06,2.4405,5.0,2.7778,3.4061,high
Western Australia,2020-09-07,2.0833,5.0,2.7778,3.287,high
Western Australia,2020-09-08,2.0833,5.0,2.7778,3.287,high
Western Australia,2020-09-09,2.0833,5.0,2.7778,3.287,high
Western Australia,2020-09-10,2.0833,5.0,2.7778,3.287,high
Western Australia,2020-09-11,2.0833,5.0,2.7778,3.287,high
Western Australia,2020-09-12,2.0833,5.0,2.7778,3.287,high
Western Australia,2020-09-13,2.0833,5.0,2.7778,3.287,high
Western Australia,2020-09-14,2.0833,5.0,2.7778,3.287,high
Western Australia,2020-09-15,2.0833,5.0,2.7778,3.287,high
Western Australia,2020-09-16,2.0833,5.0,2.7778,3.287,high
Western Australia,2020-09-17,2.0833,5.0,2.7778,3.287,high
Western Australia,2020-09-18,2.0833,5.0,2.7778,3.287,high
Western Australia,2020-09-19,2.0833,5.0,2.7778,3.287,high
Western Australia,2020-09-20,2.0833,5.0,2.7778,3.287,high
Western Australia,2020-09-21,2.0833,5.0,2.7778,3.287,high
Western Australia,2020-09-22,2.0833,5.0,2.7778,3.287,high
Western Australia,2020-09-23,2.0833,5.0,2.7778,3.287,high
Western Australia,2020-09-24,2.0833,5.0,2.7778,3.287,high
Western Australia,2020-09-25,2.0833,3.75,2.7778,2.8704,medium
Western Australia,2020-09-26,2.0833,3.75,2.7778,2.8704,medium
Western Australia,2020-09-27,2.0833,3.75,2.7778,2.8704,medium
Western Australia,2020-09-28,2.0833,3.75,2.7778,2.8704,medium
Western Australia,2020-09-29,2.0833,3.75,2.7778,2.8704,medium
Western Australia,2020-09-30,2.0833,3.75,2.7778,2.8704,medium
Western Australia,2020-10-01,2.0833,3.75,2.7778,2.8704,medium
Western Australia,2020-10-02,2.0833,3.75,2.7778,2.8704,medium
Western Australia,2020-10-03,2.0833,3.75,2.7778,2.8704,medium
Western Australia,2020-10-04,2.0833,3.75,2.7778,2.8704,medium
Western Australia,2020-10-05,2.0833,3.75,2.7778,2.8704,medium
Western Australia,2020-10-06,2.0833,3.75,2.7778,2.8704,medium
Western Australia,2020-10-07,2.0833,3.75,2.7778,2.8704,medium
Western Australia,2020-10-08,2.2619,3.75,2.7778,2.9299,medium
Western Australia,2020-10-09,2.2619,3.75,2.7778,2.9299,medium
Western Australia,2020-10-10,2.2619,3.75,2.7778,2.9299,medium
Western Australia,2020-10-11,2.2619,3.75,2.7778,2.9299,medium
Western Australia,2020-10-12,2.2619,3.75,2.7778,2.9299,medium
Western Australia,2020-10-13,2.2619,3.75,2.7778,2.9299,medium
Western Australia,2020-10-14,2.2619,3.75,2.7778,2.9299,medium
Western Australia,2020-10-15,2.2619,3.75,2.7778,2.9299,medium
Western Australia,2020-10-16,2.2619,3.75,2.7778,2.9299,medium
Western Australia,2020-10-17,2.2619,3.75,2.7778,2.9299,medium
Western Australia,2020-10-18,2.2619,3.75,2.7778,2.9299,medium
Western Australia,2020-10-19,2.2619,3.75,2.7778,2.9299,medium
Western Australia,2020-10-20,2.2619,3.75,2.7778,2.9299,medium
Western Australia,2020-10-21,2.2619,3.75,2.7778,2.9299,medium
Western Australia,2020-10-22,2.2619,3.75,2.7778,2.9299,medium
Western Australia,2020-10-23,2.2619,3.75,2.7778,2.9299,medium
Western Australia,2020-10-24,2.2619,3.75,2.7778,2.9299,medium
Western Australia,2020-10-25,2.2619,3.75,2.7778,2.9299,medium
Western Australia,2020-10-26,2.2619,3.75,2.7778,2.9299,medium
Western Australia,2020-10-27,2.2619,3.75,2.7778,2.9299,medium
Western Australia,2020-10-28,2.2619,3.75,2.7778,2.9299,medium
Western Australia,2020-10-29,2.2619,3.75,2.7778,2.9299,medium
Western Australia,2020-10-30,2.2619,3.75,2.7778,2.9299,medium
Western Australia,2020-10-31,2.2619,3.75,2.7778,2.9299,medium
Western Australia,2020-11-01,2.619,3.75,2.7778,3.0489,high
Western Australia,2020-11-02,2.619,3.75,2.7778,3.0489,high
Western Australia,2020-11-03,2.619,3.75,2.7778,3.0489,high
Western Australia,2020-11-04,2.619,3.75,2.7778,3.0489,high
Western Australia,2020-11-05,2.619,3.75,2.7778,3.0489,high
Western Australia,2020-11-06,2.619,3.75,2.7778,3.0489,high
Western Australia,2020-11-07,2.619,3.75,2.7778,3.0489,high
Western Australia,2020-11-08,2.619,3.75,2.7778,3.0489,high
Western Australia,2020-11-09,2.619,3.75,2.7778,3.0489,high
Western Australia,2020-11-10,2.619,3.75,2.7778,3.0489,high
Western Australia,2020-11-11,2.619,3.75,2.7778,3.0489,high
Western Australia,2020-11-12,2.619,3.75,2.7778,3.0489,high
Western Australia,2020-11-13,2.619,3.75,2.7778,3.0489,high
Western Australia,2020-11-14,2.619,3.75,2.7778,3.0489,high
Western Australia,2020-11-15,2.619,3.75,2.7778,3.0489,high
Western Australia,2020-11-16,2.619,3.75,2.7778,3.0489,high
Western Australia,2020-11-17,2.619,3.75,2.7778,3.0489,high
Western Australia,2020-11-18,2.619,3.75,2.7778,3.0489,high
Western Australia,2020-11-19,2.619,3.75,2.7778,3.0489,high
Western Australia,2020-11-20,2.619,3.75,2.7778,3.0489,high
Western Australia,2020-11-21,2.619,3.75,2.7778,3.0489,high
Western Australia,2020-11-22,2.619,3.75,2.7778,3.0489,high
Western Australia,2020-11-23,2.619,3.75,2.7778,3.0489,high
Western Australia,2020-11-24,2.619,3.75,2.7778,3.0489,high
Western Australia,2020-11-25,2.619,3.75,2.7778,3.0489,high
Western Australia,2020-11-26,2.619,3.75,2.7778,3.0489,high
Western Australia,2020-11-27,2.619,3.75,2.7778,3.0489,high
Western Australia,2020-11-28,2.619,3.75,2.7778,3.0489,high
Western Australia,2020-11-29,2.619,3.75,2.7778,3.0489,high
Western Australia,2020-11-30,2.619,3.75,2.7778,3.0489,high
Western Australia,2020-12-01,2.2619,3.75,3.1944,3.0688,high
Western Australia,2020-12-02,2.2619,3.75,3.1944,3.0688,high
Western Australia,2020-12-03,2.2619,3.75,3.1944,3.0688,high
Western Australia,2020-12-04,2.2619,3.75,3.1944,3.0688,high
Western Australia,2020-12-05,2.2619,3.75,3.1944,3.0688,high
Western Australia,2020-12-06,2.2619,3.75,3.1944,3.0688,high
Western Australia,2020-12-07,2.2619,3.75,3.1944,3.0688,high
Western Australia,2020-12-08,2.2619,3.75,3.1944,3.0688,high
Western Australia,2020-12-09,2.2619,3.75,3.1944,3.0688,high
Western Australia,2020-12-10,2.2619,3.75,3.1944,3.0688,high
Western Australia,2020-12-11,2.2619,3.75,3.1944,3.0688,high
Western Australia,2020-12-12,2.2619,3.75,3.1944,3.0688,high
Western Australia,2020-12-13,2.2619,3.75,3.1944,3.0688,high
Western Australia,2020-12-14,2.2619,3.75,3.1944,3.0688,high
Western Australia,2020-12-15,2.2619,3.75,3.1944,3.0688,high
Western Australia,2020-12-16,2.2619,3.75,3.1944,3.0688,high
Western Australia,2020-12-17,2.2619,3.75,3.1944,3.0688,high
Western Australia,2020-12-18,2.2619,3.75,3.1944,3.0688,high
Western Australia,2020-12-19,2.2619,3.75,3.1944,3.0688,high
Western Australia,2020-12-20,2.2619,3.75,3.1944,3.0688,high
Western Australia,2020-12-21,2.2619,3.75,3.1944,3.0688,high
Western Australia,2020-12-22,2.2619,3.75,3.1944,3.0688,high
Western Australia,2020-12-23,2.2619,3.75,3.1944,3.0688,high
Western Australia,2020-12-24,2.2619,3.75,3.1944,3.0688,high
Western Australia,2020-12-25,2.2619,3.75,3.1944,3.0688,high
Western Australia,2020-12-26,2.2619,3.75,3.1944,3.0688,high
Western Australia,2020-12-27,2.2619,3.75,3.1944,3.0688,high
Western Australia,2020-12-28,2.2619,3.75,3.1944,3.0688,high
Western Australia,2020-12-29,2.2619,3.75,3.1944,3.0688,high
Western Australia,2020-12-30,2.2619,3.75,3.1944,3.0688,high
Western Australia,2020-12-31,2.2619,3.75,3.1944,3.0688,high
Western Australia,2021-01-01,2.4405,3.75,3.1944,3.1283,high
Western Australia,2021-01-02,2.4405,3.75,3.1944,3.1283,high
Western Australia,2021-01-03,2.4405,3.75,3.1944,3.1283,high
Western Australia,2021-01-04,2.4405,3.75,3.1944,3.1283,high
Western Australia,2021-01-05,2.4405,3.75,3.1944,3.1283,high
Western Australia,2021-01-06,2.4405,3.75,3.1944,3.1283,high
Western Australia,2021-01-07,2.4405,3.75,3.1944,3.1283,high
Western Australia,2021-01-08,2.4405,3.75,3.1944,3.1283,high
Western Australia,2021-01-09,2.4405,3.75,3.1944,3.1283,high
Western Australia,2021-01-10,2.4405,3.75,3.1944,3.1283,high
Western Australia,2021-01-11,2.4405,3.75,3.1944,3.1283,high
Western Australia,2021-01-12,2.4405,3.75,3.1944,3.1283,high
Western Australia,2021-01-13,2.4405,3.75,3.1944,3.1283,high
Western Australia,2021-01-14,2.4405,3.75,3.1944,3.1283,high
Western Australia,2021-01-15,2.4405,3.75,3.1944,3.1283,high
Western Australia,2021-01-16,2.4405,3.75,3.1944,3.1283,high
Western Australia,2021-01-17,2.4405,3.75,3.1944,3.1283,high
Western Australia,2021-01-18,2.4405,3.75,3.1944,3.1283,high
Western Australia,2021-01-19,2.4405,3.75,3.1944,3.1283,high
Western Australia,2021-01-20,2.4405,3.75,3.1944,3.1283,high
Western Australia,2021-01-21,2.4405,3.75,3.1944,3.1283,high
Western Australia,2021-01-22,2.4405,3.75,3.1944,3.1283,high
Western Australia,2021-01-23,2.4405,3.75,3.1944,3.1283,high
Western Australia,2021-01-24,2.4405,3.75,3.1944,3.1283,high
Western Australia,2021-01-25,2.4405,3.75,3.1944,3.1283,high
Western Australia,2021-01-26,2.4405,3.75,3.1944,3.1283,high
Western Australia,2021-01-27,2.4405,3.75,3.1944,3.1283,high
Western Australia,2021-01-28,2.4405,3.75,3.1944,3.1283,high
Western Australia,2021-01-29,2.4405,3.75,3.1944,3.1283,high
Western Australia,2021-01-30,2.4405,3.75,3.1944,3.1283,high
Western Australia,2021-01-31,4.4048,3.75,3.8889,4.0146,high
Western Australia,2021-02-01,4.4048,3.75,3.8889,4.0146,high
Western Australia,2021-02-02,4.4048,3.75,3.8889,4.0146,high
Western Australia,2021-02-03,4.4048,3.75,3.8889,4.0146,high
Western Australia,2021-02-04,4.4048,3.75,3.8889,4.0146,high
Western Australia,2021-02-05,3.2738,3.75,3.6806,3.5681,high
Western Australia,2021-02-06,3.2738,3.75,3.6806,3.5681,high
Western Australia,2021-02-07,3.2738,3.75,3.6806,3.5681,high
Western Australia,2021-02-08,2.7976,3.75,3.6806,3.4094,high
Western Australia,2021-02-09,2.7976,3.75,3.6806,3.4094,high
Western Australia,2021-02-10,2.7976,3.75,3.6806,3.4094,high
Western Australia,2021-02-11,2.7976,3.75,3.6806,3.4094,high
Western Australia,2021-02-12,2.7976,3.75,3.6806,3.4094,high
Western Australia,2021-02-13,2.7976,3.75,3.6806,3.4094,high
Western Australia,2021-02-14,2.7976,3.75,3.6806,3.4094,high
Western Australia,2021-02-15,2.4405,3.75,3.1944,3.1283,high
Western Australia,2021-02-16,2.4405,3.75,3.1944,3.1283,high
Western Australia,2021-02-17,2.4405,3.75,3.1944,3.1283,high
Western Australia,2021-02-18,2.4405,3.75,3.1944,3.1283,high
Western Australia,2021-02-19,2.4405,3.75,3.1944,3.1283,high
Western Australia,2021-02-20,2.4405,3.75,3.1944,3.1283,high
Western Australia,2021-02-21,2.4405,3.75,3.1944,3.1283,high
Western Australia,2021-02-22,2.4405,3.75,3.5278,3.2394,high
Western Australia,2021-02-23,2.4405,3.75,3.5278,3.2394,high
Western Australia,2021-02-24,2.4405,3.75,3.5278,3.2394,high
Western Australia,2021-02-25,2.4405,3.75,3.5278,3.2394,high
Western Australia,2021-02-26,2.4405,3.75,3.5278,3.2394,high
Western Australia,2021-02-27,2.4405,3.75,3.5278,3.2394,high
Western Australia,2021-02-28,2.4405,3.75,3.5278,3.2394,high
Western Australia,2021-03-01,2.619,3.75,3.1111,3.16,high
Western Australia,2021-03-02,2.619,3.75,3.1111,3.16,high
Western Australia,2021-03-03,2.619,3.75,3.1111,3.16,high
Western Australia,2021-03-04,2.619,3.75,3.1111,3.16,high
Western Australia,2021-03-05,2.619,3.75,3.1111,3.16,high
Western Australia,2021-03-06,2.619,3.75,3.1111,3.16,high
Western Australia,2021-03-07,2.619,3.75,3.1111,3.16,high
Western Australia,2021-03-08,2.619,3.75,3.1111,3.16,high
Western Australia,2021-03-09,2.619,3.75,3.1111,3.16,high
Western Australia,2021-03-10,2.619,3.75,3.1111,3.16,high
Western Australia,2021-03-11,2.619,3.75,3.1111,3.16,high
Western Australia,2021-03-12,2.619,3.75,3.1111,3.16,high
Western Australia,2021-03-13,2.619,3.75,3.1111,3.16,high
Western Australia,2021-03-14,2.619,3.75,3.1111,3.16,high
Western Australia,2021-03-15,2.2619,3.75,3.1111,3.041,medium
Western Australia,2021-03-16,2.2619,3.75,3.5278,3.1799,high
Western Australia,2021-03-17,2.2619,3.75,3.5278,3.1799,high
Western Australia,2021-03-18,2.2619,3.75,3.5278,3.1799,high
Western Australia,2021-03-19,2.2619,3.75,3.5278,3.1799,high
Western Australia,2021-03-20,2.2619,3.75,3.5278,3.1799,high
Western Australia,2021-03-21,2.2619,3.75,3.5278,3.1799,high
Western Australia,2021-03-22,2.2619,3.75,3.8611,3.291,high
Western Australia,2021-03-23,2.2619,3.75,3.8611,3.291,high
Western Australia,2021-03-24,2.2619,3.75,3.8611,3.291,high
Western Australia,2021-03-25,2.2619,3.75,3.8611,3.291,high
Western Australia,2021-03-26,2.2619,3.75,3.8611,3.291,high
Western Australia,2021-03-27,2.619,3.75,3.8611,3.41,high
Western Australia,2021-03-28,2.619,3.75,3.8611,3.41,high
Western Australia,2021-03-29,2.619,3.75,3.8611,3.41,high
Western Australia,2021-03-30,2.619,3.75,3.8611,3.41,high
Western Australia,2021-03-31,2.619,3.75,3.8611,3.41,high
Western Australia,2021-04-01,2.4405,3.75,3.8611,3.3505,high
Western Australia,2021-04-02,2.4405,3.75,3.8611,3.3505,high
Western Australia,2021-04-03,2.4405,3.75,3.8611,3.3505,high
Western Australia,2021-04-04,2.4405,3.75,3.8611,3.3505,high
Western Australia,2021-04-05,2.4405,3.75,3.8611,3.3505,high
Western Australia,2021-04-06,2.4405,3.75,3.8611,3.3505,high
Western Australia,2021-04-07,2.4405,3.75,3.8611,3.3505,high
Western Australia,2021-04-08,2.4405,3.75,3.8611,3.3505,high
Western Australia,2021-04-09,2.4405,3.75,3.8611,3.3505,high
Western Australia,2021-04-10,2.4405,3.75,3.8611,3.3505,high
Western Australia,2021-04-11,2.4405,3.75,3.8611,3.3505,high
Western Australia,2021-04-12,2.4405,3.75,3.8611,3.3505,high
Western Australia,2021-04-13,2.4405,3.75,3.8611,3.3505,high
Western Australia,2021-04-14,2.4405,3.75,3.8611,3.3505,high
Western Australia,2021-04-15,2.4405,3.75,3.8611,3.3505,high
Western Australia,2021-04-16,2.4405,3.75,3.8611,3.3505,high
Western Australia,2021-04-17,2.4405,3.75,3.8611,3.3505,high
Western Australia,2021-04-18,2.4405,3.75,3.8611,3.3505,high
Western Australia,2021-04-19,2.0833,3.75,3.8611,3.2315,high
Western Australia,2021-04-20,2.0833,3.75,3.8611,3.2315,high
Western Australia,2021-04-21,2.0833,3.75,3.8611,3.2315,high
Western Australia,2021-04-22,2.0833,3.75,3.8611,3.2315,high
Western Australia,2021-04-23,4.4048,3.75,3.8611,4.0053,high
Western Australia,2021-04-24,4.4048,3.75,4.2778,4.1442,high
Western Australia,2021-04-25,4.4048,3.75,4.2778,4.1442,high
Western Australia,2021-04-26,4.4048,3.75,4.2778,4.1442,high
Western Australia,2021-04-27,2.9167,3.75,4.5556,3.7408,high
Western Australia,2021-04-28,2.9167,3.75,4.5556,3.7408,high
Western Australia,2021-04-29,2.9167,3.75,4.5556,3.7408,high
Western Australia,2021-04-30,2.9167,3.75,4.5556,3.7408,high
Western Australia,2021-05-01,2.6786,3.75,4.2778,3.5688,high
Western Australia,2021-05-02,2.6786,3.75,4.2778,3.5688,high
Western Australia,2021-05-03,2.6786,3.75,4.2778,3.5688,high
Western Australia,2021-05-04,2.6786,3.75,4.2778,3.5688,high
Western Australia,2021-05-05,2.6786,3.75,4.2778,3.5688,high
Western Australia,2021-05-06,2.6786,3.75,4.2778,3.5688,high
Western Australia,2021-05-07,2.6786,3.75,4.2778,3.5688,high
Western Australia,2021-05-08,2.2619,3.75,3.8611,3.291,high
Western Australia,2021-05-09,2.2619,3.75,3.8611,3.291,high
Western Australia,2021-05-10,2.2619,3.75,3.8611,3.291,high
Western Australia,2021-05-11,2.2619,3.75,3.8611,3.291,high
Western Australia,2021-05-12,2.2619,3.75,3.8611,3.291,high
Western Australia,2021-05-13,2.2619,3.75,3.8611,3.291,high
Western Australia,2021-05-14,2.2619,3.75,3.8611,3.291,high
Western Australia,2021-05-15,2.0833,3.75,3.4444,3.0926,high
Western Australia,2021-05-16,2.0833,3.75,3.4444,3.0926,high
Western Australia,2021-05-17,2.0833,3.75,3.4444,3.0926,high
Western Australia,2021-05-18,2.0833,3.75,3.4444,3.0926,high
Western Australia,2021-05-19,2.0833,3.75,3.4444,3.0926,high
Western Australia,2021-05-20,2.0833,3.75,3.4444,3.0926,high
Western Australia,2021-05-21,2.0833,3.75,3.4444,3.0926,high
Western Australia,2021-05-22,2.0833,3.75,3.4444,3.0926,high
Western Australia,2021-05-23,2.0833,3.75,3.4444,3.0926,high
Western Australia,2021-05-24,2.0833,3.75,3.4444,3.0926,high
Western Australia,2021-05-25,2.0833,3.75,3.4444,3.0926,high
Western Australia,2021-05-26,2.0833,3.75,3.4444,3.0926,high
Western Australia,2021-05-27,2.4405,3.75,3.4444,3.2116,high
Western Australia,2021-05-28,2.4405,3.75,3.4444,3.2116,high
Western Australia,2021-05-29,2.4405,3.75,3.4444,3.2116,high
Western Australia,2021-05-30,2.4405,3.75,3.4444,3.2116,high
Western Australia,2021-05-31,2.4405,3.75,3.4444,3.2116,high
Western Australia,2021-06-01,1.9048,3.75,3.1667,2.9405,medium
Western Australia,2021-06-02,1.9048,3.75,3.1667,2.9405,medium
Western Australia,2021-06-03,1.9048,3.75,3.1667,2.9405,medium
Western Australia,2021-06-04,1.9048,3.75,3.1667,2.9405,medium
Western Australia,2021-06-05,1.9048,3.75,3.1667,2.9405,medium
Western Australia,2021-06-06,1.9048,3.75,3.1667,2.9405,medium
Western Australia,2021-06-07,1.9048,3.75,3.1667,2.9405,medium
Western Australia,2021-06-08,1.9048,3.75,3.1667,2.9405,medium
Western Australia,2021-06-09,1.9048,3.75,3.1667,2.9405,medium
Western Australia,2021-06-10,1.9048,3.75,3.1667,2.9405,medium
Western Australia,2021-06-11,1.9048,3.75,3.1667,2.9405,medium
Western Australia,2021-06-12,1.9048,3.75,3.1667,2.9405,medium
Western Australia,2021-06-13,1.9048,3.75,3.1667,2.9405,medium
Western Australia,2021-06-14,1.9048,3.75,3.1667,2.9405,medium
Western Australia,2021-06-15,1.9048,3.75,3.1667,2.9405,medium
Western Australia,2021-06-16,1.9048,3.75,3.8611,3.172,high
Western Australia,2021-06-17,1.9048,3.75,3.8611,3.172,high
Western Australia,2021-06-18,1.9048,3.75,3.8611,3.172,high
Western Australia,2021-06-19,1.9048,3.75,3.8611,3.172,high
Western Australia,2021-06-20,1.9048,3.75,3.8611,3.172,high
Western Australia,2021-06-21,1.9048,3.75,3.8611,3.172,high
Western Australia,2021-06-22,1.9048,3.75,3.8611,3.172,high
Western Australia,2021-06-23,1.9048,3.75,3.8611,3.172,high
Western Australia,2021-06-24,1.9048,3.75,3.8611,3.172,high
Western Australia,2021-06-25,1.9048,3.75,3.8611,3.172,high
Western Australia,2021-06-26,1.9048,3.75,3.8611,3.172,high
Western Australia,2021-06-27,2.4405,3.75,4.0694,3.42,high
Western Australia,2021-06-28,2.4405,3.75,4.0694,3.42,high
Western Australia,2021-06-29,3.8095,3.75,4.5556,4.0384,high
Western Australia,2021-06-30,3.8095,3.75,4.5556,4.0384,high
Western Australia,2021-07-01,3.8095,3.75,4.5556,4.0384,high
Western Australia,2021-07-02,3.8095,3.75,4.5556,4.0384,high
Western Australia,2021-07-03,2.9762,3.75,4.5556,3.7606,high
Western Australia,2021-07-04,2.9762,3.75,4.5556,3.7606,high
Western Australia,2021-07-05,2.9762,3.75,4.5556,3.7606,high
Western Australia,2021-07-06,2.7976,3.75,4.2778,3.6085,high
Western Australia,2021-07-07,2.7976,3.75,4.0694,3.539,high
Western Australia,2021-07-08,2.7976,3.75,4.0694,3.539,high
Western Australia,2021-07-09,2.4405,3.75,4.0694,3.42,high
Western Australia,2021-07-10,2.4405,3.75,4.0694,3.42,high
Western Australia,2021-07-11,2.4405,3.75,4.0694,3.42,high
Western Australia,2021-07-12,1.9048,3.75,3.5833,3.0794,high
Western Australia,2021-07-13,2.2619,3.75,3.5833,3.1984,high
Western Australia,2021-07-14,2.2619,3.75,3.5833,3.1984,high
Western Australia,2021-07-15,2.2619,3.75,3.5833,3.1984,high
Western Australia,2021-07-16,2.2619,3.75,3.5833,3.1984,high
Western Australia,2021-07-17,2.2619,3.75,3.5833,3.1984,high
Western Australia,2021-07-18,2.2619,3.75,3.5833,3.1984,high
Western Australia,2021-07-19,2.2619,3.75,3.5833,3.1984,high
Western Australia,2021-07-20,2.2619,3.75,3.5833,3.1984,high
Western Australia,2021-07-21,2.2619,3.75,3.5833,3.1984,high
Western Australia,2021-07-22,2.2619,3.75,3.5833,3.1984,high
Western Australia,2021-07-23,2.2619,3.75,3.5833,3.1984,high
Western Australia,2021-07-24,2.2619,3.75,3.5833,3.1984,high
Western Australia,2021-07-25,2.2619,3.75,3.5833,3.1984,high
Western Australia,2021-07-26,2.2619,3.75,3.5833,3.1984,high
Western Australia,2021-07-27,2.2619,3.75,3.5833,3.1984,high
Western Australia,2021-07-28,2.2619,3.75,3.5833,3.1984,high
Western Australia,2021-07-29,2.2619,3.75,3.5833,3.1984,high
Western Australia,2021-07-30,2.2619,3.75,3.5833,3.1984,high
Western Australia,2021-07-31,2.2619,3.75,3.5833,3.1984,high
Western Australia,2021-08-01,2.2619,3.75,4.0278,3.3466,high
Western Australia,2021-08-02,2.2619,3.75,4.0278,3.3466,high
Western Australia,2021-08-03,2.2619,3.75,4.0278,3.3466,high
Western Australia,2021-08-04,2.2619,3.75,4.0278,3.3466,high
Western Australia,2021-08-05,2.2619,3.75,4.0278,3.3466,high
Western Australia,2021-08-06,2.2619,3.75,4.0278,3.3466,high
Western Australia,2021-08-07,2.2619,3.75,4.0278,3.3466,high
Western Australia,2021-08-08,2.2619,3.75,4.0278,3.3466,high
Western Australia,2021-08-09,2.2619,3.75,4.0278,3.3466,high
Western Australia,2021-08-10,2.2619,3.75,4.0278,3.3466,high
Western Australia,2021-08-11,2.2619,3.75,4.0278,3.3466,high
Western Australia,2021-08-12,2.2619,3.75,4.0278,3.3466,high
Western Australia,2021-08-13,2.2619,3.75,4.0278,3.3466,high
Western Australia,2021-08-14,2.2619,3.75,4.0278,3.3466,high
Western Australia,2021-08-15,2.2619,3.75,4.0278,3.3466,high
Western Australia,2021-08-16,2.2619,3.75,4.0278,3.3466,high
Western Australia,2021-08-17,2.2619,3.75,4.0278,3.3466,high
Western Australia,2021-08-18,2.2619,3.75,4.0278,3.3466,high
Western Australia,2021-08-19,2.2619,3.75,4.0278,3.3466,high
Western Australia,2021-08-20,2.2619,3.75,4.0278,3.3466,high
Western Australia,2021-08-21,2.2619,3.75,4.0278,3.3466,high
Western Australia,2021-08-22,2.2619,3.75,4.0278,3.3466,high
Western Australia,2021-08-23,2.2619,3.75,4.0278,3.3466,high
Western Australia,2021-08-24,2.2619,3.75,4.0278,3.3466,high
Western Australia,2021-08-25,2.2619,3.75,4.0278,3.3466,high
Western Australia,2021-08-26,2.2619,3.75,4.0278,3.3466,high
Western Australia,2021-08-27,2.2619,3.75,4.0278,3.3466,high
Western Australia,2021-08-28,2.2619,3.75,4.0278,3.3466,high
Western Australia,2021-08-29,2.2619,3.75,4.0278,3.3466,high
Western Australia,2021-08-30,2.2619,3.75,4.0278,3.3466,high
Western Australia,2021-08-31,2.2619,3.75,4.0278,3.3466,high
Western Australia,2021-09-01,2.2619,3.75,4.0278,3.3466,high
Western Australia,2021-09-02,2.2619,3.75,4.0278,3.3466,high
Western Australia,2021-09-03,2.2619,3.75,4.0278,3.3466,high
Western Australia,2021-09-04,2.2619,3.75,4.0278,3.3466,high
Western Australia,2021-09-05,2.2619,3.75,4.0278,3.3466,high
Western Australia,2021-09-06,2.2619,3.75,4.0278,3.3466,high
Western Australia,2021-09-07,2.2619,3.75,4.0278,3.3466,high
Western Australia,2021-09-08,2.2619,3.75,4.0278,3.3466,high
Western Australia,2021-09-09,2.2619,3.75,4.0278,3.3466,high
Western Australia,2021-09-10,2.2619,3.75,4.0278,3.3466,high
Western Australia,2021-09-11,2.2619,3.75,4.0278,3.3466,high
Western Australia,2021-09-12,2.2619,3.75,4.0278,3.3466,high
Western Australia,2021-09-13,2.2619,3.75,4.0278,3.3466,high
Western Australia,2021-09-14,2.2619,3.75,4.0278,3.3466,high
Western Australia,2021-09-15,2.2619,3.75,4.0278,3.3466,high
Western Australia,2021-09-16,2.2619,3.75,4.0278,3.3466,high
Western Australia,2021-09-17,2.2619,3.75,4.0278,3.3466,high
Western Australia,2021-09-18,2.2619,3.75,4.0278,3.3466,high
Western Australia,2021-09-19,2.2619,3.75,4.0278,3.3466,high
Western Australia,2021-09-20,2.2619,3.75,4.0278,3.3466,high
Western Australia,2021-09-21,2.2619,3.75,4.0278,3.3466,high
Western Australia,2021-09-22,2.2619,3.75,4.0278,3.3466,high
Western Australia,2021-09-23,2.2619,3.75,4.0278,3.3466,high
Western Australia,2021-09-24,2.2619,3.75,4.0278,3.3466,high
Western Australia,2021-09-25,2.2619,3.75,4.0278,3.3466,high
Western Australia,2021-09-26,2.2619,3.75,4.0278,3.3466,high
Western Australia,2021-09-27,2.2619,3.75,4.0278,3.3466,high
Western Australia,2021-09-28,2.2619,3.75,4.0278,3.3466,high
Western Australia,2021-09-29,2.2619,3.75,4.0278,3.3466,high
Western Australia,2021-09-30,2.2619,3.75,4.0278,3.3466,high
Western Australia,2021-10-01,2.619,3.75,4.0278,3.4656,high
Western Australia,2021-10-02,2.619,3.75,4.0278,3.4656,high
Western Australia,2021-10-03,2.619,3.75,4.0278,3.4656,high
Western Australia,2021-10-04,2.619,3.75,4.0278,3.4656,high
Western Australia,2021-10-05,2.619,3.75,4.0278,3.4656,high
Western Australia,2021-10-06,2.619,3.75,4.0278,3.4656,high
Western Australia,2021-10-07,2.619,3.75,4.0278,3.4656,high
Western Australia,2021-10-08,2.619,5.0,4.0278,3.8823,high
Western Australia,2021-10-09,2.619,5.0,4.0278,3.8823,high
Western Australia,2021-10-10,2.619,5.0,4.0278,3.8823,high
Western Australia,2021-10-11,2.619,5.0,4.0278,3.8823,high
Western Australia,2021-10-12,2.619,5.0,4.0278,3.8823,high
Western Australia,2021-10-13,2.619,5.0,4.0278,3.8823,high
Western Australia,2021-10-14,2.619,5.0,4.0278,3.8823,high
Western Australia,2021-10-15,2.619,5.0,4.0278,3.8823,high
Western Australia,2021-10-16,2.619,5.0,4.0278,3.8823,high
Western Australia,2021-10-17,2.619,5.0,4.0278,3.8823,high
Western Australia,2021-10-18,2.619,5.0,4.0278,3.8823,high
Western Australia,2021-10-19,2.619,5.0,4.0278,3.8823,high
Western Australia,2021-10-20,2.4405,5.0,4.0278,3.8228,high
Western Australia,2021-10-21,2.4405,5.0,4.0278,3.8228,high
Western Australia,2021-10-22,2.4405,5.0,4.0278,3.8228,high
Western Australia,2021-10-23,2.4405,5.0,4.0278,3.8228,high
Western Australia,2021-10-24,2.4405,5.0,4.0278,3.8228,high
Western Australia,2021-10-25,2.4405,5.0,4.0278,3.8228,high
Western Australia,2021-10-26,2.4405,5.0,4.0278,3.8228,high
Western Australia,2021-10-27,2.4405,5.0,4.0278,3.8228,high
Western Australia,2021-10-28,2.4405,5.0,4.0278,3.8228,high
Western Australia,2021-10-29,2.4405,5.0,4.0278,3.8228,high
Western Australia,2021-10-30,2.4405,5.0,4.0278,3.8228,high
Western Australia,2021-10-31,2.4405,5.0,4.0278,3.8228,high
Western Australia,2021-11-01,2.0833,3.75,4.0278,3.287,high
Western Australia,2021-11-02,2.0833,3.75,4.0278,3.287,high
Western Australia,2021-11-03,2.0833,3.75,4.0278,3.287,high
Western Australia,2021-11-04,2.0833,3.75,4.0278,3.287,high
Western Australia,2021-11-05,2.0833,3.75,4.0278,3.287,high
Western Australia,2021-11-06,2.0833,3.75,4.0278,3.287,high
Western Australia,2021-11-07,2.0833,3.75,4.0278,3.287,high
Western Australia,2021-11-08,2.0833,3.75,4.0278,3.287,high
Western Australia,2021-11-09,2.0833,3.75,4.0278,3.287,high
Western Australia,2021-11-10,2.0833,3.75,4.0278,3.287,high
Western Australia,2021-11-11,2.0833,3.75,4.0278,3.287,high
Western Australia,2021-11-12,2.0833,3.75,4.0278,3.287,high
Western Australia,2021-11-13,2.0833,3.75,4.0278,3.287,high
Western Australia,2021-11-14,2.0833,3.75,4.0278,3.287,high
Western Australia,2021-11-15,2.0833,3.75,4.0278,3.287,high
Western Australia,2021-11-16,2.0833,3.75,4.0278,3.287,high
Western Australia,2021-11-17,2.0833,3.75,4.0278,3.287,high
Western Australia,2021-11-18,2.0833,3.75,4.0278,3.287,high
Western Australia,2021-11-19,2.0833,3.75,4.0278,3.287,high
Western Australia,2021-11-20,2.0833,3.75,4.0278,3.287,high
Western Australia,2021-11-21,2.0833,3.75,4.0278,3.287,high
Western Australia,2021-11-22,2.0833,3.75,4.0278,3.287,high
Western Australia,2021-11-23,2.0833,3.75,4.0278,3.287,high
Western Australia,2021-11-24,2.0833,3.75,4.0278,3.287,high
Western Australia,2021-11-25,2.0833,3.75,4.0278,3.287,high
Western Australia,2021-11-26,2.0833,3.75,4.0278,3.287,high
Western Australia,2021-11-27,2.4405,3.75,4.0278,3.4061,high
Western Australia,2021-11-28,2.4405,3.75,4.0278,3.4061,high
Western Australia,2021-11-29,2.4405,3.75,4.0278,3.4061,high
Western Australia,2021-11-30,2.4405,3.75,4.0278,3.4061,high
Western Australia,2021-12-01,2.4405,3.75,4.0278,3.4061,high
Western Australia,2021-12-02,2.4405,3.75,4.0278,3.4061,high
Western Australia,2021-12-03,2.4405,3.75,4.0278,3.4061,high
Western Australia,2021-12-04,2.4405,3.75,4.0278,3.4061,high
Western Australia,2021-12-05,2.4405,3.75,4.0278,3.4061,high
Western Australia,2021-12-06,2.4405,3.75,4.0278,3.4061,high
Western Australia,2021-12-07,2.4405,3.75,4.0278,3.4061,high
Western Australia,2021-12-08,2.4405,3.75,4.0278,3.4061,high
Western Australia,2021-12-09,2.4405,3.75,4.0278,3.4061,high
Western Australia,2021-12-10,2.4405,3.75,4.0278,3.4061,high
Western Australia,2021-12-11,2.4405,3.75,4.0278,3.4061,high
Western Australia,2021-12-12,2.4405,3.75,4.0278,3.4061,high
Western Australia,2021-12-13,2.4405,3.75,4.0278,3.4061,high
Western Australia,2021-12-14,2.4405,3.75,4.0278,3.4061,high
Western Australia,2021-12-15,2.4405,3.75,4.0278,3.4061,high
Western Australia,2021-12-16,2.0833,3.75,4.0278,3.287,high
Western Australia,2021-12-17,2.0833,3.75,4.0278,3.287,high
Western Australia,2021-12-18,2.0833,3.75,4.0278,3.287,high
Western Australia,2021-12-19,2.0833,3.75,4.0278,3.287,high
Western Australia,2021-12-20,2.0833,3.75,4.0278,3.287,high
Western Australia,2021-12-21,2.0833,3.75,4.0278,3.287,high
Western Australia,2021-12-22,2.0833,3.75,4.0278,3.287,high
Western Australia,2021-12-23,2.3214,3.75,4.0278,3.3664,high
Western Australia,2021-12-24,2.3214,3.75,4.0278,3.3664,high
Western Australia,2021-12-25,2.3214,3.75,4.0278,3.3664,high
Western Australia,2021-12-26,2.3214,3.75,4.0278,3.3664,high
Western Australia,2021-12-27,2.3214,3.75,4.0278,3.3664,high
Western Australia,2021-12-28,2.3214,3.75,4.0278,3.3664,high
Western Australia,2021-12-29,2.3214,3.75,4.0278,3.3664,high
Western Australia,2021-12-30,2.3214,3.75,4.0278,3.3664,high
Western Australia,2021-12-31,2.3214,3.75,4.0278,3.3664,high
Western Australia,2022-01-01,2.3214,3.75,4.0278,3.3664,high
Western Australia,2022-01-02,2.3214,3.75,4.0278,3.3664,high
Western Australia,2022-01-03,2.3214,3.75,4.0278,3.3664,high
Western Australia,2022-01-04,2.0833,3.75,4.0278,3.287,high
Western Australia,2022-01-05,2.0833,3.75,4.0278,3.287,high
Western Australia,2022-01-06,2.0833,3.75,4.0278,3.287,high
Western Australia,2022-01-07,2.0833,3.75,4.0278,3.287,high
Western Australia,2022-01-08,2.0833,3.75,4.0278,3.287,high
Western Australia,2022-01-09,2.0833,3.75,4.0278,3.287,high
Western Australia,2022-01-10,2.0833,3.75,4.0278,3.287,high
Western Australia,2022-01-11,2.0833,3.75,4.0278,3.287,high
Western Australia,2022-01-12,2.0833,3.75,4.0278,3.287,high
Western Australia,2022-01-13,2.0833,3.75,4.0278,3.287,high
Western Australia,2022-01-14,2.0833,3.75,4.2361,3.3565,high
Western Australia,2022-01-15,1.4881,1.25,4.2361,2.3247,medium
Western Australia,2022-01-16,1.4881,1.25,4.2361,2.3247,medium
Western Australia,2022-01-17,1.4881,1.25,4.2361,2.3247,medium
Western Australia,2022-01-18,1.4881,1.25,4.2361,2.3247,medium
Western Australia,2022-01-19,1.4881,1.25,4.2361,2.3247,medium
Western Australia,2022-01-20,1.4881,1.25,4.2361,2.3247,medium
Western Australia,2022-01-21,1.4881,1.25,4.2361,2.3247,medium
Western Australia,2022-01-22,1.4881,1.25,4.0278,2.2553,low
Western Australia,2022-01-23,1.4881,1.25,4.0278,2.2553,low
Western Australia,2022-01-24,1.4881,1.25,4.0278,2.2553,low
Western Australia,2022-01-25,1.4881,1.25,4.0278,2.2553,low
Western Australia,2022-01-26,1.4881,1.25,4.0278,2.2553,low
Western Australia,2022-01-27,1.4881,1.25,4.0278,2.2553,low
Western Australia,2022-01-28,1.4881,1.25,4.0278,2.2553,low
Western Australia,2022-01-29,1.4881,1.25,4.0278,2.2553,low
Western Australia,2022-01-30,1.4881,1.25,4.0278,2.2553,low
Western Australia,2022-01-31,1.4881,1.25,4.0278,2.2553,low
Western Australia,2022-02-01,1.4881,1.25,4.0278,2.2553,low
Western Australia,2022-02-02,1.4881,1.25,4.0278,2.2553,low
Western Australia,2022-02-03,1.4881,1.25,4.0278,2.2553,low
Western Australia,2022-02-04,1.4881,1.25,4.0278,2.2553,low
Western Australia,2022-02-05,1.4881,1.25,4.0278,2.2553,low
Western Australia,2022-02-06,1.4881,1.25,4.0278,2.2553,low
Western Australia,2022-02-07,1.4881,1.25,4.0278,2.2553,low
Western Australia,2022-02-08,1.4881,1.25,4.0278,2.2553,low
Western Australia,2022-02-09,1.4881,1.25,4.0278,2.2553,low
Western Australia,2022-02-10,1.4881,1.25,4.0278,2.2553,low
Western Australia,2022-02-11,1.4881,1.25,4.0278,2.2553,low
Western Australia,2022-02-12,1.4881,1.25,4.0278,2.2553,low
Western Australia,2022-02-13,1.4881,1.25,4.0278,2.2553,low
Western Australia,2022-02-14,1.4881,1.25,4.0278,2.2553,low
Western Australia,2022-02-15,1.4881,1.25,4.0278,2.2553,low
Western Australia,2022-02-16,1.4881,1.25,4.0278,2.2553,low
Western Australia,2022-02-17,1.4881,1.25,4.0278,2.2553,low
Western Australia,2022-02-18,1.4881,1.25,4.0278,2.2553,low
Western Australia,2022-02-19,1.4881,1.25,4.0278,2.2553,low
Western Australia,2022-02-20,1.4881,1.25,4.0278,2.2553,low
Western Australia,2022-02-21,2.2619,1.25,4.0278,2.5132,medium
Western Australia,2022-02-22,2.2619,1.25,4.0278,2.5132,medium
Western Australia,2022-02-23,2.2619,1.25,4.0278,2.5132,medium
Western Australia,2022-02-24,2.2619,1.25,4.0278,2.5132,medium
Western Australia,2022-02-25,2.2619,1.25,4.0278,2.5132,medium
Western Australia,2022-02-26,2.2619,1.25,4.0278,2.5132,medium
Western Australia,2022-02-27,2.2619,1.25,4.0278,2.5132,medium
Western Australia,2022-02-28,2.2619,1.25,4.0278,2.5132,medium
Western Australia,2022-03-01,2.2619,1.25,4.3056,2.6058,medium
Western Australia,2022-03-02,2.2619,1.25,4.3056,2.6058,medium
Western Australia,2022-03-03,1.9048,1.25,4.3056,2.4868,medium
Western Australia,2022-03-04,1.9048,1.25,4.3056,2.4868,medium
Western Australia,2022-03-05,1.9048,1.25,4.3056,2.4868,medium
Western Australia,2022-03-06,1.9048,1.25,4.3056,2.4868,medium
Western Australia,2022-03-07,1.9048,1.25,4.3056,2.4868,medium
Western Australia,2022-03-08,2.0833,1.25,4.3056,2.5463,medium
Western Australia,2022-03-09,2.0833,1.25,4.3056,2.5463,medium
Western Australia,2022-03-10,2.0833,1.25,4.3056,2.5463,medium
Western Australia,2022-03-11,2.0833,1.25,4.3056,2.5463,medium
Western Australia,2022-03-12,2.0833,1.25,4.3056,2.5463,medium
Western Australia,2022-03-13,2.0833,1.25,4.3056,2.5463,medium
Western Australia,2022-03-14,2.0833,1.25,4.3056,2.5463,medium
Western Australia,2022-03-15,2.0833,1.25,3.6111,2.3148,medium
Western Australia,2022-03-16,2.0833,1.25,3.6111,2.3148,medium
Western Australia,2022-03-17,2.0833,1.25,3.6111,2.3148,medium
Western Australia,2022-03-18,2.0833,1.25,3.6111,2.3148,medium
Western Australia,2022-03-19,2.0833,1.25,3.6111,2.3148,medium
Western Australia,2022-03-20,2.0833,1.25,3.6111,2.3148,medium
Western Australia,2022-03-21,2.0833,1.25,3.6111,2.3148,medium
Western Australia,2022-03-22,2.0833,1.25,4.0278,2.4537,medium
Western Australia,2022-03-23,2.0833,1.25,4.0278,2.4537,medium
Western Australia,2022-03-24,2.0833,1.25,4.0278,2.4537,medium
Western Australia,2022-03-25,2.0833,1.25,4.0278,2.4537,medium
Western Australia,2022-03-26,2.0833,1.25,4.0278,2.4537,medium
Western Australia,2022-03-27,2.0833,1.25,4.0278,2.4537,medium
Western Australia,2022-03-28,2.0833,1.25,4.0278,2.4537,medium
Western Australia,2022-03-29,2.0833,1.25,4.0278,2.4537,medium
Western Australia,2022-03-30,2.0833,1.25,4.0278,2.4537,medium
Western Australia,2022-03-31,1.9048,1.25,4.0278,2.3942,medium
Western Australia,2022-04-01,1.9048,1.25,4.0278,2.3942,medium
Western Australia,2022-04-02,1.9048,1.25,4.0278,2.3942,medium
Western Australia,2022-04-03,1.9048,1.25,4.0278,2.3942,medium
Western Australia,2022-04-04,1.9048,1.25,4.0278,2.3942,medium
Western Australia,2022-04-05,1.5476,1.25,3.6111,2.1362,low
Western Australia,2022-04-06,1.5476,1.25,3.6111,2.1362,low
Western Australia,2022-04-07,1.5476,1.25,3.6111,2.1362,low
Western Australia,2022-04-08,1.5476,1.25,3.6111,2.1362,low
Western Australia,2022-04-09,1.5476,1.25,3.6111,2.1362,low
Western Australia,2022-04-10,1.5476,1.25,3.6111,2.1362,low
Western Australia,2022-04-11,1.5476,1.25,3.6111,2.1362,low
Western Australia,2022-04-12,1.5476,1.25,3.6111,2.1362,low
Western Australia,2022-04-13,1.5476,1.25,3.6111,2.1362,low
Western Australia,2022-04-14,1.5476,1.25,3.6111,2.1362,low
Western Australia,2022-04-15,1.5476,1.25,3.6111,2.1362,low
Western Australia,2022-04-16,1.5476,1.25,3.6111,2.1362,low
Western Australia,2022-04-17,1.5476,1.25,3.6111,2.1362,low
Western Australia,2022-04-18,1.5476,1.25,3.6111,2.1362,low
Western Australia,2022-04-19,1.5476,1.25,3.6111,2.1362,low
Western Australia,2022-04-20,1.5476,1.25,3.6111,2.1362,low
Western Australia,2022-04-21,1.5476,1.25,3.6111,2.1362,low
Western Australia,2022-04-22,1.5476,1.25,3.6111,2.1362,low
Western Australia,2022-04-23,1.5476,1.25,3.6111,2.1362,low
Western Australia,2022-04-24,1.5476,1.25,3.6111,2.1362,low
Western Australia,2022-04-25,1.5476,1.25,3.6111,2.1362,low
Western Australia,2022-04-26,1.5476,1.25,3.6111,2.1362,low
Western Australia,2022-04-27,1.5476,1.25,3.6111,2.1362,low
Western Australia,2022-04-28,1.5476,1.25,3.6111,2.1362,low
Western Australia,2022-04-29,1.0119,1.25,3.6111,1.9577,low
Western Australia,2022-04-30,1.0119,1.25,3.6111,1.9577,low
Western Australia,2022-05-01,1.369,1.25,3.6111,2.0767,low
Western Australia,2022-05-02,1.369,1.25,3.6111,2.0767,low
Western Australia,2022-05-03,1.369,1.25,3.6111,2.0767,low
Western Australia,2022-05-04,1.369,1.25,3.6111,2.0767,low
Western Australia,2022-05-05,1.369,1.25,3.6111,2.0767,low
Western Australia,2022-05-06,1.369,1.25,3.6111,2.0767,low
Western Australia,2022-05-07,1.369,1.25,3.6111,2.0767,low
Western Australia,2022-05-08,1.369,1.25,3.6111,2.0767,low
Western Australia,2022-05-09,1.369,1.25,3.6111,2.0767,low
Western Australia,2022-05-10,1.369,1.25,3.6111,2.0767,low
Western Australia,2022-05-11,1.369,1.25,3.6111,2.0767,low
Western Australia,2022-05-12,1.369,1.25,3.6111,2.0767,low
Western Australia,2022-05-13,1.369,1.25,3.6111,2.0767,low
Western Australia,2022-05-14,1.369,1.25,3.6111,2.0767,low
Western Australia,2022-05-15,1.369,1.25,3.6111,2.0767,low
Western Australia,2022-05-16,1.369,1.25,3.6111,2.0767,low
Western Australia,2022-05-17,1.369,1.25,3.6111,2.0767,low
Western Australia,2022-05-18,1.369,1.25,3.6111,2.0767,low
Western Australia,2022-05-19,1.369,1.25,3.6111,2.0767,low
Western Australia,2022-05-20,1.369,1.25,3.6111,2.0767,low
Western Australia,2022-05-21,1.369,1.25,3.6111,2.0767,low
Western Australia,2022-05-22,1.369,1.25,3.6111,2.0767,low
Western Australia,2022-05-23,1.369,1.25,3.6111,2.0767,low
Western Australia,2022-05-24,1.369,1.25,3.6111,2.0767,low
Western Australia,2022-05-25,1.369,1.25,3.6111,2.0767,low
Western Australia,2022-05-26,1.369,1.25,3.6111,2.0767,low
Western Australia,2022-05-27,1.369,1.25,3.6111,2.0767,low
Western Australia,2022-05-28,1.369,1.25,3.6111,2.0767,low
Western Australia,2022-05-29,1.369,1.25,3.6111,2.0767,low
Western Australia,2022-05-30,1.369,1.25,3.6111,2.0767,low
Western Australia,2022-05-31,1.369,1.25,3.6111,2.0767,low
Western Australia,2022-06-01,1.369,1.25,3.6111,2.0767,low
Western Australia,2022-06-02,1.369,1.25,3.6111,2.0767,low
Western Australia,2022-06-03,1.369,1.25,3.6111,2.0767,low
Western Australia,2022-06-04,1.369,1.25,3.6111,2.0767,low
Western Australia,2022-06-05,1.369,1.25,3.6111,2.0767,low
Western Australia,2022-06-06,1.369,1.25,3.6111,2.0767,low
Western Australia,2022-06-07,1.369,1.25,3.6111,2.0767,low
Western Australia,2022-06-08,1.369,1.25,3.6111,2.0767,low
Western Australia,2022-06-09,1.369,1.25,3.6111,2.0767,low
Western Australia,2022-06-10,1.369,1.25,3.6111,2.0767,low
Western Australia,2022-06-11,1.369,1.25,3.6111,2.0767,low
Western Australia,2022-06-12,1.369,1.25,3.6111,2.0767,low
Western Australia,2022-06-13,1.369,1.25,3.6111,2.0767,low
Western Australia,2022-06-14,1.369,1.25,3.6111,2.0767,low
Western Australia,2022-06-15,1.369,1.25,3.6111,2.0767,low
Western Australia,2022-06-16,1.369,1.25,3.6111,2.0767,low
Western Australia,2022-06-17,1.369,1.25,3.6111,2.0767,low
Western Australia,2022-06-18,1.369,1.25,3.6111,2.0767,low
Western Australia,2022-06-19,1.369,1.25,3.6111,2.0767,low
Western Australia,2022-06-20,1.369,1.25,3.6111,2.0767,low
Western Australia,2022-06-21,1.369,1.25,3.6111,2.0767,low
Western Australia,2022-06-22,1.369,1.25,3.6111,2.0767,low
Western Australia,2022-06-23,1.369,1.25,3.6111,2.0767,low
Western Australia,2022-06-24,1.369,1.25,3.6111,2.0767,low
Western Australia,2022-06-25,1.369,1.25,3.6111,2.0767,low
Western Australia,2022-06-26,1.369,1.25,3.6111,2.0767,low
Western Australia,2022-06-27,1.369,1.25,3.6111,2.0767,low
Western Australia,2022-06-28,1.369,1.25,3.6111,2.0767,low
Western Australia,2022-06-29,1.369,1.25,3.6111,2.0767,low
Western Australia,2022-06-30,1.369,1.25,3.6111,2.0767,low
Western Australia,2022-07-01,0.6548,1.25,4.0278,1.9775,low
Western Australia,2022-07-02,0.6548,1.25,4.0278,1.9775,low
Western Australia,2022-07-03,0.6548,1.25,4.0278,1.9775,low
Western Australia,2022-07-04,0.6548,1.25,4.0278,1.9775,low
Western Australia,2022-07-05,0.6548,1.25,4.0278,1.9775,low
Western Australia,2022-07-06,0.4762,1.25,4.0278,1.918,low
Western Australia,2022-07-07,0.4762,1.25,4.0278,1.918,low
Western Australia,2022-07-08,0.4762,1.25,4.0278,1.918,low
Western Australia,2022-07-09,0.4762,1.25,4.0278,1.918,low
Western Australia,2022-07-10,0.4762,1.25,4.0278,1.918,low
Western Australia,2022-07-11,0.4762,1.25,4.0278,1.918,low
Western Australia,2022-07-12,0.4762,1.25,4.0278,1.918,low
Western Australia,2022-07-13,0.4762,1.25,4.0278,1.918,low
Western Australia,2022-07-14,0.4762,1.25,4.0278,1.918,low
Western Australia,2022-07-15,0.4762,1.25,4.0278,1.918,low
Western Australia,2022-07-16,0.4762,1.25,4.0278,1.918,low
Western Australia,2022-07-17,0.4762,1.25,4.0278,1.918,low
Western Australia,2022-07-18,0.4762,1.25,4.0278,1.918,low
Western Australia,2022-07-19,0.4762,1.25,4.0278,1.918,low
Western Australia,2022-07-20,0.4762,1.25,4.0278,1.918,low
Western Australia,2022-07-21,0.4762,1.25,4.0278,1.918,low
Western Australia,2022-07-22,0.4762,1.25,4.0278,1.918,low
Western Australia,2022-07-23,0.4762,1.25,4.0278,1.918,low
Western Australia,2022-07-24,0.4762,1.25,4.0278,1.918,low
Western Australia,2022-07-25,0.4762,1.25,4.0278,1.918,low
Western Australia,2022-07-26,0.4762,1.25,4.0278,1.918,low
Western Australia,2022-07-27,0.4762,1.25,4.0278,1.918,low
Western Australia,2022-07-28,0.4762,1.25,4.0278,1.918,low
Western Australia,2022-07-29,0.4762,1.25,4.0278,1.918,low
Western Australia,2022-07-30,0.4762,1.25,4.0278,1.918,low
Western Australia,2022-07-31,0.4762,1.25,4.0278,1.918,low
Western Australia,2022-08-01,0.4762,1.25,4.0278,1.918,low
Western Australia,2022-08-02,0.4762,1.25,4.0278,1.918,low
Western Australia,2022-08-03,0.4762,1.25,4.0278,1.918,low
Western Australia,2022-08-04,0.4762,1.25,4.0278,1.918,low
Western Australia,2022-08-05,0.4762,1.25,4.0278,1.918,low
Western Australia,2022-08-06,0.4762,1.25,4.0278,1.918,low
Western Australia,2022-08-07,0.4762,1.25,4.0278,1.918,low
Western Australia,2022-08-08,0.4762,1.25,4.0278,1.918,low
Western Australia,2022-08-09,0.4762,1.25,4.0278,1.918,low
Western Australia,2022-08-10,0.4762,1.25,4.0278,1.918,low
Western Australia,2022-08-11,0.4762,1.25,4.0278,1.918,low
Western Australia,2022-08-12,0.4762,1.25,4.0278,1.918,low
Western Australia,2022-08-13,0.4762,1.25,4.0278,1.918,low
Western Australia,2022-08-14,0.4762,1.25,4.0278,1.918,low
Western Australia,2022-08-15,0.4762,1.25,4.0278,1.918,low
Western Australia,2022-08-16,0.4762,1.25,4.0278,1.918,low
Western Australia,2022-08-17,0.4762,1.25,4.0278,1.918,low
Western Australia,2022-08-18,0.4762,1.25,4.0278,1.918,low
Western Australia,2022-08-19,0.4762,1.25,4.0278,1.918,low
Western Australia,2022-08-20,0.4762,1.25,4.0278,1.918,low
Western Australia,2022-08-21,0.4762,1.25,4.0278,1.918,low
Western Australia,2022-08-22,0.4762,1.25,4.0278,1.918,low
Western Australia,2022-08-23,0.4762,1.25,4.0278,1.918,low
Western Australia,2022-08-24,0.4762,1.25,4.0278,1.918,low
Western Australia,2022-08-25,0.4762,1.25,4.0278,1.918,low
Western Australia,2022-08-26,0.4762,1.25,4.0278,1.918,low
Western Australia,2022-08-27,0.4762,1.25,3.6111,1.7791,low
Western Australia,2022-08-28,0.4762,1.25,3.6111,1.7791,low
Western Australia,2022-08-29,0.4762,1.25,3.6111,1.7791,low
Western Australia,2022-08-30,0.4762,1.25,3.6111,1.7791,low
Western Australia,2022-08-31,0.4762,1.25,3.6111,1.7791,low
Western Australia,2022-09-01,0.4762,1.25,3.6111,1.7791,low
Western Australia,2022-09-02,0.4762,1.25,3.6111,1.7791,low
Western Australia,2022-09-03,0.4762,1.25,3.6111,1.7791,low
Western Australia,2022-09-04,0.4762,1.25,3.6111,1.7791,low
Western Australia,2022-09-05,0.4762,1.25,3.6111,1.7791,low
Western Australia,2022-09-06,0.4762,1.25,3.6111,1.7791,low
Western Australia,2022-09-07,0.4762,1.25,3.6111,1.7791,low
Western Australia,2022-09-08,0.4762,1.25,3.6111,1.7791,low
Western Australia,2022-09-09,0.4762,1.25,3.6111,1.7791,low
Western Australia,2022-09-10,0.4762,1.25,3.6111,1.7791,low
Western Australia,2022-09-11,0.4762,1.25,3.6111,1.7791,low
Western Australia,2022-09-12,0.4762,1.25,3.6111,1.7791,low
Western Australia,2022-09-13,0.4762,1.25,3.6111,1.7791,low
Western Australia,2022-09-14,0.4762,1.25,3.6111,1.7791,low
Western Australia,2022-09-15,0.4762,1.25,3.6111,1.7791,low
Western Australia,2022-09-16,0.4762,1.25,3.6111,1.7791,low
Western Australia,2022-09-17,0.4762,1.25,3.6111,1.7791,low
Western Australia,2022-09-18,0.4762,1.25,3.6111,1.7791,low
Western Australia,2022-09-19,0.4762,1.25,3.6111,1.7791,low
Western Australia,2022-09-20,0.4762,1.25,3.6111,1.7791,low
Western Australia,2022-09-21,0.4762,1.25,3.6111,1.7791,low
Western Australia,2022-09-22,0.4762,1.25,3.6111,1.7791,low
Western Australia,2022-09-23,0.4762,1.25,3.6111,1.7791,low
Western Australia,2022-09-24,0.4762,1.25,3.6111,1.7791,low
Western Australia,2022-09-25,0.4762,1.25,3.6111,1.7791,low
Western Australia,2022-09-26,0.4762,1.25,3.6111,1.7791,low
Western Australia,2022-09-27,0.4762,1.25,3.6111,1.7791,low
Western Australia,2022-09-28,0.4762,1.25,3.6111,1.7791,low
Western Australia,2022-09-29,0.4762,1.25,3.6111,1.7791,low
Western Australia,2022-09-30,0.4762,1.25,3.6111,1.7791,low
Western Australia,2022-10-01,0.4762,1.25,3.6111,1.7791,low
Western Australia,2022-10-02,0.4762,1.25,3.6111,1.7791,low
Western Australia,2022-10-03,0.4762,1.25,3.6111,1.7791,low
Western Australia,2022-10-04,0.4762,1.25,3.6111,1.7791,low
Western Australia,2022-10-05,0.4762,1.25,3.6111,1.7791,low
Western Australia,2022-10-06,0.4762,1.25,3.6111,1.7791,low
Western Australia,2022-10-07,0.4762,1.25,3.6111,1.7791,low
Western Australia,2022-10-08,0.4762,1.25,3.6111,1.7791,low
Western Australia,2022-10-09,0.4762,1.25,3.6111,1.7791,low
Western Australia,2022-10-10,0.4762,1.25,3.6111,1.7791,low
Western Australia,2022-10-11,0.4762,1.25,3.6111,1.7791,low
Western Australia,2022-10-12,0.4762,1.25,3.6111,1.7791,low
Western Australia,2022-10-13,0.4762,1.25,3.6111,1.7791,low
Western Australia,2022-10-14,0.4762,0.0,3.6111,1.3624,low
Western Australia,2022-10-15,0.4762,0.0,3.6111,1.3624,low
Western Australia,2022-10-16,0.4762,0.0,3.6111,1.3624,low
Western Australia,2022-10-17,0.4762,0.0,3.6111,1.3624,low
Western Australia,2022-10-18,0.4762,0.0,3.6111,1.3624,low
Western Australia,2022-10-19,0.4762,0.0,3.6111,1.3624,low
Western Australia,2022-10-20,0.4762,0.0,3.6111,1.3624,low
Western Australia,2022-10-21,0.4762,0.0,3.6111,1.3624,low
Western Australia,2022-10-22,0.4762,0.0,3.6111,1.3624,low
Western Australia,2022-10-23,0.4762,0.0,3.6111,1.3624,low
Western Australia,2022-10-24,0.4762,0.0,3.6111,1.3624,low
Western Australia,2022-10-25,0.4762,0.0,3.6111,1.3624,low
Western Australia,2022-10-26,0.4762,0.0,3.6111,1.3624,low
Western Australia,2022-10-27,0.4762,0.0,3.6111,1.3624,low
Western Australia,2022-10-28,0.4762,0.0,3.6111,1.3624,low
Western Australia,2022-10-29,0.4762,0.0,3.6111,1.3624,low
Western Australia,2022-10-30,0.4762,0.0,3.6111,1.3624,low
Western Australia,2022-10-31,0.4762,0.0,3.6111,1.3624,low
Western Australia,2022-11-01,0.4762,0.0,3.6111,1.3624,low
Western Australia,2022-11-02,0.4762,0.0,3.6111,1.3624,low
Western Australia,2022-11-03,0.4762,0.0,3.6111,1.3624,low
Western Australia,2022-11-04,0.2381,0.0,2.7083,0.9821,low
Western Australia,2022-11-05,0.2381,0.0,2.7083,0.9821,low
Western Australia,2022-11-06,0.2381,0.0,2.7083,0.9821,low
Western Australia,2022-11-07,0.2381,0.0,2.7083,0.9821,low
Western Australia,2022-11-08,0.2381,0.0,2.7083,0.9821,low
Western Australia,2022-11-09,0.2381,0.0,2.7083,0.9821,low
Western Australia,2022-11-10,0.2381,0.0,2.7083,0.9821,low
Western Australia,2022-11-11,0.2381,0.0,2.7083,0.9821,low
Western Australia,2022-11-12,0.2381,0.0,2.7083,0.9821,low
Western Australia,2022-11-13,0.2381,0.0,2.7083,0.9821,low
Western Australia,2022-11-14,0.2381,0.0,2.7083,0.9821,low
Western Australia,2022-11-15,0.2381,0.0,2.7083,0.9821,low
Western Australia,2022-11-16,0.2381,0.0,2.7083,0.9821,low
Western Australia,2022-11-17,0.2381,0.0,2.7083,0.9821,low
Western Australia,2022-11-18,0.2381,0.0,2.7083,0.9821,low
Western Australia,2022-11-19,0.2381,0.0,2.7083,0.9821,low
Western Australia,2022-11-20,0.2381,0.0,2.7083,0.9821,low
Western Australia,2022-11-21,0.2381,0.0,2.7083,0.9821,low
Western Australia,2022-11-22,0.2381,0.0,2.7083,0.9821,low
Western Australia,2022-11-23,0.2381,0.0,2.7083,0.9821,low
Western Australia,2022-11-24,0.2381,0.0,2.7083,0.9821,low
Western Australia,2022-11-25,0.2381,0.0,2.7083,0.9821,low
Western Australia,2022-11-26,0.2381,0.0,2.7083,0.9821,low
Western Australia,2022-11-27,0.2381,0.0,2.7083,0.9821,low
Western Australia,2022-11-28,0.2381,0.0,2.7083,0.9821,low
Western Australia,2022-11-29,0.2381,0.0,2.7083,0.9821,low
Western Australia,2022-11-30,0.2381,0.0,2.7083,0.9821,low
Western Australia,2022-12-01,0.2381,0.0,2.7083,0.9821,low
Western Australia,2022-12-02,0.2381,0.0,2.7083,0.9821,low
Western Australia,2022-12-03,0.2381,0.0,2.7083,0.9821,low
Western Australia,2022-12-04,0.2381,0.0,2.7083,0.9821,low
Western Australia,2022-12-05,0.2381,0.0,2.7083,0.9821,low
Western Australia,2022-12-06,0.2381,0.0,2.7083,0.9821,low
Western Australia,2022-12-07,0.2381,0.0,2.7083,0.9821,low
Western Australia,2022-12-08,0.2381,0.0,2.7083,0.9821,low
Western Australia,2022-12-09,0.2381,0.0,2.7083,0.9821,low
Western Australia,2022-12-10,0.2381,0.0,2.7083,0.9821,low
Western Australia,2022-12-11,0.2381,0.0,2.7083,0.9821,low
Western Australia,2022-12-12,0.2381,0.0,2.7083,0.9821,low
Western Australia,2022-12-13,0.2381,0.0,2.7083,0.9821,low
Western Australia,2022-12-14,0.2381,0.0,2.7083,0.9821,low
Western Australia,2022-12-15,0.2381,0.0,2.7083,0.9821,low
Western Australia,2022-12-16,0.2381,0.0,2.7083,0.9821,low
Western Australia,2022-12-17,0.2381,0.0,2.7083,0.9821,low
Western Australia,2022-12-18,0.2381,0.0,2.7083,0.9821,low
Western Australia,2022-12-19,0.2381,0.0,2.7083,0.9821,low
Western Australia,2022-12-20,0.2381,0.0,2.7083,0.9821,low
Western Australia,2022-12-21,0.2381,0.0,2.7083,0.9821,low
Western Australia,2022-12-22,0.2381,0.0,2.7083,0.9821,low
Western Australia,2022-12-23,0.2381,0.0,2.7083,0.9821,low
Western Australia,2022-12-24,0.2381,0.0,2.7083,0.9821,low
Western Australia,2022-12-25,0.2381,0.0,2.7083,0.9821,low
Western Australia,2022-12-26,0.2381,0.0,2.7083,0.9821,low
Western Australia,2022-12-27,0.2381,0.0,2.7083,0.9821,low
Western Australia,2022-12-28,0.2381,0.0,2.7083,0.9821,low
Western Australia,2022-12-29,0.2381,0.0,2.7083,0.9821,low
Western Australia,2022-12-30,0.2381,0.0,2.7083,0.9821,low
Western Australia,2022-12-31,0.2381,0.0,2.7083,0.9821,low
